id,country
1,US
2,US
3,CA
4,US
5,US
6,US
7,GB
8,US
9,CA
10,DE
11,GB
12,GB
13,US
14,GB
15,US
16,US
17,DE
18,CA
19,US
20,GB
21,GB
22,GB
23,CA
24,CA
25,DE
26,GB
27,US
28,GB
29,CA
30,GB
31,CA
32,CA
33,US
34,CA
35,DE
36,GB
37,GB
38,GB
39,DE
40,DE
41,US
42,CA
43,CA
44,US
45,GB
46,GB
47,DE
48,US
49,DE
50,GB
51,GB
52,US
53,CA
54,CA
55,CA
56,DE
57,GB
58,CA
59,CA
60,GB
61,US
62,GB
63,DE
64,DE
65,CA
66,GB
67,CA
68,CA
69,US
70,US
71,CA
72,US
73,GB
74,DE
75,DE
76,CA
77,DE
78,DE
79,CA
80,US
81,DE
82,DE
83,US
84,CA
85,GB
86,CA
87,DE
88,US
89,CA
90,DE
91,DE
92,GB
93,DE
94,DE
95,GB
96,DE
97,CA
98,GB
99,US
100,CA
101,US
102,US
103,US
104,US
105,DE
106,DE
107,CA
108,US
109,DE
110,DE
111,DE
112,CA
113,DE
114,GB
115,CA
116,US
117,DE
118,CA
119,DE
120,DE
121,US
122,US
123,CA
124,US
125,DE
126,GB
127,CA
128,CA
129,DE
130,US
131,GB
132,US
133,CA
134,CA
135,CA
136,CA
137,CA
138,GB
139,GB
140,CA
141,US
142,DE
143,US
144,CA
145,US
146,CA
147,DE
148,US
149,CA
150,DE
151,CA
152,DE
153,GB
154,US
155,CA
156,CA
157,US
158,CA
159,DE
160,CA
161,CA
162,GB
163,US
164,GB
165,CA
166,DE
167,CA
168,CA
169,DE
170,GB
171,GB
172,GB
173,CA
174,US
175,GB
176,GB
177,DE
178,GB
179,CA
180,US
181,CA
182,US
183,DE
184,CA
185,DE
186,GB
187,DE
188,DE
189,DE
190,CA
191,GB
192,US
193,CA
194,US
195,GB
196,CA
197,DE
198,CA
199,CA
200,GB
201,US
202,DE
203,CA
204,DE
205,US
206,US
207,US
208,DE
209,US
210,GB
211,CA
212,CA
213,DE
214,DE
215,CA
216,US
217,CA
218,US
219,DE
220,DE
221,DE
222,DE
223,DE
224,CA
225,CA
226,GB
227,US
228,DE
229,GB
230,US
231,GB
232,GB
233,US
234,US
235,GB
236,GB
237,GB
238,GB
239,DE
240,US
241,US
242,CA
243,CA
244,DE
245,DE
246,GB
247,GB
248,DE
249,CA
250,GB
251,DE
252,GB
253,GB
254,US
255,CA
256,US
257,CA
258,GB
259,GB
260,US
261,GB
262,US
263,GB
264,DE
265,DE
266,DE
267,US
268,CA
269,DE
270,DE
271,GB
272,DE
273,US
274,GB
275,US
276,US
277,DE
278,US
279,US
280,CA
281,GB
282,GB
283,DE
284,GB
285,US
286,GB
287,DE
288,US
289,US
290,DE
291,US
292,US
293,DE
294,CA
295,US
296,US
297,US
298,CA
299,GB
300,US
301,US
302,CA
303,US
304,GB
305,CA
306,GB
307,DE
308,DE
309,DE
310,GB
311,DE
312,CA
313,DE
314,DE
315,CA
316,US
317,US
318,CA
319,DE
320,DE
321,US
322,US
323,US
324,DE
325,CA
326,DE
327,CA
328,GB
329,US
330,CA
331,CA
332,US
333,GB
334,DE
335,GB
336,CA
337,CA
338,GB
339,GB
340,DE
341,GB
342,GB
343,CA
344,US
345,GB
346,GB
347,GB
348,DE
349,CA
350,GB
351,US
352,GB
353,CA
354,GB
355,US
356,DE
357,DE
358,DE
359,GB
360,CA
361,US
362,CA
363,US
364,US
365,DE
366,CA
367,CA
368,CA
369,CA
370,CA
371,US
372,DE
373,DE
374,CA
375,US
376,DE
377,CA
378,GB
379,DE
380,CA
381,GB
382,GB
383,CA
384,GB
385,GB
386,US
387,CA
388,CA
389,CA
390,GB
391,GB
392,DE
393,DE
394,DE
395,DE
396,CA
397,DE
398,GB
399,GB
400,GB
401,US
402,CA
403,GB
404,CA
405,CA
406,US
407,CA
408,DE
409,CA
410,GB
411,DE
412,DE
413,DE
414,GB
415,DE
416,US
417,GB
418,CA
419,DE
420,CA
421,DE
422,CA
423,DE
424,GB
425,DE
426,US
427,CA
428,DE
429,CA
430,DE
431,CA
432,US
433,DE
434,US
435,GB
436,US
437,US
438,GB
439,GB
440,DE
441,US
442,US
443,US
444,GB
445,CA
446,DE
447,DE
448,DE
449,DE
450,GB
451,GB
452,GB
453,DE
454,DE
455,US
456,GB
457,CA
458,US
459,DE
460,GB
461,US
462,US
463,GB
464,GB
465,GB
466,CA
467,GB
468,CA
469,CA
470,US
471,CA
472,DE
473,CA
474,US
475,CA
476,GB
477,CA
478,DE
479,GB
480,DE
481,DE
482,US
483,CA
484,DE
485,GB
486,US
487,GB
488,CA
489,DE
490,US
491,GB
492,GB
493,CA
494,GB
495,GB
496,US
497,US
498,CA
499,DE
500,US
501,US
502,CA
503,GB
504,GB
505,US
506,US
507,CA
508,DE
509,DE
510,GB
511,GB
512,DE
513,US
514,GB
515,DE
516,DE
517,US
518,DE
519,GB
520,DE
521,DE
522,GB
523,GB
524,GB
525,US
526,CA
527,GB
528,US
529,CA
530,GB
531,GB
532,US
533,GB
534,DE
535,DE
536,CA
537,GB
538,GB
539,CA
540,DE
541,CA
542,CA
543,DE
544,GB
545,CA
546,CA
547,GB
548,DE
549,CA
550,US
551,CA
552,DE
553,US
554,DE
555,CA
556,US
557,CA
558,CA
559,GB
560,GB
561,GB
562,CA
563,CA
564,US
565,CA
566,GB
567,CA
568,US
569,GB
570,US
571,GB
572,DE
573,US
574,DE
575,US
576,CA
577,CA
578,DE
579,DE
580,CA
581,GB
582,GB
583,US
584,GB
585,US
586,US
587,GB
588,GB
589,DE
590,GB
591,GB
592,DE
593,CA
594,US
595,DE
596,GB
597,US
598,GB
599,GB
600,CA
601,GB
602,CA
603,US
604,GB
605,CA
606,US
607,CA
608,CA
609,CA
610,CA
611,DE
612,US
613,GB
614,DE
615,CA
616,US
617,DE
618,DE
619,US
620,GB
621,GB
622,US
623,CA
624,GB
625,US
626,DE
627,CA
628,CA
629,US
630,CA
631,DE
632,GB
633,GB
634,CA
635,GB
636,GB
637,DE
638,US
639,DE
640,DE
641,CA
642,DE
643,CA
644,US
645,DE
646,DE
647,GB
648,CA
649,US
650,GB
651,US
652,GB
653,US
654,CA
655,US
656,CA
657,GB
658,CA
659,GB
660,US
661,CA
662,GB
663,CA
664,US
665,CA
666,CA
667,GB
668,DE
669,US
670,GB
671,GB
672,CA
673,CA
674,DE
675,CA
676,GB
677,US
678,US
679,DE
680,GB
681,CA
682,US
683,CA
684,US
685,GB
686,US
687,DE
688,GB
689,GB
690,GB
691,US
692,CA
693,CA
694,GB
695,GB
696,CA
697,CA
698,US
699,CA
700,DE
701,DE
702,GB
703,CA
704,GB
705,US
706,US
707,US
708,CA
709,DE
710,DE
711,CA
712,DE
713,DE
714,US
715,CA
716,DE
717,DE
718,US
719,DE
720,US
721,GB
722,DE
723,GB
724,US
725,DE
726,US
727,US
728,GB
729,GB
730,CA
731,GB
732,CA
733,DE
734,CA
735,CA
736,CA
737,US
738,US
739,DE
740,US
741,GB
742,DE
743,GB
744,CA
745,CA
746,CA
747,DE
748,DE
749,CA
750,GB
751,CA
752,GB
753,DE
754,GB
755,GB
756,GB
757,GB
758,DE
759,CA
760,DE
761,DE
762,DE
763,DE
764,DE
765,US
766,DE
767,DE
768,DE
769,GB
770,US
771,GB
772,US
773,DE
774,GB
775,DE
776,CA
777,CA
778,DE
779,DE
780,US
781,US
782,DE
783,US
784,GB
785,US
786,GB
787,DE
788,CA
789,DE
790,GB
791,US
792,GB
793,DE
794,US
795,GB
796,DE
797,GB
798,DE
799,US
800,DE
801,CA
802,DE
803,DE
804,GB
805,DE
806,DE
807,DE
808,DE
809,US
810,CA
811,CA
812,GB
813,US
814,CA
815,DE
816,GB
817,DE
818,US
819,US
820,DE
821,GB
822,GB
823,DE
824,DE
825,DE
826,GB
827,DE
828,US
829,GB
830,US
831,GB
832,GB
833,GB
834,GB
835,CA
836,CA
837,US
838,US
839,GB
840,CA
841,DE
842,CA
843,CA
844,US
845,CA
846,CA
847,CA
848,GB
849,US
850,US
851,CA
852,GB
853,CA
854,GB
855,US
856,GB
857,CA
858,CA
859,DE
860,DE
861,US
862,DE
863,GB
864,CA
865,US
866,GB
867,CA
868,CA
869,CA
870,CA
871,DE
872,CA
873,GB
874,US
875,GB
876,CA
877,CA
878,US
879,CA
880,CA
881,CA
882,CA
883,DE
884,DE
885,GB
886,DE
887,CA
888,US
889,DE
890,GB
891,DE
892,US
893,CA
894,DE
895,DE
896,US
897,US
898,CA
899,US
900,US
901,US
902,CA
903,US
904,DE
905,DE
906,US
907,US
908,CA
909,GB
910,CA
911,CA
912,CA
913,CA
914,US
915,DE
916,US
917,GB
918,GB
919,CA
920,GB
921,DE
922,GB
923,GB
924,GB
925,DE
926,DE
927,GB
928,CA
929,CA
930,DE
931,GB
932,GB
933,GB
934,US
935,US
936,CA
937,GB
938,CA
939,CA
940,GB
941,DE
942,US
943,GB
944,US
945,DE
946,GB
947,US
948,DE
949,DE
950,DE
951,CA
952,US
953,DE
954,US
955,DE
956,CA
957,GB
958,US
959,GB
960,GB
961,US
962,US
963,US
964,DE
965,GB
966,GB
967,GB
968,CA
969,CA
970,US
971,US
972,GB
973,GB
974,DE
975,CA
976,GB
977,DE
978,DE
979,GB
980,CA
981,DE
982,CA
983,CA
984,GB
985,CA
986,US
987,GB
988,US
989,DE
990,GB
991,CA
992,DE
993,US
994,US
995,US
996,GB
997,CA
998,US
999,CA
1000,GB
1001,US
1002,DE
1003,CA
1004,US
1005,CA
1006,CA
1007,US
1008,CA
1009,US
1010,US
1011,DE
1012,CA
1013,CA
1014,CA
1015,US
1016,CA
1017,GB
1018,DE
1019,CA
1020,CA
1021,CA
1022,CA
1023,GB
1024,US
1025,GB
1026,DE
1027,US
1028,CA
1029,GB
1030,GB
1031,CA
1032,DE
1033,DE
1034,CA
1035,US
1036,DE
1037,DE
1038,GB
1039,CA
1040,GB
1041,US
1042,CA
1043,GB
1044,GB
1045,DE
1046,DE
1047,CA
1048,DE
1049,CA
1050,US
1051,DE
1052,CA
1053,DE
1054,US
1055,GB
1056,CA
1057,GB
1058,CA
1059,DE
1060,US
1061,CA
1062,GB
1063,US
1064,US
1065,DE
1066,US
1067,US
1068,DE
1069,CA
1070,DE
1071,US
1072,US
1073,US
1074,US
1075,US
1076,CA
1077,CA
1078,US
1079,GB
1080,GB
1081,US
1082,US
1083,DE
1084,GB
1085,DE
1086,US
1087,GB
1088,CA
1089,DE
1090,CA
1091,CA
1092,CA
1093,CA
1094,US
1095,GB
1096,DE
1097,GB
1098,DE
1099,US
1100,DE
1101,GB
1102,US
1103,DE
1104,DE
1105,DE
1106,GB
1107,US
1108,GB
1109,US
1110,DE
1111,GB
1112,DE
1113,US
1114,GB
1115,US
1116,US
1117,GB
1118,DE
1119,CA
1120,US
1121,DE
1122,GB
1123,US
1124,CA
1125,US
1126,US
1127,US
1128,US
1129,DE
1130,CA
1131,CA
1132,GB
1133,GB
1134,US
1135,US
1136,DE
1137,CA
1138,US
1139,GB
1140,DE
1141,GB
1142,DE
1143,DE
1144,GB
1145,CA
1146,CA
1147,US
1148,DE
1149,DE
1150,US
1151,GB
1152,CA
1153,CA
1154,US
1155,CA
1156,GB
1157,US
1158,DE
1159,GB
1160,GB
1161,GB
1162,GB
1163,US
1164,DE
1165,CA
1166,US
1167,CA
1168,GB
1169,CA
1170,GB
1171,GB
1172,GB
1173,CA
1174,US
1175,US
1176,US
1177,GB
1178,DE
1179,CA
1180,DE
1181,CA
1182,US
1183,US
1184,CA
1185,CA
1186,US
1187,CA
1188,GB
1189,CA
1190,CA
1191,US
1192,US
1193,US
1194,GB
1195,DE
1196,CA
1197,GB
1198,DE
1199,US
1200,DE
1201,US
1202,US
1203,GB
1204,DE
1205,CA
1206,GB
1207,CA
1208,US
1209,US
1210,DE
1211,CA
1212,CA
1213,GB
1214,CA
1215,CA
1216,GB
1217,DE
1218,GB
1219,DE
1220,GB
1221,GB
1222,DE
1223,GB
1224,US
1225,DE
1226,US
1227,DE
1228,CA
1229,CA
1230,DE
1231,CA
1232,US
1233,GB
1234,GB
1235,US
1236,GB
1237,CA
1238,DE
1239,US
1240,DE
1241,US
1242,US
1243,GB
1244,GB
1245,CA
1246,DE
1247,DE
1248,US
1249,DE
1250,DE
1251,DE
1252,GB
1253,CA
1254,US
1255,DE
1256,US
1257,US
1258,GB
1259,US
1260,DE
1261,DE
1262,GB
1263,GB
1264,GB
1265,US
1266,US
1267,US
1268,GB
1269,CA
1270,GB
1271,US
1272,CA
1273,DE
1274,US
1275,DE
1276,CA
1277,CA
1278,DE
1279,US
1280,CA
1281,DE
1282,CA
1283,CA
1284,US
1285,CA
1286,DE
1287,DE
1288,CA
1289,DE
1290,GB
1291,US
1292,GB
1293,DE
1294,CA
1295,GB
1296,CA
1297,US
1298,US
1299,DE
1300,DE
1301,US
1302,CA
1303,CA
1304,GB
1305,CA
1306,DE
1307,CA
1308,GB
1309,DE
1310,GB
1311,GB
1312,CA
1313,US
1314,DE
1315,DE
1316,US
1317,CA
1318,GB
1319,GB
1320,DE
1321,US
1322,US
1323,DE
1324,CA
1325,US
1326,US
1327,GB
1328,DE
1329,DE
1330,DE
1331,DE
1332,GB
1333,DE
1334,DE
1335,US
1336,GB
1337,US
1338,CA
1339,US
1340,DE
1341,CA
1342,US
1343,US
1344,US
1345,GB
1346,GB
1347,DE
1348,CA
1349,DE
1350,US
1351,GB
1352,US
1353,GB
1354,US
1355,US
1356,CA
1357,GB
1358,US
1359,DE
1360,DE
1361,CA
1362,GB
1363,DE
1364,US
1365,DE
1366,CA
1367,CA
1368,CA
1369,DE
1370,GB
1371,CA
1372,DE
1373,DE
1374,GB
1375,US
1376,US
1377,CA
1378,DE
1379,GB
1380,US
1381,DE
1382,GB
1383,DE
1384,GB
1385,DE
1386,US
1387,US
1388,CA
1389,US
1390,GB
1391,US
1392,GB
1393,DE
1394,CA
1395,US
1396,US
1397,US
1398,CA
1399,DE
1400,GB
1401,CA
1402,CA
1403,US
1404,GB
1405,DE
1406,US
1407,DE
1408,DE
1409,US
1410,CA
1411,GB
1412,US
1413,CA
1414,DE
1415,CA
1416,US
1417,DE
1418,CA
1419,US
1420,US
1421,US
1422,CA
1423,US
1424,US
1425,US
1426,CA
1427,DE
1428,DE
1429,GB
1430,GB
1431,GB
1432,CA
1433,GB
1434,US
1435,CA
1436,US
1437,US
1438,GB
1439,US
1440,CA
1441,CA
1442,US
1443,GB
1444,CA
1445,US
1446,US
1447,CA
1448,DE
1449,CA
1450,DE
1451,US
1452,CA
1453,GB
1454,US
1455,DE
1456,CA
1457,DE
1458,CA
1459,CA
1460,CA
1461,US
1462,CA
1463,GB
1464,GB
1465,CA
1466,CA
1467,US
1468,DE
1469,GB
1470,GB
1471,DE
1472,US
1473,DE
1474,US
1475,CA
1476,GB
1477,GB
1478,DE
1479,GB
1480,DE
1481,US
1482,DE
1483,DE
1484,CA
1485,GB
1486,CA
1487,DE
1488,GB
1489,GB
1490,CA
1491,US
1492,DE
1493,GB
1494,DE
1495,US
1496,US
1497,US
1498,US
1499,DE
1500,GB
1501,US
1502,CA
1503,DE
1504,GB
1505,CA
1506,CA
1507,US
1508,GB
1509,DE
1510,DE
1511,CA
1512,CA
1513,DE
1514,US
1515,US
1516,CA
1517,DE
1518,DE
1519,US
1520,DE
1521,US
1522,CA
1523,US
1524,DE
1525,US
1526,GB
1527,GB
1528,GB
1529,DE
1530,DE
1531,CA
1532,DE
1533,CA
1534,GB
1535,DE
1536,DE
1537,DE
1538,CA
1539,US
1540,CA
1541,CA
1542,CA
1543,DE
1544,GB
1545,US
1546,DE
1547,GB
1548,CA
1549,US
1550,DE
1551,DE
1552,US
1553,CA
1554,CA
1555,DE
1556,DE
1557,US
1558,US
1559,DE
1560,CA
1561,US
1562,DE
1563,GB
1564,CA
1565,US
1566,US
1567,CA
1568,DE
1569,GB
1570,GB
1571,DE
1572,DE
1573,US
1574,DE
1575,DE
1576,US
1577,DE
1578,GB
1579,US
1580,GB
1581,US
1582,DE
1583,CA
1584,CA
1585,DE
1586,DE
1587,US
1588,US
1589,DE
1590,CA
1591,CA
1592,CA
1593,CA
1594,GB
1595,DE
1596,GB
1597,US
1598,GB
1599,CA
1600,GB
1601,CA
1602,GB
1603,GB
1604,GB
1605,DE
1606,CA
1607,GB
1608,US
1609,US
1610,GB
1611,GB
1612,GB
1613,US
1614,GB
1615,US
1616,US
1617,DE
1618,DE
1619,GB
1620,US
1621,US
1622,CA
1623,CA
1624,DE
1625,DE
1626,CA
1627,US
1628,US
1629,DE
1630,GB
1631,US
1632,US
1633,DE
1634,DE
1635,GB
1636,GB
1637,US
1638,US
1639,CA
1640,CA
1641,GB
1642,GB
1643,DE
1644,DE
1645,CA
1646,US
1647,GB
1648,GB
1649,DE
1650,CA
1651,CA
1652,GB
1653,CA
1654,GB
1655,US
1656,US
1657,US
1658,CA
1659,US
1660,DE
1661,GB
1662,CA
1663,US
1664,CA
1665,DE
1666,US
1667,DE
1668,US
1669,GB
1670,DE
1671,US
1672,DE
1673,DE
1674,CA
1675,GB
1676,DE
1677,GB
1678,US
1679,CA
1680,GB
1681,DE
1682,CA
1683,DE
1684,GB
1685,DE
1686,US
1687,CA
1688,GB
1689,CA
1690,GB
1691,US
1692,US
1693,GB
1694,DE
1695,US
1696,US
1697,US
1698,GB
1699,US
1700,US
1701,GB
1702,US
1703,CA
1704,CA
1705,CA
1706,US
1707,US
1708,US
1709,CA
1710,US
1711,GB
1712,CA
1713,CA
1714,US
1715,GB
1716,CA
1717,DE
1718,US
1719,DE
1720,DE
1721,DE
1722,DE
1723,CA
1724,CA
1725,GB
1726,GB
1727,US
1728,DE
1729,CA
1730,DE
1731,GB
1732,CA
1733,US
1734,DE
1735,GB
1736,CA
1737,CA
1738,CA
1739,DE
1740,GB
1741,GB
1742,GB
1743,DE
1744,GB
1745,US
1746,CA
1747,US
1748,US
1749,CA
1750,DE
1751,DE
1752,US
1753,US
1754,DE
1755,DE
1756,GB
1757,CA
1758,US
1759,US
1760,US
1761,DE
1762,CA
1763,DE
1764,DE
1765,US
1766,US
1767,DE
1768,GB
1769,US
1770,DE
1771,DE
1772,CA
1773,GB
1774,CA
1775,US
1776,GB
1777,CA
1778,GB
1779,US
1780,GB
1781,DE
1782,CA
1783,DE
1784,DE
1785,US
1786,DE
1787,CA
1788,GB
1789,US
1790,GB
1791,US
1792,CA
1793,DE
1794,GB
1795,US
1796,GB
1797,GB
1798,DE
1799,CA
1800,GB
1801,GB
1802,CA
1803,DE
1804,US
1805,CA
1806,US
1807,DE
1808,GB
1809,GB
1810,GB
1811,US
1812,DE
1813,US
1814,GB
1815,US
1816,GB
1817,CA
1818,DE
1819,DE
1820,CA
1821,DE
1822,US
1823,GB
1824,CA
1825,US
1826,DE
1827,GB
1828,CA
1829,GB
1830,CA
1831,GB
1832,CA
1833,DE
1834,DE
1835,US
1836,CA
1837,CA
1838,US
1839,DE
1840,US
1841,US
1842,DE
1843,DE
1844,CA
1845,DE
1846,GB
1847,GB
1848,DE
1849,US
1850,GB
1851,US
1852,CA
1853,DE
1854,DE
1855,CA
1856,GB
1857,US
1858,US
1859,CA
1860,US
1861,US
1862,CA
1863,DE
1864,DE
1865,GB
1866,US
1867,CA
1868,CA
1869,DE
1870,DE
1871,GB
1872,US
1873,GB
1874,CA
1875,US
1876,DE
1877,DE
1878,CA
1879,CA
1880,US
1881,CA
1882,US
1883,GB
1884,CA
1885,GB
1886,GB
1887,US
1888,DE
1889,GB
1890,GB
1891,US
1892,GB
1893,GB
1894,GB
1895,CA
1896,CA
1897,US
1898,GB
1899,US
1900,DE
1901,CA
1902,CA
1903,CA
1904,DE
1905,GB
1906,DE
1907,GB
1908,DE
1909,CA
1910,US
1911,DE
1912,DE
1913,US
1914,DE
1915,US
1916,DE
1917,CA
1918,GB
1919,DE
1920,GB
1921,US
1922,GB
1923,GB
1924,CA
1925,DE
1926,US
1927,DE
1928,US
1929,DE
1930,CA
1931,GB
1932,CA
1933,CA
1934,US
1935,US
1936,GB
1937,CA
1938,DE
1939,CA
1940,CA
1941,US
1942,US
1943,US
1944,GB
1945,GB
1946,CA
1947,CA
1948,CA
1949,GB
1950,DE
1951,CA
1952,GB
1953,US
1954,CA
1955,US
1956,GB
1957,GB
1958,GB
1959,US
1960,GB
1961,US
1962,DE
1963,US
1964,US
1965,US
1966,US
1967,CA
1968,CA
1969,US
1970,CA
1971,GB
1972,GB
1973,CA
1974,GB
1975,GB
1976,CA
1977,US
1978,CA
1979,DE
1980,US
1981,GB
1982,GB
1983,DE
1984,DE
1985,US
1986,US
1987,GB
1988,CA
1989,GB
1990,CA
1991,DE
1992,US
1993,CA
1994,CA
1995,GB
1996,US
1997,DE
1998,CA
1999,US
2000,GB
2001,US
2002,DE
2003,CA
2004,CA
2005,GB
2006,DE
2007,GB
2008,CA
2009,GB
2010,GB
2011,US
2012,DE
2013,US
2014,US
2015,DE
2016,US
2017,GB
2018,CA
2019,CA
2020,GB
2021,US
2022,GB
2023,US
2024,DE
2025,DE
2026,DE
2027,CA
2028,US
2029,DE
2030,GB
2031,GB
2032,GB
2033,DE
2034,US
2035,CA
2036,US
2037,DE
2038,US
2039,DE
2040,US
2041,GB
2042,DE
2043,GB
2044,GB
2045,DE
2046,CA
2047,US
2048,CA
2049,GB
2050,GB
2051,US
2052,DE
2053,CA
2054,CA
2055,CA
2056,CA
2057,DE
2058,US
2059,CA
2060,US
2061,GB
2062,US
2063,US
2064,GB
2065,US
2066,US
2067,GB
2068,GB
2069,US
2070,US
2071,DE
2072,CA
2073,GB
2074,DE
2075,US
2076,DE
2077,DE
2078,US
2079,CA
2080,CA
2081,DE
2082,GB
2083,US
2084,US
2085,DE
2086,US
2087,DE
2088,DE
2089,GB
2090,US
2091,DE
2092,GB
2093,GB
2094,CA
2095,GB
2096,DE
2097,CA
2098,GB
2099,CA
2100,US
2101,DE
2102,US
2103,GB
2104,US
2105,US
2106,DE
2107,DE
2108,US
2109,GB
2110,CA
2111,DE
2112,US
2113,GB
2114,GB
2115,US
2116,GB
2117,CA
2118,CA
2119,US
2120,DE
2121,GB
2122,GB
2123,US
2124,CA
2125,US
2126,CA
2127,CA
2128,DE
2129,GB
2130,CA
2131,GB
2132,DE
2133,DE
2134,CA
2135,GB
2136,US
2137,DE
2138,DE
2139,DE
2140,US
2141,US
2142,US
2143,US
2144,US
2145,CA
2146,CA
2147,DE
2148,GB
2149,DE
2150,CA
2151,GB
2152,US
2153,DE
2154,US
2155,US
2156,GB
2157,US
2158,GB
2159,CA
2160,US
2161,US
2162,CA
2163,US
2164,DE
2165,GB
2166,GB
2167,US
2168,CA
2169,GB
2170,US
2171,US
2172,DE
2173,US
2174,DE
2175,DE
2176,DE
2177,DE
2178,CA
2179,CA
2180,CA
2181,CA
2182,CA
2183,DE
2184,US
2185,CA
2186,DE
2187,DE
2188,DE
2189,GB
2190,CA
2191,GB
2192,DE
2193,GB
2194,US
2195,US
2196,US
2197,CA
2198,GB
2199,CA
2200,GB
2201,CA
2202,GB
2203,CA
2204,DE
2205,US
2206,DE
2207,GB
2208,CA
2209,CA
2210,DE
2211,CA
2212,DE
2213,CA
2214,US
2215,DE
2216,DE
2217,CA
2218,CA
2219,GB
2220,DE
2221,CA
2222,CA
2223,DE
2224,DE
2225,CA
2226,US
2227,DE
2228,GB
2229,DE
2230,DE
2231,US
2232,US
2233,CA
2234,US
2235,CA
2236,US
2237,GB
2238,GB
2239,CA
2240,CA
2241,GB
2242,GB
2243,GB
2244,CA
2245,US
2246,DE
2247,DE
2248,GB
2249,GB
2250,US
2251,DE
2252,GB
2253,GB
2254,GB
2255,DE
2256,GB
2257,CA
2258,US
2259,DE
2260,US
2261,CA
2262,GB
2263,GB
2264,GB
2265,DE
2266,GB
2267,US
2268,CA
2269,GB
2270,CA
2271,CA
2272,CA
2273,GB
2274,US
2275,CA
2276,GB
2277,CA
2278,DE
2279,CA
2280,DE
2281,DE
2282,CA
2283,DE
2284,DE
2285,CA
2286,US
2287,GB
2288,GB
2289,US
2290,US
2291,CA
2292,US
2293,GB
2294,US
2295,GB
2296,DE
2297,CA
2298,CA
2299,GB
2300,US
2301,GB
2302,US
2303,DE
2304,DE
2305,CA
2306,DE
2307,US
2308,GB
2309,CA
2310,CA
2311,US
2312,DE
2313,US
2314,GB
2315,DE
2316,US
2317,CA
2318,US
2319,CA
2320,DE
2321,DE
2322,DE
2323,DE
2324,CA
2325,CA
2326,CA
2327,GB
2328,US
2329,CA
2330,GB
2331,CA
2332,US
2333,GB
2334,US
2335,DE
2336,GB
2337,CA
2338,CA
2339,US
2340,DE
2341,US
2342,GB
2343,CA
2344,GB
2345,DE
2346,DE
2347,DE
2348,DE
2349,GB
2350,DE
2351,DE
2352,GB
2353,GB
2354,US
2355,GB
2356,DE
2357,CA
2358,CA
2359,CA
2360,CA
2361,DE
2362,GB
2363,US
2364,GB
2365,DE
2366,GB
2367,CA
2368,GB
2369,CA
2370,GB
2371,DE
2372,CA
2373,US
2374,DE
2375,GB
2376,DE
2377,US
2378,US
2379,CA
2380,GB
2381,CA
2382,DE
2383,DE
2384,CA
2385,CA
2386,DE
2387,GB
2388,GB
2389,US
2390,DE
2391,CA
2392,US
2393,DE
2394,US
2395,CA
2396,US
2397,GB
2398,DE
2399,GB
2400,US
2401,GB
2402,US
2403,DE
2404,CA
2405,CA
2406,GB
2407,CA
2408,DE
2409,US
2410,GB
2411,US
2412,US
2413,DE
2414,US
2415,US
2416,CA
2417,US
2418,DE
2419,GB
2420,US
2421,US
2422,DE
2423,GB
2424,DE
2425,US
2426,GB
2427,DE
2428,US
2429,DE
2430,US
2431,US
2432,DE
2433,US
2434,GB
2435,US
2436,GB
2437,CA
2438,DE
2439,US
2440,DE
2441,DE
2442,US
2443,DE
2444,GB
2445,US
2446,US
2447,GB
2448,DE
2449,DE
2450,US
2451,DE
2452,CA
2453,GB
2454,US
2455,CA
2456,DE
2457,GB
2458,DE
2459,CA
2460,CA
2461,GB
2462,CA
2463,GB
2464,GB
2465,CA
2466,CA
2467,GB
2468,GB
2469,US
2470,CA
2471,DE
2472,DE
2473,DE
2474,DE
2475,GB
2476,CA
2477,CA
2478,GB
2479,GB
2480,GB
2481,CA
2482,CA
2483,GB
2484,DE
2485,GB
2486,US
2487,DE
2488,DE
2489,DE
2490,DE
2491,GB
2492,DE
2493,US
2494,GB
2495,GB
2496,DE
2497,DE
2498,US
2499,DE
2500,CA
2501,DE
2502,US
2503,DE
2504,DE
2505,GB
2506,DE
2507,GB
2508,CA
2509,US
2510,DE
2511,GB
2512,US
2513,US
2514,CA
2515,CA
2516,CA
2517,US
2518,DE
2519,DE
2520,US
2521,GB
2522,US
2523,US
2524,US
2525,GB
2526,US
2527,DE
2528,CA
2529,GB
2530,CA
2531,US
2532,CA
2533,CA
2534,GB
2535,GB
2536,GB
2537,US
2538,DE
2539,DE
2540,US
2541,US
2542,CA
2543,US
2544,US
2545,CA
2546,CA
2547,GB
2548,CA
2549,DE
2550,GB
2551,US
2552,GB
2553,CA
2554,US
2555,CA
2556,GB
2557,CA
2558,GB
2559,CA
2560,US
2561,DE
2562,DE
2563,CA
2564,CA
2565,DE
2566,GB
2567,US
2568,CA
2569,US
2570,DE
2571,CA
2572,CA
2573,DE
2574,GB
2575,CA
2576,US
2577,CA
2578,DE
2579,CA
2580,GB
2581,CA
2582,GB
2583,US
2584,DE
2585,US
2586,CA
2587,US
2588,GB
2589,DE
2590,CA
2591,DE
2592,US
2593,US
2594,GB
2595,US
2596,GB
2597,CA
2598,DE
2599,CA
2600,DE
2601,GB
2602,CA
2603,CA
2604,DE
2605,DE
2606,CA
2607,US
2608,DE
2609,CA
2610,US
2611,DE
2612,DE
2613,CA
2614,US
2615,CA
2616,DE
2617,CA
2618,DE
2619,GB
2620,CA
2621,GB
2622,US
2623,US
2624,GB
2625,CA
2626,CA
2627,DE
2628,US
2629,GB
2630,DE
2631,GB
2632,US
2633,US
2634,DE
2635,DE
2636,US
2637,DE
2638,US
2639,US
2640,DE
2641,GB
2642,GB
2643,CA
2644,CA
2645,CA
2646,US
2647,DE
2648,GB
2649,DE
2650,DE
2651,GB
2652,DE
2653,CA
2654,US
2655,US
2656,CA
2657,DE
2658,CA
2659,DE
2660,GB
2661,CA
2662,US
2663,CA
2664,CA
2665,DE
2666,CA
2667,CA
2668,GB
2669,DE
2670,US
2671,US
2672,DE
2673,DE
2674,GB
2675,CA
2676,GB
2677,CA
2678,US
2679,US
2680,CA
2681,US
2682,GB
2683,CA
2684,DE
2685,CA
2686,GB
2687,DE
2688,CA
2689,CA
2690,DE
2691,DE
2692,GB
2693,DE
2694,GB
2695,US
2696,GB
2697,US
2698,DE
2699,DE
2700,US
2701,GB
2702,GB
2703,US
2704,GB
2705,GB
2706,CA
2707,DE
2708,US
2709,US
2710,US
2711,GB
2712,US
2713,GB
2714,CA
2715,DE
2716,CA
2717,DE
2718,GB
2719,GB
2720,GB
2721,GB
2722,GB
2723,DE
2724,CA
2725,GB
2726,GB
2727,DE
2728,GB
2729,US
2730,GB
2731,US
2732,GB
2733,GB
2734,DE
2735,CA
2736,GB
2737,US
2738,GB
2739,US
2740,CA
2741,CA
2742,US
2743,US
2744,DE
2745,GB
2746,CA
2747,DE
2748,US
2749,CA
2750,DE
2751,GB
2752,GB
2753,US
2754,CA
2755,US
2756,CA
2757,US
2758,CA
2759,CA
2760,CA
2761,US
2762,DE
2763,DE
2764,GB
2765,US
2766,GB
2767,CA
2768,GB
2769,US
2770,CA
2771,DE
2772,DE
2773,US
2774,DE
2775,CA
2776,US
2777,CA
2778,DE
2779,DE
2780,DE
2781,DE
2782,DE
2783,US
2784,US
2785,CA
2786,GB
2787,CA
2788,CA
2789,CA
2790,DE
2791,US
2792,DE
2793,US
2794,CA
2795,CA
2796,US
2797,US
2798,GB
2799,CA
2800,CA
2801,DE
2802,US
2803,DE
2804,GB
2805,CA
2806,US
2807,US
2808,US
2809,GB
2810,CA
2811,DE
2812,GB
2813,US
2814,CA
2815,DE
2816,CA
2817,CA
2818,CA
2819,US
2820,CA
2821,GB
2822,CA
2823,GB
2824,DE
2825,DE
2826,US
2827,DE
2828,CA
2829,GB
2830,CA
2831,DE
2832,GB
2833,CA
2834,US
2835,CA
2836,DE
2837,DE
2838,US
2839,CA
2840,CA
2841,US
2842,CA
2843,DE
2844,US
2845,CA
2846,US
2847,CA
2848,GB
2849,GB
2850,DE
2851,CA
2852,DE
2853,US
2854,GB
2855,US
2856,CA
2857,CA
2858,GB
2859,DE
2860,DE
2861,GB
2862,US
2863,CA
2864,US
2865,DE
2866,CA
2867,US
2868,DE
2869,CA
2870,CA
2871,DE
2872,US
2873,GB
2874,DE
2875,US
2876,CA
2877,US
2878,CA
2879,CA
2880,CA
2881,DE
2882,US
2883,DE
2884,CA
2885,US
2886,US
2887,US
2888,DE
2889,DE
2890,US
2891,CA
2892,US
2893,US
2894,CA
2895,US
2896,US
2897,US
2898,DE
2899,CA
2900,GB
2901,GB
2902,DE
2903,GB
2904,CA
2905,DE
2906,DE
2907,GB
2908,US
2909,DE
2910,DE
2911,CA
2912,DE
2913,GB
2914,US
2915,DE
2916,GB
2917,GB
2918,US
2919,US
2920,GB
2921,US
2922,DE
2923,DE
2924,GB
2925,US
2926,CA
2927,GB
2928,US
2929,CA
2930,GB
2931,GB
2932,DE
2933,DE
2934,DE
2935,US
2936,GB
2937,US
2938,GB
2939,DE
2940,CA
2941,GB
2942,GB
2943,CA
2944,GB
2945,US
2946,GB
2947,CA
2948,CA
2949,GB
2950,GB
2951,DE
2952,US
2953,CA
2954,GB
2955,US
2956,US
2957,GB
2958,US
2959,GB
2960,US
2961,US
2962,CA
2963,DE
2964,GB
2965,GB
2966,US
2967,DE
2968,US
2969,DE
2970,US
2971,US
2972,CA
2973,CA
2974,GB
2975,DE
2976,GB
2977,GB
2978,US
2979,GB
2980,CA
2981,CA
2982,DE
2983,US
2984,DE
2985,GB
2986,DE
2987,DE
2988,CA
2989,DE
2990,CA
2991,GB
2992,CA
2993,GB
2994,DE
2995,DE
2996,US
2997,DE
2998,GB
2999,US
3000,GB
3001,GB
3002,DE
3003,CA
3004,US
3005,GB
3006,GB
3007,GB
3008,CA
3009,CA
3010,DE
3011,US
3012,GB
3013,US
3014,CA
3015,CA
3016,CA
3017,US
3018,DE
3019,CA
3020,GB
3021,CA
3022,US
3023,GB
3024,DE
3025,DE
3026,CA
3027,CA
3028,GB
3029,CA
3030,GB
3031,US
3032,GB
3033,GB
3034,US
3035,GB
3036,CA
3037,CA
3038,GB
3039,GB
3040,CA
3041,GB
3042,DE
3043,US
3044,GB
3045,GB
3046,DE
3047,DE
3048,DE
3049,CA
3050,US
3051,US
3052,GB
3053,US
3054,DE
3055,CA
3056,DE
3057,GB
3058,GB
3059,CA
3060,CA
3061,DE
3062,CA
3063,CA
3064,GB
3065,US
3066,CA
3067,CA
3068,GB
3069,GB
3070,US
3071,DE
3072,DE
3073,GB
3074,US
3075,DE
3076,DE
3077,GB
3078,DE
3079,DE
3080,DE
3081,DE
3082,US
3083,CA
3084,CA
3085,US
3086,US
3087,DE
3088,DE
3089,GB
3090,US
3091,CA
3092,US
3093,GB
3094,US
3095,US
3096,GB
3097,DE
3098,CA
3099,CA
3100,GB
3101,CA
3102,CA
3103,US
3104,GB
3105,GB
3106,DE
3107,CA
3108,GB
3109,CA
3110,DE
3111,CA
3112,DE
3113,US
3114,GB
3115,DE
3116,GB
3117,US
3118,US
3119,CA
3120,US
3121,US
3122,US
3123,US
3124,CA
3125,DE
3126,US
3127,DE
3128,US
3129,CA
3130,DE
3131,CA
3132,US
3133,GB
3134,CA
3135,CA
3136,US
3137,CA
3138,GB
3139,GB
3140,CA
3141,US
3142,CA
3143,US
3144,GB
3145,DE
3146,CA
3147,CA
3148,GB
3149,DE
3150,US
3151,DE
3152,CA
3153,DE
3154,CA
3155,DE
3156,GB
3157,US
3158,US
3159,CA
3160,CA
3161,GB
3162,CA
3163,GB
3164,CA
3165,US
3166,CA
3167,CA
3168,US
3169,US
3170,GB
3171,US
3172,DE
3173,DE
3174,CA
3175,DE
3176,DE
3177,DE
3178,DE
3179,CA
3180,CA
3181,GB
3182,CA
3183,DE
3184,US
3185,DE
3186,DE
3187,US
3188,DE
3189,DE
3190,DE
3191,CA
3192,DE
3193,CA
3194,DE
3195,CA
3196,DE
3197,US
3198,DE
3199,DE
3200,US
3201,US
3202,DE
3203,GB
3204,US
3205,GB
3206,CA
3207,DE
3208,US
3209,CA
3210,US
3211,US
3212,GB
3213,DE
3214,US
3215,CA
3216,US
3217,CA
3218,CA
3219,US
3220,DE
3221,US
3222,DE
3223,DE
3224,GB
3225,CA
3226,US
3227,CA
3228,GB
3229,US
3230,DE
3231,DE
3232,GB
3233,GB
3234,DE
3235,US
3236,US
3237,GB
3238,CA
3239,US
3240,US
3241,CA
3242,CA
3243,CA
3244,CA
3245,CA
3246,US
3247,DE
3248,US
3249,US
3250,DE
3251,GB
3252,DE
3253,GB
3254,GB
3255,US
3256,US
3257,CA
3258,GB
3259,CA
3260,GB
3261,CA
3262,CA
3263,CA
3264,CA
3265,CA
3266,DE
3267,DE
3268,US
3269,DE
3270,GB
3271,GB
3272,DE
3273,US
3274,CA
3275,DE
3276,US
3277,GB
3278,CA
3279,GB
3280,DE
3281,DE
3282,GB
3283,DE
3284,US
3285,DE
3286,US
3287,US
3288,DE
3289,DE
3290,DE
3291,DE
3292,CA
3293,DE
3294,CA
3295,US
3296,DE
3297,US
3298,US
3299,CA
3300,US
3301,CA
3302,US
3303,CA
3304,US
3305,DE
3306,DE
3307,CA
3308,CA
3309,DE
3310,DE
3311,DE
3312,CA
3313,DE
3314,GB
3315,CA
3316,GB
3317,CA
3318,CA
3319,US
3320,DE
3321,CA
3322,CA
3323,GB
3324,GB
3325,DE
3326,US
3327,CA
3328,DE
3329,GB
3330,US
3331,DE
3332,DE
3333,DE
3334,CA
3335,CA
3336,GB
3337,CA
3338,GB
3339,CA
3340,GB
3341,GB
3342,CA
3343,GB
3344,DE
3345,DE
3346,US
3347,GB
3348,US
3349,CA
3350,CA
3351,DE
3352,DE
3353,GB
3354,US
3355,DE
3356,US
3357,GB
3358,US
3359,CA
3360,CA
3361,GB
3362,GB
3363,GB
3364,CA
3365,CA
3366,DE
3367,GB
3368,US
3369,DE
3370,GB
3371,US
3372,DE
3373,DE
3374,US
3375,CA
3376,US
3377,CA
3378,DE
3379,DE
3380,DE
3381,CA
3382,CA
3383,CA
3384,US
3385,CA
3386,CA
3387,CA
3388,CA
3389,US
3390,GB
3391,GB
3392,GB
3393,US
3394,US
3395,US
3396,CA
3397,CA
3398,GB
3399,DE
3400,GB
3401,GB
3402,DE
3403,US
3404,US
3405,GB
3406,GB
3407,CA
3408,GB
3409,DE
3410,GB
3411,US
3412,US
3413,US
3414,DE
3415,US
3416,GB
3417,GB
3418,US
3419,US
3420,GB
3421,CA
3422,GB
3423,DE
3424,DE
3425,DE
3426,CA
3427,GB
3428,CA
3429,CA
3430,US
3431,CA
3432,GB
3433,DE
3434,GB
3435,DE
3436,US
3437,CA
3438,US
3439,DE
3440,GB
3441,GB
3442,US
3443,US
3444,GB
3445,CA
3446,US
3447,GB
3448,CA
3449,GB
3450,US
3451,GB
3452,GB
3453,US
3454,GB
3455,CA
3456,CA
3457,CA
3458,DE
3459,US
3460,GB
3461,US
3462,DE
3463,CA
3464,DE
3465,CA
3466,CA
3467,CA
3468,GB
3469,DE
3470,US
3471,US
3472,GB
3473,CA
3474,US
3475,DE
3476,CA
3477,US
3478,DE
3479,GB
3480,US
3481,GB
3482,GB
3483,CA
3484,CA
3485,US
3486,CA
3487,US
3488,GB
3489,US
3490,CA
3491,DE
3492,GB
3493,DE
3494,DE
3495,DE
3496,CA
3497,US
3498,CA
3499,GB
3500,DE
3501,US
3502,DE
3503,CA
3504,DE
3505,US
3506,US
3507,US
3508,DE
3509,GB
3510,DE
3511,DE
3512,US
3513,GB
3514,GB
3515,US
3516,US
3517,CA
3518,DE
3519,CA
3520,US
3521,CA
3522,US
3523,GB
3524,US
3525,GB
3526,GB
3527,US
3528,CA
3529,US
3530,US
3531,CA
3532,DE
3533,CA
3534,GB
3535,US
3536,CA
3537,DE
3538,DE
3539,US
3540,DE
3541,GB
3542,DE
3543,CA
3544,US
3545,DE
3546,US
3547,GB
3548,GB
3549,DE
3550,US
3551,DE
3552,GB
3553,US
3554,CA
3555,CA
3556,CA
3557,DE
3558,US
3559,DE
3560,CA
3561,US
3562,US
3563,DE
3564,DE
3565,US
3566,CA
3567,GB
3568,GB
3569,US
3570,US
3571,DE
3572,US
3573,GB
3574,CA
3575,US
3576,DE
3577,US
3578,GB
3579,GB
3580,DE
3581,US
3582,GB
3583,DE
3584,DE
3585,GB
3586,CA
3587,GB
3588,GB
3589,GB
3590,CA
3591,US
3592,DE
3593,CA
3594,DE
3595,US
3596,CA
3597,DE
3598,US
3599,CA
3600,CA
3601,GB
3602,DE
3603,CA
3604,GB
3605,GB
3606,CA
3607,GB
3608,US
3609,CA
3610,DE
3611,CA
3612,CA
3613,GB
3614,GB
3615,US
3616,CA
3617,CA
3618,GB
3619,US
3620,DE
3621,GB
3622,CA
3623,DE
3624,US
3625,US
3626,US
3627,CA
3628,CA
3629,GB
3630,US
3631,GB
3632,CA
3633,GB
3634,CA
3635,US
3636,CA
3637,DE
3638,DE
3639,DE
3640,US
3641,GB
3642,CA
3643,US
3644,DE
3645,DE
3646,DE
3647,DE
3648,CA
3649,GB
3650,US
3651,CA
3652,CA
3653,GB
3654,US
3655,DE
3656,DE
3657,DE
3658,GB
3659,DE
3660,US
3661,DE
3662,CA
3663,US
3664,US
3665,US
3666,CA
3667,GB
3668,US
3669,GB
3670,CA
3671,GB
3672,GB
3673,US
3674,DE
3675,CA
3676,DE
3677,US
3678,US
3679,GB
3680,CA
3681,DE
3682,US
3683,DE
3684,CA
3685,CA
3686,GB
3687,GB
3688,US
3689,US
3690,US
3691,CA
3692,DE
3693,US
3694,DE
3695,GB
3696,GB
3697,DE
3698,DE
3699,US
3700,DE
3701,US
3702,CA
3703,CA
3704,US
3705,US
3706,GB
3707,DE
3708,CA
3709,US
3710,GB
3711,GB
3712,DE
3713,CA
3714,DE
3715,GB
3716,US
3717,GB
3718,DE
3719,GB
3720,CA
3721,US
3722,CA
3723,DE
3724,GB
3725,GB
3726,CA
3727,US
3728,DE
3729,DE
3730,US
3731,GB
3732,GB
3733,US
3734,US
3735,GB
3736,US
3737,US
3738,CA
3739,GB
3740,US
3741,US
3742,CA
3743,CA
3744,US
3745,US
3746,US
3747,CA
3748,GB
3749,US
3750,GB
3751,DE
3752,US
3753,DE
3754,GB
3755,US
3756,DE
3757,GB
3758,GB
3759,GB
3760,CA
3761,GB
3762,US
3763,US
3764,GB
3765,CA
3766,DE
3767,CA
3768,DE
3769,CA
3770,DE
3771,DE
3772,GB
3773,US
3774,US
3775,US
3776,CA
3777,DE
3778,DE
3779,CA
3780,US
3781,US
3782,US
3783,DE
3784,DE
3785,DE
3786,DE
3787,US
3788,GB
3789,GB
3790,GB
3791,DE
3792,GB
3793,US
3794,US
3795,DE
3796,CA
3797,DE
3798,DE
3799,US
3800,CA
3801,GB
3802,GB
3803,US
3804,US
3805,CA
3806,US
3807,CA
3808,DE
3809,US
3810,CA
3811,GB
3812,GB
3813,DE
3814,DE
3815,GB
3816,DE
3817,GB
3818,CA
3819,DE
3820,GB
3821,DE
3822,US
3823,CA
3824,GB
3825,GB
3826,DE
3827,DE
3828,CA
3829,CA
3830,GB
3831,US
3832,US
3833,US
3834,GB
3835,CA
3836,GB
3837,GB
3838,CA
3839,CA
3840,US
3841,GB
3842,GB
3843,GB
3844,DE
3845,DE
3846,US
3847,CA
3848,US
3849,GB
3850,CA
3851,DE
3852,DE
3853,CA
3854,CA
3855,CA
3856,GB
3857,DE
3858,DE
3859,US
3860,CA
3861,GB
3862,US
3863,GB
3864,GB
3865,DE
3866,CA
3867,GB
3868,GB
3869,DE
3870,DE
3871,GB
3872,DE
3873,DE
3874,CA
3875,US
3876,US
3877,US
3878,GB
3879,DE
3880,CA
3881,DE
3882,CA
3883,DE
3884,GB
3885,DE
3886,CA
3887,US
3888,DE
3889,GB
3890,US
3891,GB
3892,DE
3893,DE
3894,US
3895,DE
3896,DE
3897,US
3898,GB
3899,GB
3900,CA
3901,US
3902,GB
3903,CA
3904,DE
3905,US
3906,GB
3907,US
3908,DE
3909,CA
3910,US
3911,GB
3912,GB
3913,GB
3914,CA
3915,CA
3916,GB
3917,US
3918,GB
3919,DE
3920,GB
3921,DE
3922,GB
3923,DE
3924,DE
3925,DE
3926,DE
3927,US
3928,DE
3929,US
3930,US
3931,DE
3932,CA
3933,DE
3934,CA
3935,GB
3936,CA
3937,US
3938,GB
3939,GB
3940,DE
3941,DE
3942,US
3943,CA
3944,US
3945,US
3946,DE
3947,US
3948,DE
3949,CA
3950,US
3951,DE
3952,US
3953,US
3954,US
3955,CA
3956,CA
3957,CA
3958,DE
3959,CA
3960,GB
3961,CA
3962,CA
3963,US
3964,US
3965,GB
3966,GB
3967,DE
3968,DE
3969,DE
3970,GB
3971,DE
3972,US
3973,CA
3974,DE
3975,US
3976,GB
3977,CA
3978,US
3979,US
3980,CA
3981,DE
3982,CA
3983,CA
3984,DE
3985,US
3986,US
3987,DE
3988,DE
3989,GB
3990,GB
3991,DE
3992,US
3993,GB
3994,CA
3995,CA
3996,CA
3997,CA
3998,DE
3999,GB
4000,DE
4001,CA
4002,DE
4003,US
4004,DE
4005,US
4006,GB
4007,CA
4008,GB
4009,GB
4010,GB
4011,DE
4012,DE
4013,CA
4014,DE
4015,DE
4016,DE
4017,DE
4018,GB
4019,DE
4020,GB
4021,DE
4022,CA
4023,DE
4024,CA
4025,DE
4026,DE
4027,GB
4028,US
4029,US
4030,CA
4031,GB
4032,DE
4033,US
4034,CA
4035,GB
4036,GB
4037,CA
4038,US
4039,GB
4040,CA
4041,US
4042,US
4043,CA
4044,DE
4045,GB
4046,GB
4047,DE
4048,DE
4049,US
4050,CA
4051,DE
4052,GB
4053,US
4054,US
4055,GB
4056,CA
4057,GB
4058,DE
4059,DE
4060,US
4061,DE
4062,GB
4063,US
4064,US
4065,CA
4066,GB
4067,CA
4068,CA
4069,US
4070,DE
4071,CA
4072,DE
4073,DE
4074,DE
4075,CA
4076,DE
4077,CA
4078,US
4079,DE
4080,CA
4081,GB
4082,DE
4083,US
4084,GB
4085,US
4086,DE
4087,CA
4088,CA
4089,GB
4090,GB
4091,GB
4092,US
4093,US
4094,DE
4095,CA
4096,CA
4097,GB
4098,US
4099,US
4100,GB
4101,DE
4102,GB
4103,DE
4104,DE
4105,DE
4106,GB
4107,US
4108,GB
4109,CA
4110,US
4111,CA
4112,DE
4113,US
4114,DE
4115,US
4116,US
4117,CA
4118,US
4119,GB
4120,US
4121,CA
4122,GB
4123,US
4124,DE
4125,GB
4126,GB
4127,GB
4128,DE
4129,CA
4130,GB
4131,DE
4132,US
4133,CA
4134,DE
4135,DE
4136,GB
4137,DE
4138,GB
4139,CA
4140,GB
4141,CA
4142,US
4143,CA
4144,GB
4145,DE
4146,DE
4147,DE
4148,DE
4149,US
4150,GB
4151,CA
4152,US
4153,CA
4154,US
4155,US
4156,DE
4157,US
4158,CA
4159,US
4160,CA
4161,GB
4162,DE
4163,CA
4164,US
4165,GB
4166,US
4167,GB
4168,CA
4169,CA
4170,US
4171,CA
4172,CA
4173,CA
4174,CA
4175,DE
4176,CA
4177,US
4178,CA
4179,US
4180,CA
4181,CA
4182,US
4183,GB
4184,GB
4185,DE
4186,GB
4187,US
4188,US
4189,CA
4190,CA
4191,DE
4192,GB
4193,CA
4194,GB
4195,CA
4196,US
4197,DE
4198,CA
4199,US
4200,GB
4201,CA
4202,CA
4203,GB
4204,US
4205,CA
4206,GB
4207,US
4208,US
4209,US
4210,US
4211,US
4212,GB
4213,CA
4214,GB
4215,DE
4216,CA
4217,CA
4218,GB
4219,CA
4220,CA
4221,DE
4222,DE
4223,DE
4224,DE
4225,US
4226,CA
4227,GB
4228,US
4229,GB
4230,DE
4231,DE
4232,GB
4233,GB
4234,CA
4235,US
4236,CA
4237,GB
4238,DE
4239,US
4240,US
4241,GB
4242,CA
4243,US
4244,CA
4245,GB
4246,GB
4247,GB
4248,CA
4249,US
4250,DE
4251,GB
4252,DE
4253,DE
4254,DE
4255,GB
4256,US
4257,CA
4258,DE
4259,CA
4260,CA
4261,GB
4262,DE
4263,CA
4264,DE
4265,DE
4266,GB
4267,CA
4268,GB
4269,DE
4270,GB
4271,DE
4272,US
4273,CA
4274,GB
4275,CA
4276,DE
4277,CA
4278,DE
4279,GB
4280,DE
4281,US
4282,GB
4283,GB
4284,DE
4285,US
4286,CA
4287,CA
4288,CA
4289,GB
4290,GB
4291,DE
4292,US
4293,DE
4294,US
4295,GB
4296,US
4297,DE
4298,DE
4299,GB
4300,US
4301,CA
4302,US
4303,CA
4304,CA
4305,DE
4306,DE
4307,US
4308,US
4309,DE
4310,US
4311,GB
4312,CA
4313,DE
4314,US
4315,US
4316,US
4317,DE
4318,CA
4319,GB
4320,GB
4321,US
4322,GB
4323,DE
4324,CA
4325,DE
4326,US
4327,CA
4328,DE
4329,CA
4330,DE
4331,CA
4332,US
4333,US
4334,CA
4335,US
4336,CA
4337,US
4338,GB
4339,GB
4340,US
4341,US
4342,US
4343,US
4344,CA
4345,GB
4346,US
4347,CA
4348,GB
4349,GB
4350,CA
4351,CA
4352,CA
4353,US
4354,DE
4355,US
4356,US
4357,US
4358,CA
4359,US
4360,US
4361,US
4362,US
4363,DE
4364,DE
4365,GB
4366,US
4367,DE
4368,US
4369,CA
4370,GB
4371,GB
4372,CA
4373,GB
4374,GB
4375,DE
4376,DE
4377,GB
4378,GB
4379,GB
4380,US
4381,CA
4382,GB
4383,CA
4384,DE
4385,GB
4386,US
4387,GB
4388,CA
4389,DE
4390,US
4391,US
4392,CA
4393,CA
4394,GB
4395,US
4396,CA
4397,DE
4398,CA
4399,CA
4400,CA
4401,US
4402,DE
4403,CA
4404,DE
4405,DE
4406,US
4407,DE
4408,GB
4409,DE
4410,US
4411,DE
4412,CA
4413,US
4414,DE
4415,US
4416,CA
4417,DE
4418,GB
4419,GB
4420,DE
4421,DE
4422,US
4423,US
4424,DE
4425,US
4426,DE
4427,GB
4428,DE
4429,DE
4430,CA
4431,CA
4432,DE
4433,US
4434,GB
4435,US
4436,DE
4437,US
4438,DE
4439,CA
4440,GB
4441,DE
4442,US
4443,CA
4444,DE
4445,CA
4446,DE
4447,US
4448,CA
4449,DE
4450,GB
4451,DE
4452,GB
4453,CA
4454,CA
4455,US
4456,US
4457,CA
4458,GB
4459,CA
4460,US
4461,US
4462,DE
4463,DE
4464,US
4465,GB
4466,DE
4467,US
4468,CA
4469,CA
4470,DE
4471,GB
4472,DE
4473,US
4474,US
4475,US
4476,DE
4477,US
4478,DE
4479,US
4480,GB
4481,GB
4482,DE
4483,US
4484,DE
4485,US
4486,DE
4487,US
4488,US
4489,DE
4490,CA
4491,CA
4492,CA
4493,US
4494,US
4495,DE
4496,CA
4497,GB
4498,US
4499,GB
4500,GB
4501,US
4502,GB
4503,CA
4504,CA
4505,DE
4506,US
4507,CA
4508,US
4509,CA
4510,US
4511,GB
4512,CA
4513,GB
4514,CA
4515,GB
4516,GB
4517,US
4518,CA
4519,DE
4520,GB
4521,DE
4522,DE
4523,GB
4524,CA
4525,CA
4526,DE
4527,US
4528,GB
4529,GB
4530,US
4531,US
4532,GB
4533,US
4534,US
4535,DE
4536,GB
4537,GB
4538,GB
4539,US
4540,DE
4541,DE
4542,DE
4543,GB
4544,US
4545,CA
4546,US
4547,CA
4548,US
4549,GB
4550,CA
4551,GB
4552,US
4553,DE
4554,DE
4555,GB
4556,DE
4557,US
4558,US
4559,CA
4560,GB
4561,GB
4562,US
4563,DE
4564,US
4565,GB
4566,CA
4567,DE
4568,US
4569,CA
4570,DE
4571,US
4572,GB
4573,GB
4574,GB
4575,CA
4576,GB
4577,US
4578,CA
4579,CA
4580,CA
4581,CA
4582,CA
4583,GB
4584,CA
4585,CA
4586,CA
4587,CA
4588,US
4589,DE
4590,DE
4591,DE
4592,DE
4593,DE
4594,US
4595,GB
4596,US
4597,US
4598,DE
4599,CA
4600,GB
4601,CA
4602,CA
4603,US
4604,DE
4605,DE
4606,US
4607,US
4608,GB
4609,GB
4610,US
4611,DE
4612,US
4613,DE
4614,GB
4615,DE
4616,GB
4617,US
4618,DE
4619,CA
4620,GB
4621,US
4622,DE
4623,CA
4624,US
4625,GB
4626,CA
4627,DE
4628,GB
4629,DE
4630,US
4631,GB
4632,DE
4633,US
4634,CA
4635,GB
4636,DE
4637,US
4638,GB
4639,GB
4640,DE
4641,GB
4642,GB
4643,DE
4644,CA
4645,GB
4646,GB
4647,CA
4648,GB
4649,DE
4650,DE
4651,CA
4652,CA
4653,CA
4654,DE
4655,CA
4656,GB
4657,US
4658,CA
4659,DE
4660,GB
4661,GB
4662,DE
4663,DE
4664,DE
4665,US
4666,US
4667,CA
4668,CA
4669,GB
4670,CA
4671,GB
4672,GB
4673,CA
4674,CA
4675,US
4676,DE
4677,GB
4678,DE
4679,GB
4680,GB
4681,DE
4682,US
4683,US
4684,CA
4685,GB
4686,GB
4687,DE
4688,US
4689,DE
4690,CA
4691,US
4692,GB
4693,GB
4694,US
4695,US
4696,DE
4697,CA
4698,CA
4699,DE
4700,GB
4701,GB
4702,GB
4703,US
4704,GB
4705,GB
4706,US
4707,CA
4708,GB
4709,US
4710,CA
4711,DE
4712,DE
4713,DE
4714,US
4715,CA
4716,US
4717,CA
4718,GB
4719,US
4720,CA
4721,DE
4722,CA
4723,US
4724,GB
4725,DE
4726,DE
4727,US
4728,CA
4729,GB
4730,GB
4731,US
4732,CA
4733,US
4734,DE
4735,CA
4736,CA
4737,US
4738,GB
4739,CA
4740,CA
4741,CA
4742,US
4743,CA
4744,DE
4745,US
4746,CA
4747,DE
4748,US
4749,DE
4750,US
4751,CA
4752,CA
4753,DE
4754,CA
4755,DE
4756,CA
4757,GB
4758,CA
4759,CA
4760,GB
4761,CA
4762,US
4763,GB
4764,GB
4765,DE
4766,US
4767,DE
4768,US
4769,CA
4770,CA
4771,GB
4772,US
4773,DE
4774,DE
4775,GB
4776,US
4777,CA
4778,GB
4779,CA
4780,GB
4781,CA
4782,DE
4783,US
4784,DE
4785,CA
4786,GB
4787,CA
4788,GB
4789,DE
4790,CA
4791,DE
4792,GB
4793,DE
4794,DE
4795,GB
4796,GB
4797,DE
4798,CA
4799,CA
4800,CA
4801,DE
4802,CA
4803,DE
4804,US
4805,GB
4806,GB
4807,CA
4808,CA
4809,GB
4810,US
4811,US
4812,DE
4813,CA
4814,US
4815,US
4816,GB
4817,CA
4818,US
4819,US
4820,GB
4821,GB
4822,GB
4823,GB
4824,CA
4825,CA
4826,DE
4827,CA
4828,GB
4829,GB
4830,DE
4831,US
4832,CA
4833,DE
4834,DE
4835,GB
4836,US
4837,DE
4838,DE
4839,US
4840,CA
4841,US
4842,DE
4843,DE
4844,DE
4845,GB
4846,DE
4847,DE
4848,GB
4849,DE
4850,GB
4851,CA
4852,GB
4853,CA
4854,CA
4855,GB
4856,GB
4857,CA
4858,US
4859,GB
4860,GB
4861,DE
4862,US
4863,US
4864,DE
4865,DE
4866,GB
4867,DE
4868,DE
4869,US
4870,GB
4871,US
4872,US
4873,CA
4874,US
4875,CA
4876,GB
4877,GB
4878,CA
4879,US
4880,DE
4881,GB
4882,DE
4883,US
4884,US
4885,GB
4886,CA
4887,GB
4888,CA
4889,US
4890,GB
4891,GB
4892,US
4893,US
4894,GB
4895,DE
4896,DE
4897,CA
4898,US
4899,DE
4900,US
4901,DE
4902,GB
4903,GB
4904,CA
4905,DE
4906,CA
4907,DE
4908,CA
4909,GB
4910,GB
4911,CA
4912,US
4913,US
4914,US
4915,GB
4916,GB
4917,CA
4918,CA
4919,DE
4920,GB
4921,CA
4922,US
4923,US
4924,DE
4925,US
4926,DE
4927,CA
4928,CA
4929,GB
4930,GB
4931,DE
4932,US
4933,US
4934,DE
4935,US
4936,GB
4937,DE
4938,CA
4939,CA
4940,CA
4941,CA
4942,US
4943,CA
4944,GB
4945,DE
4946,US
4947,US
4948,DE
4949,DE
4950,GB
4951,US
4952,CA
4953,US
4954,DE
4955,DE
4956,GB
4957,DE
4958,DE
4959,GB
4960,GB
4961,US
4962,US
4963,DE
4964,GB
4965,US
4966,CA
4967,DE
4968,CA
4969,DE
4970,DE
4971,GB
4972,GB
4973,GB
4974,GB
4975,US
4976,US
4977,US
4978,GB
4979,GB
4980,DE
4981,GB
4982,US
4983,DE
4984,GB
4985,CA
4986,GB
4987,US
4988,GB
4989,DE
4990,DE
4991,CA
4992,DE
4993,GB
4994,US
4995,CA
4996,DE
4997,DE
4998,DE
4999,CA
5000,CA
5001,DE
5002,GB
5003,US
5004,GB
5005,GB
5006,US
5007,GB
5008,US
5009,GB
5010,US
5011,DE
5012,DE
5013,GB
5014,DE
5015,GB
5016,CA
5017,CA
5018,US
5019,US
5020,US
5021,US
5022,DE
5023,CA
5024,CA
5025,GB
5026,CA
5027,GB
5028,GB
5029,GB
5030,CA
5031,GB
5032,US
5033,GB
5034,US
5035,GB
5036,US
5037,US
5038,CA
5039,DE
5040,US
5041,GB
5042,GB
5043,GB
5044,CA
5045,GB
5046,CA
5047,US
5048,DE
5049,CA
5050,CA
5051,GB
5052,GB
5053,GB
5054,CA
5055,US
5056,US
5057,US
5058,US
5059,DE
5060,US
5061,US
5062,US
5063,CA
5064,GB
5065,US
5066,US
5067,GB
5068,DE
5069,GB
5070,US
5071,DE
5072,US
5073,GB
5074,GB
5075,US
5076,CA
5077,DE
5078,GB
5079,GB
5080,GB
5081,DE
5082,GB
5083,DE
5084,CA
5085,CA
5086,CA
5087,GB
5088,GB
5089,GB
5090,DE
5091,GB
5092,CA
5093,CA
5094,GB
5095,CA
5096,US
5097,US
5098,CA
5099,GB
5100,GB
5101,GB
5102,CA
5103,CA
5104,US
5105,GB
5106,GB
5107,DE
5108,GB
5109,US
5110,US
5111,CA
5112,US
5113,CA
5114,DE
5115,CA
5116,GB
5117,US
5118,DE
5119,DE
5120,CA
5121,CA
5122,DE
5123,CA
5124,GB
5125,CA
5126,US
5127,GB
5128,CA
5129,US
5130,US
5131,DE
5132,GB
5133,DE
5134,GB
5135,DE
5136,DE
5137,CA
5138,GB
5139,CA
5140,CA
5141,GB
5142,GB
5143,US
5144,US
5145,CA
5146,GB
5147,DE
5148,GB
5149,CA
5150,DE
5151,US
5152,GB
5153,CA
5154,US
5155,CA
5156,US
5157,US
5158,CA
5159,US
5160,CA
5161,GB
5162,DE
5163,CA
5164,CA
5165,CA
5166,GB
5167,CA
5168,US
5169,DE
5170,US
5171,CA
5172,GB
5173,GB
5174,US
5175,DE
5176,GB
5177,CA
5178,DE
5179,GB
5180,CA
5181,DE
5182,CA
5183,DE
5184,GB
5185,CA
5186,US
5187,CA
5188,DE
5189,US
5190,CA
5191,GB
5192,GB
5193,GB
5194,GB
5195,US
5196,GB
5197,CA
5198,CA
5199,CA
5200,DE
5201,DE
5202,CA
5203,GB
5204,GB
5205,CA
5206,CA
5207,US
5208,GB
5209,GB
5210,GB
5211,GB
5212,US
5213,CA
5214,GB
5215,GB
5216,GB
5217,DE
5218,GB
5219,CA
5220,GB
5221,US
5222,DE
5223,CA
5224,US
5225,GB
5226,US
5227,US
5228,US
5229,US
5230,CA
5231,CA
5232,US
5233,GB
5234,CA
5235,US
5236,DE
5237,DE
5238,GB
5239,US
5240,CA
5241,CA
5242,GB
5243,GB
5244,CA
5245,GB
5246,CA
5247,GB
5248,DE
5249,GB
5250,CA
5251,DE
5252,GB
5253,CA
5254,US
5255,GB
5256,DE
5257,US
5258,CA
5259,CA
5260,CA
5261,CA
5262,GB
5263,US
5264,US
5265,DE
5266,CA
5267,CA
5268,GB
5269,DE
5270,CA
5271,US
5272,DE
5273,GB
5274,CA
5275,DE
5276,US
5277,CA
5278,DE
5279,CA
5280,DE
5281,GB
5282,US
5283,US
5284,CA
5285,DE
5286,GB
5287,DE
5288,US
5289,GB
5290,DE
5291,DE
5292,US
5293,GB
5294,DE
5295,GB
5296,US
5297,CA
5298,GB
5299,US
5300,GB
5301,CA
5302,DE
5303,GB
5304,GB
5305,GB
5306,GB
5307,GB
5308,CA
5309,GB
5310,DE
5311,US
5312,GB
5313,GB
5314,DE
5315,DE
5316,DE
5317,US
5318,US
5319,US
5320,GB
5321,GB
5322,GB
5323,CA
5324,DE
5325,DE
5326,US
5327,CA
5328,US
5329,DE
5330,GB
5331,US
5332,CA
5333,CA
5334,GB
5335,GB
5336,US
5337,CA
5338,CA
5339,US
5340,DE
5341,GB
5342,GB
5343,DE
5344,US
5345,CA
5346,DE
5347,GB
5348,GB
5349,GB
5350,DE
5351,CA
5352,US
5353,CA
5354,US
5355,DE
5356,CA
5357,DE
5358,GB
5359,GB
5360,CA
5361,GB
5362,GB
5363,DE
5364,DE
5365,DE
5366,US
5367,US
5368,DE
5369,US
5370,CA
5371,DE
5372,GB
5373,CA
5374,DE
5375,CA
5376,DE
5377,CA
5378,GB
5379,DE
5380,GB
5381,US
5382,CA
5383,DE
5384,CA
5385,CA
5386,GB
5387,DE
5388,GB
5389,CA
5390,DE
5391,US
5392,GB
5393,CA
5394,CA
5395,GB
5396,US
5397,US
5398,US
5399,CA
5400,GB
5401,GB
5402,GB
5403,DE
5404,US
5405,US
5406,GB
5407,DE
5408,US
5409,GB
5410,CA
5411,US
5412,CA
5413,CA
5414,DE
5415,GB
5416,DE
5417,CA
5418,CA
5419,DE
5420,GB
5421,CA
5422,DE
5423,US
5424,US
5425,US
5426,US
5427,DE
5428,CA
5429,CA
5430,US
5431,CA
5432,US
5433,US
5434,GB
5435,GB
5436,DE
5437,GB
5438,US
5439,CA
5440,GB
5441,GB
5442,GB
5443,DE
5444,GB
5445,GB
5446,GB
5447,CA
5448,DE
5449,DE
5450,US
5451,GB
5452,US
5453,DE
5454,GB
5455,DE
5456,US
5457,US
5458,CA
5459,US
5460,CA
5461,DE
5462,CA
5463,CA
5464,US
5465,US
5466,US
5467,GB
5468,GB
5469,DE
5470,US
5471,CA
5472,US
5473,CA
5474,DE
5475,GB
5476,US
5477,GB
5478,GB
5479,CA
5480,CA
5481,CA
5482,CA
5483,CA
5484,DE
5485,GB
5486,US
5487,GB
5488,CA
5489,GB
5490,DE
5491,GB
5492,US
5493,DE
5494,CA
5495,CA
5496,DE
5497,GB
5498,DE
5499,CA
5500,CA
5501,DE
5502,US
5503,US
5504,CA
5505,US
5506,CA
5507,GB
5508,US
5509,DE
5510,DE
5511,GB
5512,CA
5513,US
5514,DE
5515,GB
5516,DE
5517,CA
5518,DE
5519,US
5520,DE
5521,GB
5522,US
5523,CA
5524,DE
5525,GB
5526,CA
5527,GB
5528,DE
5529,CA
5530,GB
5531,DE
5532,DE
5533,GB
5534,GB
5535,CA
5536,GB
5537,GB
5538,US
5539,CA
5540,US
5541,DE
5542,CA
5543,DE
5544,DE
5545,GB
5546,GB
5547,US
5548,CA
5549,US
5550,DE
5551,US
5552,CA
5553,GB
5554,GB
5555,CA
5556,US
5557,US
5558,DE
5559,DE
5560,US
5561,US
5562,US
5563,DE
5564,CA
5565,DE
5566,DE
5567,US
5568,GB
5569,DE
5570,DE
5571,US
5572,US
5573,CA
5574,CA
5575,US
5576,US
5577,CA
5578,DE
5579,GB
5580,US
5581,CA
5582,DE
5583,GB
5584,DE
5585,CA
5586,DE
5587,GB
5588,DE
5589,US
5590,DE
5591,GB
5592,DE
5593,CA
5594,CA
5595,DE
5596,US
5597,DE
5598,CA
5599,CA
5600,CA
5601,CA
5602,CA
5603,DE
5604,US
5605,US
5606,CA
5607,DE
5608,GB
5609,DE
5610,CA
5611,DE
5612,CA
5613,CA
5614,CA
5615,GB
5616,DE
5617,CA
5618,CA
5619,US
5620,GB
5621,CA
5622,GB
5623,US
5624,GB
5625,CA
5626,DE
5627,US
5628,DE
5629,DE
5630,GB
5631,GB
5632,CA
5633,CA
5634,GB
5635,CA
5636,CA
5637,GB
5638,CA
5639,GB
5640,DE
5641,US
5642,DE
5643,CA
5644,DE
5645,DE
5646,CA
5647,DE
5648,US
5649,CA
5650,DE
5651,US
5652,GB
5653,GB
5654,CA
5655,CA
5656,US
5657,DE
5658,DE
5659,CA
5660,US
5661,CA
5662,DE
5663,CA
5664,DE
5665,US
5666,GB
5667,CA
5668,CA
5669,GB
5670,DE
5671,GB
5672,US
5673,GB
5674,GB
5675,CA
5676,GB
5677,GB
5678,DE
5679,GB
5680,US
5681,CA
5682,GB
5683,DE
5684,DE
5685,GB
5686,CA
5687,CA
5688,US
5689,US
5690,DE
5691,CA
5692,DE
5693,CA
5694,US
5695,GB
5696,CA
5697,CA
5698,DE
5699,CA
5700,DE
5701,CA
5702,GB
5703,CA
5704,US
5705,US
5706,US
5707,GB
5708,US
5709,US
5710,CA
5711,US
5712,US
5713,GB
5714,US
5715,CA
5716,US
5717,DE
5718,CA
5719,GB
5720,DE
5721,DE
5722,CA
5723,GB
5724,GB
5725,US
5726,GB
5727,DE
5728,DE
5729,CA
5730,GB
5731,DE
5732,CA
5733,DE
5734,CA
5735,CA
5736,CA
5737,DE
5738,DE
5739,DE
5740,US
5741,US
5742,GB
5743,GB
5744,US
5745,CA
5746,GB
5747,CA
5748,US
5749,DE
5750,CA
5751,CA
5752,US
5753,DE
5754,GB
5755,US
5756,DE
5757,CA
5758,US
5759,US
5760,CA
5761,US
5762,GB
5763,US
5764,GB
5765,US
5766,US
5767,CA
5768,US
5769,US
5770,CA
5771,DE
5772,DE
5773,GB
5774,US
5775,US
5776,US
5777,DE
5778,CA
5779,DE
5780,DE
5781,US
5782,CA
5783,US
5784,DE
5785,US
5786,GB
5787,US
5788,CA
5789,CA
5790,US
5791,DE
5792,US
5793,US
5794,DE
5795,CA
5796,DE
5797,CA
5798,GB
5799,CA
5800,GB
5801,US
5802,DE
5803,CA
5804,GB
5805,DE
5806,US
5807,GB
5808,US
5809,CA
5810,GB
5811,GB
5812,GB
5813,GB
5814,DE
5815,GB
5816,US
5817,CA
5818,DE
5819,US
5820,GB
5821,GB
5822,GB
5823,US
5824,GB
5825,US
5826,CA
5827,CA
5828,US
5829,US
5830,GB
5831,CA
5832,CA
5833,CA
5834,DE
5835,US
5836,CA
5837,DE
5838,US
5839,CA
5840,GB
5841,CA
5842,GB
5843,US
5844,CA
5845,US
5846,GB
5847,DE
5848,CA
5849,GB
5850,US
5851,US
5852,CA
5853,DE
5854,CA
5855,US
5856,US
5857,US
5858,US
5859,GB
5860,CA
5861,DE
5862,GB
5863,CA
5864,US
5865,DE
5866,GB
5867,DE
5868,GB
5869,GB
5870,GB
5871,DE
5872,GB
5873,US
5874,CA
5875,CA
5876,DE
5877,DE
5878,US
5879,US
5880,CA
5881,CA
5882,CA
5883,CA
5884,US
5885,GB
5886,DE
5887,CA
5888,US
5889,CA
5890,GB
5891,CA
5892,CA
5893,DE
5894,GB
5895,CA
5896,GB
5897,DE
5898,US
5899,US
5900,DE
5901,DE
5902,GB
5903,DE
5904,DE
5905,US
5906,US
5907,GB
5908,CA
5909,GB
5910,GB
5911,DE
5912,GB
5913,US
5914,GB
5915,DE
5916,DE
5917,GB
5918,US
5919,GB
5920,GB
5921,DE
5922,GB
5923,US
5924,CA
5925,US
5926,DE
5927,CA
5928,CA
5929,US
5930,CA
5931,CA
5932,DE
5933,CA
5934,DE
5935,DE
5936,DE
5937,CA
5938,GB
5939,DE
5940,US
5941,US
5942,DE
5943,CA
5944,CA
5945,GB
5946,US
5947,CA
5948,DE
5949,DE
5950,US
5951,US
5952,US
5953,DE
5954,DE
5955,CA
5956,CA
5957,GB
5958,DE
5959,CA
5960,CA
5961,US
5962,GB
5963,CA
5964,DE
5965,US
5966,CA
5967,GB
5968,DE
5969,DE
5970,GB
5971,DE
5972,US
5973,DE
5974,GB
5975,CA
5976,DE
5977,CA
5978,US
5979,CA
5980,CA
5981,GB
5982,GB
5983,US
5984,DE
5985,GB
5986,CA
5987,US
5988,US
5989,US
5990,DE
5991,GB
5992,US
5993,CA
5994,CA
5995,CA
5996,DE
5997,GB
5998,US
5999,US
6000,CA
6001,GB
6002,US
6003,US
6004,GB
6005,US
6006,GB
6007,US
6008,US
6009,DE
6010,CA
6011,DE
6012,US
6013,GB
6014,GB
6015,CA
6016,DE
6017,DE
6018,CA
6019,US
6020,GB
6021,US
6022,GB
6023,GB
6024,DE
6025,US
6026,US
6027,DE
6028,CA
6029,CA
6030,GB
6031,US
6032,GB
6033,US
6034,CA
6035,GB
6036,GB
6037,GB
6038,DE
6039,DE
6040,US
6041,CA
6042,CA
6043,US
6044,DE
6045,CA
6046,DE
6047,US
6048,GB
6049,US
6050,CA
6051,DE
6052,DE
6053,US
6054,CA
6055,US
6056,GB
6057,US
6058,GB
6059,DE
6060,GB
6061,US
6062,CA
6063,GB
6064,DE
6065,US
6066,CA
6067,GB
6068,GB
6069,GB
6070,CA
6071,DE
6072,DE
6073,GB
6074,US
6075,GB
6076,DE
6077,DE
6078,GB
6079,DE
6080,US
6081,DE
6082,DE
6083,US
6084,US
6085,GB
6086,DE
6087,CA
6088,GB
6089,GB
6090,US
6091,CA
6092,DE
6093,GB
6094,CA
6095,US
6096,DE
6097,US
6098,CA
6099,DE
6100,US
6101,GB
6102,DE
6103,GB
6104,US
6105,CA
6106,DE
6107,US
6108,CA
6109,GB
6110,DE
6111,GB
6112,GB
6113,GB
6114,CA
6115,US
6116,DE
6117,DE
6118,US
6119,CA
6120,GB
6121,DE
6122,CA
6123,US
6124,US
6125,GB
6126,US
6127,US
6128,DE
6129,DE
6130,DE
6131,DE
6132,GB
6133,GB
6134,DE
6135,DE
6136,US
6137,DE
6138,DE
6139,DE
6140,DE
6141,GB
6142,DE
6143,US
6144,DE
6145,US
6146,GB
6147,DE
6148,US
6149,US
6150,US
6151,GB
6152,DE
6153,DE
6154,DE
6155,US
6156,CA
6157,GB
6158,US
6159,CA
6160,DE
6161,CA
6162,GB
6163,GB
6164,DE
6165,DE
6166,GB
6167,US
6168,GB
6169,DE
6170,CA
6171,DE
6172,CA
6173,GB
6174,US
6175,CA
6176,US
6177,GB
6178,CA
6179,DE
6180,DE
6181,DE
6182,GB
6183,GB
6184,DE
6185,US
6186,DE
6187,DE
6188,GB
6189,US
6190,DE
6191,GB
6192,CA
6193,CA
6194,DE
6195,US
6196,GB
6197,DE
6198,US
6199,CA
6200,DE
6201,US
6202,DE
6203,CA
6204,GB
6205,GB
6206,DE
6207,GB
6208,DE
6209,CA
6210,DE
6211,DE
6212,US
6213,GB
6214,GB
6215,US
6216,GB
6217,DE
6218,DE
6219,DE
6220,US
6221,CA
6222,GB
6223,US
6224,US
6225,DE
6226,DE
6227,GB
6228,US
6229,DE
6230,DE
6231,CA
6232,CA
6233,CA
6234,GB
6235,DE
6236,GB
6237,DE
6238,GB
6239,CA
6240,DE
6241,DE
6242,GB
6243,CA
6244,US
6245,US
6246,GB
6247,CA
6248,DE
6249,DE
6250,US
6251,DE
6252,US
6253,US
6254,GB
6255,CA
6256,CA
6257,US
6258,US
6259,US
6260,US
6261,CA
6262,DE
6263,CA
6264,CA
6265,US
6266,DE
6267,US
6268,DE
6269,GB
6270,CA
6271,GB
6272,DE
6273,DE
6274,GB
6275,US
6276,CA
6277,CA
6278,DE
6279,CA
6280,CA
6281,CA
6282,GB
6283,CA
6284,GB
6285,GB
6286,US
6287,GB
6288,GB
6289,CA
6290,DE
6291,DE
6292,US
6293,GB
6294,CA
6295,CA
6296,US
6297,GB
6298,GB
6299,US
6300,US
6301,DE
6302,CA
6303,GB
6304,DE
6305,CA
6306,DE
6307,CA
6308,GB
6309,US
6310,GB
6311,DE
6312,DE
6313,US
6314,GB
6315,DE
6316,CA
6317,GB
6318,GB
6319,GB
6320,CA
6321,GB
6322,US
6323,CA
6324,DE
6325,US
6326,DE
6327,DE
6328,GB
6329,DE
6330,US
6331,US
6332,DE
6333,US
6334,DE
6335,US
6336,CA
6337,GB
6338,US
6339,CA
6340,US
6341,US
6342,DE
6343,GB
6344,CA
6345,CA
6346,DE
6347,GB
6348,DE
6349,GB
6350,US
6351,DE
6352,GB
6353,DE
6354,GB
6355,US
6356,US
6357,GB
6358,DE
6359,DE
6360,US
6361,DE
6362,GB
6363,CA
6364,DE
6365,CA
6366,GB
6367,CA
6368,US
6369,CA
6370,CA
6371,CA
6372,DE
6373,CA
6374,CA
6375,GB
6376,CA
6377,DE
6378,DE
6379,DE
6380,DE
6381,US
6382,DE
6383,GB
6384,DE
6385,CA
6386,DE
6387,CA
6388,GB
6389,CA
6390,CA
6391,US
6392,US
6393,GB
6394,CA
6395,DE
6396,GB
6397,GB
6398,GB
6399,CA
6400,US
6401,CA
6402,CA
6403,DE
6404,GB
6405,US
6406,DE
6407,CA
6408,DE
6409,US
6410,CA
6411,GB
6412,DE
6413,GB
6414,GB
6415,DE
6416,US
6417,DE
6418,DE
6419,CA
6420,CA
6421,GB
6422,DE
6423,CA
6424,DE
6425,GB
6426,GB
6427,GB
6428,GB
6429,CA
6430,CA
6431,GB
6432,US
6433,US
6434,CA
6435,DE
6436,CA
6437,GB
6438,GB
6439,DE
6440,CA
6441,GB
6442,GB
6443,DE
6444,GB
6445,DE
6446,DE
6447,GB
6448,US
6449,GB
6450,GB
6451,CA
6452,DE
6453,CA
6454,CA
6455,CA
6456,CA
6457,US
6458,CA
6459,US
6460,US
6461,US
6462,CA
6463,US
6464,DE
6465,GB
6466,DE
6467,US
6468,GB
6469,DE
6470,CA
6471,DE
6472,GB
6473,DE
6474,DE
6475,DE
6476,US
6477,CA
6478,CA
6479,DE
6480,DE
6481,GB
6482,DE
6483,CA
6484,US
6485,US
6486,CA
6487,GB
6488,DE
6489,DE
6490,DE
6491,GB
6492,DE
6493,GB
6494,DE
6495,DE
6496,GB
6497,GB
6498,GB
6499,US
6500,DE
6501,GB
6502,US
6503,GB
6504,DE
6505,DE
6506,DE
6507,US
6508,DE
6509,CA
6510,GB
6511,US
6512,CA
6513,GB
6514,DE
6515,GB
6516,US
6517,GB
6518,CA
6519,GB
6520,GB
6521,CA
6522,CA
6523,GB
6524,CA
6525,DE
6526,US
6527,US
6528,CA
6529,DE
6530,CA
6531,DE
6532,GB
6533,US
6534,CA
6535,DE
6536,US
6537,DE
6538,DE
6539,US
6540,GB
6541,DE
6542,GB
6543,GB
6544,CA
6545,GB
6546,GB
6547,CA
6548,GB
6549,US
6550,GB
6551,US
6552,DE
6553,CA
6554,DE
6555,GB
6556,CA
6557,GB
6558,US
6559,DE
6560,US
6561,US
6562,GB
6563,DE
6564,CA
6565,US
6566,DE
6567,CA
6568,US
6569,CA
6570,US
6571,DE
6572,US
6573,CA
6574,CA
6575,CA
6576,US
6577,CA
6578,US
6579,US
6580,GB
6581,CA
6582,DE
6583,DE
6584,DE
6585,US
6586,CA
6587,US
6588,DE
6589,GB
6590,GB
6591,US
6592,GB
6593,US
6594,US
6595,US
6596,GB
6597,US
6598,CA
6599,GB
6600,CA
6601,US
6602,CA
6603,GB
6604,US
6605,US
6606,CA
6607,GB
6608,US
6609,CA
6610,DE
6611,GB
6612,US
6613,DE
6614,CA
6615,GB
6616,GB
6617,GB
6618,GB
6619,GB
6620,CA
6621,CA
6622,CA
6623,GB
6624,DE
6625,DE
6626,US
6627,DE
6628,CA
6629,GB
6630,GB
6631,DE
6632,DE
6633,GB
6634,GB
6635,DE
6636,CA
6637,US
6638,GB
6639,US
6640,DE
6641,US
6642,DE
6643,CA
6644,CA
6645,GB
6646,CA
6647,GB
6648,DE
6649,US
6650,US
6651,DE
6652,DE
6653,DE
6654,CA
6655,GB
6656,US
6657,CA
6658,GB
6659,GB
6660,DE
6661,GB
6662,GB
6663,GB
6664,CA
6665,GB
6666,GB
6667,GB
6668,GB
6669,US
6670,CA
6671,US
6672,CA
6673,US
6674,CA
6675,DE
6676,DE
6677,CA
6678,GB
6679,GB
6680,DE
6681,CA
6682,GB
6683,GB
6684,GB
6685,US
6686,GB
6687,DE
6688,US
6689,US
6690,US
6691,US
6692,DE
6693,GB
6694,CA
6695,GB
6696,US
6697,US
6698,DE
6699,DE
6700,DE
6701,DE
6702,CA
6703,DE
6704,US
6705,US
6706,US
6707,US
6708,CA
6709,GB
6710,DE
6711,DE
6712,GB
6713,CA
6714,CA
6715,DE
6716,DE
6717,DE
6718,CA
6719,GB
6720,CA
6721,DE
6722,CA
6723,CA
6724,US
6725,GB
6726,DE
6727,CA
6728,CA
6729,GB
6730,DE
6731,CA
6732,US
6733,DE
6734,US
6735,GB
6736,CA
6737,CA
6738,GB
6739,GB
6740,GB
6741,GB
6742,DE
6743,DE
6744,DE
6745,GB
6746,GB
6747,GB
6748,CA
6749,CA
6750,CA
6751,GB
6752,DE
6753,DE
6754,DE
6755,DE
6756,GB
6757,US
6758,CA
6759,CA
6760,US
6761,GB
6762,CA
6763,DE
6764,GB
6765,GB
6766,DE
6767,GB
6768,GB
6769,US
6770,GB
6771,GB
6772,GB
6773,GB
6774,GB
6775,DE
6776,DE
6777,GB
6778,CA
6779,GB
6780,CA
6781,DE
6782,CA
6783,DE
6784,CA
6785,GB
6786,GB
6787,DE
6788,GB
6789,DE
6790,DE
6791,GB
6792,CA
6793,US
6794,US
6795,US
6796,US
6797,GB
6798,DE
6799,DE
6800,CA
6801,DE
6802,DE
6803,US
6804,GB
6805,GB
6806,GB
6807,US
6808,GB
6809,DE
6810,US
6811,CA
6812,US
6813,GB
6814,DE
6815,GB
6816,DE
6817,DE
6818,DE
6819,US
6820,US
6821,US
6822,CA
6823,DE
6824,GB
6825,US
6826,CA
6827,DE
6828,DE
6829,CA
6830,GB
6831,GB
6832,GB
6833,CA
6834,US
6835,CA
6836,US
6837,GB
6838,GB
6839,CA
6840,DE
6841,DE
6842,US
6843,CA
6844,US
6845,GB
6846,US
6847,DE
6848,US
6849,CA
6850,US
6851,DE
6852,GB
6853,GB
6854,DE
6855,CA
6856,CA
6857,GB
6858,CA
6859,CA
6860,US
6861,DE
6862,CA
6863,GB
6864,GB
6865,DE
6866,CA
6867,CA
6868,GB
6869,DE
6870,DE
6871,US
6872,DE
6873,GB
6874,US
6875,GB
6876,GB
6877,GB
6878,US
6879,US
6880,GB
6881,CA
6882,US
6883,DE
6884,US
6885,GB
6886,GB
6887,DE
6888,CA
6889,CA
6890,GB
6891,CA
6892,DE
6893,GB
6894,GB
6895,US
6896,DE
6897,DE
6898,US
6899,US
6900,GB
6901,US
6902,CA
6903,CA
6904,CA
6905,CA
6906,GB
6907,CA
6908,CA
6909,DE
6910,GB
6911,US
6912,US
6913,GB
6914,GB
6915,GB
6916,US
6917,US
6918,CA
6919,GB
6920,CA
6921,US
6922,GB
6923,US
6924,CA
6925,DE
6926,CA
6927,DE
6928,DE
6929,DE
6930,DE
6931,US
6932,CA
6933,CA
6934,DE
6935,US
6936,US
6937,US
6938,DE
6939,CA
6940,US
6941,US
6942,DE
6943,US
6944,GB
6945,DE
6946,US
6947,US
6948,GB
6949,DE
6950,DE
6951,DE
6952,US
6953,GB
6954,GB
6955,DE
6956,US
6957,US
6958,DE
6959,US
6960,DE
6961,DE
6962,DE
6963,GB
6964,GB
6965,US
6966,US
6967,CA
6968,CA
6969,DE
6970,DE
6971,US
6972,DE
6973,US
6974,US
6975,DE
6976,GB
6977,US
6978,CA
6979,DE
6980,US
6981,GB
6982,GB
6983,GB
6984,GB
6985,US
6986,DE
6987,DE
6988,CA
6989,DE
6990,GB
6991,DE
6992,DE
6993,CA
6994,US
6995,CA
6996,US
6997,CA
6998,DE
6999,US
7000,US
7001,GB
7002,DE
7003,CA
7004,GB
7005,GB
7006,GB
7007,US
7008,DE
7009,GB
7010,US
7011,DE
7012,CA
7013,GB
7014,GB
7015,DE
7016,DE
7017,CA
7018,DE
7019,US
7020,US
7021,GB
7022,CA
7023,CA
7024,DE
7025,CA
7026,DE
7027,US
7028,US
7029,US
7030,US
7031,US
7032,GB
7033,CA
7034,DE
7035,DE
7036,US
7037,US
7038,US
7039,DE
7040,CA
7041,GB
7042,DE
7043,DE
7044,CA
7045,CA
7046,GB
7047,GB
7048,DE
7049,US
7050,DE
7051,GB
7052,US
7053,DE
7054,GB
7055,CA
7056,CA
7057,CA
7058,US
7059,DE
7060,CA
7061,GB
7062,CA
7063,US
7064,CA
7065,DE
7066,CA
7067,DE
7068,GB
7069,US
7070,DE
7071,CA
7072,DE
7073,CA
7074,US
7075,DE
7076,US
7077,US
7078,GB
7079,DE
7080,DE
7081,CA
7082,GB
7083,DE
7084,US
7085,CA
7086,US
7087,US
7088,GB
7089,CA
7090,US
7091,DE
7092,GB
7093,CA
7094,US
7095,GB
7096,GB
7097,US
7098,CA
7099,CA
7100,DE
7101,GB
7102,CA
7103,US
7104,CA
7105,US
7106,US
7107,CA
7108,DE
7109,GB
7110,US
7111,DE
7112,CA
7113,GB
7114,CA
7115,GB
7116,GB
7117,CA
7118,GB
7119,US
7120,DE
7121,DE
7122,CA
7123,US
7124,CA
7125,DE
7126,US
7127,DE
7128,DE
7129,US
7130,DE
7131,US
7132,CA
7133,DE
7134,CA
7135,US
7136,CA
7137,CA
7138,CA
7139,US
7140,DE
7141,CA
7142,GB
7143,GB
7144,GB
7145,DE
7146,GB
7147,GB
7148,GB
7149,CA
7150,CA
7151,US
7152,DE
7153,GB
7154,GB
7155,DE
7156,GB
7157,DE
7158,GB
7159,GB
7160,CA
7161,US
7162,US
7163,CA
7164,US
7165,DE
7166,GB
7167,CA
7168,DE
7169,DE
7170,US
7171,CA
7172,CA
7173,CA
7174,GB
7175,DE
7176,CA
7177,CA
7178,GB
7179,CA
7180,US
7181,CA
7182,CA
7183,US
7184,DE
7185,CA
7186,CA
7187,CA
7188,US
7189,GB
7190,DE
7191,DE
7192,US
7193,CA
7194,US
7195,DE
7196,DE
7197,DE
7198,CA
7199,CA
7200,DE
7201,GB
7202,CA
7203,US
7204,US
7205,GB
7206,DE
7207,CA
7208,CA
7209,CA
7210,CA
7211,CA
7212,GB
7213,US
7214,US
7215,US
7216,GB
7217,US
7218,CA
7219,DE
7220,GB
7221,US
7222,DE
7223,DE
7224,DE
7225,CA
7226,CA
7227,DE
7228,US
7229,CA
7230,DE
7231,CA
7232,GB
7233,DE
7234,CA
7235,US
7236,DE
7237,US
7238,US
7239,US
7240,GB
7241,DE
7242,US
7243,GB
7244,DE
7245,DE
7246,CA
7247,DE
7248,DE
7249,US
7250,GB
7251,DE
7252,CA
7253,CA
7254,DE
7255,GB
7256,CA
7257,DE
7258,GB
7259,GB
7260,US
7261,GB
7262,CA
7263,GB
7264,CA
7265,GB
7266,CA
7267,US
7268,DE
7269,DE
7270,US
7271,CA
7272,DE
7273,US
7274,DE
7275,CA
7276,GB
7277,DE
7278,GB
7279,CA
7280,US
7281,DE
7282,CA
7283,GB
7284,GB
7285,US
7286,GB
7287,DE
7288,DE
7289,GB
7290,GB
7291,US
7292,DE
7293,DE
7294,CA
7295,DE
7296,CA
7297,CA
7298,DE
7299,US
7300,GB
7301,US
7302,DE
7303,CA
7304,US
7305,GB
7306,DE
7307,DE
7308,US
7309,DE
7310,US
7311,GB
7312,DE
7313,DE
7314,US
7315,DE
7316,US
7317,DE
7318,GB
7319,US
7320,GB
7321,GB
7322,US
7323,US
7324,CA
7325,DE
7326,DE
7327,US
7328,DE
7329,DE
7330,US
7331,US
7332,US
7333,US
7334,GB
7335,US
7336,GB
7337,CA
7338,US
7339,GB
7340,US
7341,US
7342,GB
7343,DE
7344,CA
7345,GB
7346,US
7347,GB
7348,US
7349,US
7350,DE
7351,GB
7352,US
7353,GB
7354,DE
7355,GB
7356,CA
7357,DE
7358,DE
7359,GB
7360,DE
7361,DE
7362,CA
7363,CA
7364,DE
7365,DE
7366,DE
7367,GB
7368,DE
7369,US
7370,DE
7371,GB
7372,US
7373,US
7374,US
7375,DE
7376,GB
7377,CA
7378,CA
7379,CA
7380,US
7381,GB
7382,GB
7383,GB
7384,GB
7385,CA
7386,DE
7387,US
7388,GB
7389,DE
7390,US
7391,US
7392,GB
7393,CA
7394,US
7395,DE
7396,CA
7397,DE
7398,US
7399,DE
7400,DE
7401,GB
7402,US
7403,CA
7404,GB
7405,DE
7406,US
7407,GB
7408,GB
7409,GB
7410,US
7411,GB
7412,GB
7413,DE
7414,DE
7415,GB
7416,CA
7417,CA
7418,GB
7419,US
7420,CA
7421,DE
7422,GB
7423,US
7424,GB
7425,US
7426,CA
7427,GB
7428,GB
7429,DE
7430,US
7431,CA
7432,CA
7433,CA
7434,CA
7435,US
7436,CA
7437,DE
7438,GB
7439,US
7440,DE
7441,CA
7442,DE
7443,GB
7444,GB
7445,US
7446,GB
7447,GB
7448,CA
7449,DE
7450,US
7451,CA
7452,DE
7453,GB
7454,DE
7455,GB
7456,GB
7457,US
7458,GB
7459,US
7460,US
7461,DE
7462,GB
7463,CA
7464,US
7465,DE
7466,GB
7467,DE
7468,GB
7469,CA
7470,US
7471,CA
7472,CA
7473,DE
7474,DE
7475,CA
7476,CA
7477,DE
7478,DE
7479,US
7480,DE
7481,GB
7482,DE
7483,DE
7484,US
7485,CA
7486,GB
7487,CA
7488,CA
7489,US
7490,US
7491,US
7492,GB
7493,CA
7494,DE
7495,GB
7496,CA
7497,GB
7498,CA
7499,DE
7500,US
7501,US
7502,GB
7503,DE
7504,GB
7505,CA
7506,DE
7507,US
7508,DE
7509,CA
7510,GB
7511,GB
7512,US
7513,CA
7514,CA
7515,GB
7516,DE
7517,GB
7518,US
7519,US
7520,GB
7521,US
7522,US
7523,GB
7524,CA
7525,US
7526,CA
7527,GB
7528,CA
7529,GB
7530,US
7531,DE
7532,CA
7533,CA
7534,DE
7535,US
7536,DE
7537,US
7538,US
7539,DE
7540,CA
7541,DE
7542,US
7543,GB
7544,US
7545,CA
7546,US
7547,CA
7548,DE
7549,GB
7550,US
7551,CA
7552,CA
7553,GB
7554,US
7555,CA
7556,DE
7557,CA
7558,CA
7559,DE
7560,US
7561,CA
7562,US
7563,GB
7564,DE
7565,US
7566,GB
7567,DE
7568,DE
7569,CA
7570,DE
7571,CA
7572,US
7573,US
7574,GB
7575,GB
7576,GB
7577,US
7578,GB
7579,GB
7580,DE
7581,US
7582,US
7583,CA
7584,DE
7585,CA
7586,GB
7587,DE
7588,GB
7589,GB
7590,US
7591,US
7592,CA
7593,DE
7594,DE
7595,GB
7596,GB
7597,DE
7598,DE
7599,CA
7600,DE
7601,GB
7602,GB
7603,US
7604,CA
7605,GB
7606,GB
7607,GB
7608,DE
7609,DE
7610,GB
7611,DE
7612,DE
7613,DE
7614,DE
7615,US
7616,DE
7617,US
7618,CA
7619,DE
7620,GB
7621,US
7622,GB
7623,GB
7624,DE
7625,US
7626,GB
7627,GB
7628,GB
7629,US
7630,GB
7631,CA
7632,DE
7633,GB
7634,DE
7635,DE
7636,US
7637,CA
7638,DE
7639,US
7640,US
7641,US
7642,DE
7643,CA
7644,US
7645,US
7646,CA
7647,GB
7648,DE
7649,CA
7650,DE
7651,US
7652,GB
7653,GB
7654,DE
7655,GB
7656,US
7657,DE
7658,US
7659,DE
7660,GB
7661,CA
7662,US
7663,GB
7664,US
7665,CA
7666,US
7667,DE
7668,GB
7669,US
7670,GB
7671,GB
7672,GB
7673,US
7674,GB
7675,GB
7676,GB
7677,DE
7678,US
7679,CA
7680,GB
7681,CA
7682,DE
7683,DE
7684,DE
7685,US
7686,DE
7687,DE
7688,GB
7689,GB
7690,GB
7691,CA
7692,GB
7693,US
7694,GB
7695,CA
7696,US
7697,CA
7698,DE
7699,DE
7700,DE
7701,US
7702,GB
7703,GB
7704,GB
7705,CA
7706,US
7707,US
7708,DE
7709,GB
7710,GB
7711,GB
7712,DE
7713,GB
7714,US
7715,CA
7716,US
7717,CA
7718,US
7719,US
7720,GB
7721,CA
7722,DE
7723,DE
7724,CA
7725,US
7726,GB
7727,US
7728,US
7729,DE
7730,DE
7731,US
7732,DE
7733,DE
7734,DE
7735,GB
7736,CA
7737,DE
7738,US
7739,GB
7740,GB
7741,CA
7742,DE
7743,DE
7744,CA
7745,GB
7746,GB
7747,DE
7748,DE
7749,DE
7750,DE
7751,CA
7752,DE
7753,US
7754,US
7755,CA
7756,GB
7757,DE
7758,US
7759,DE
7760,CA
7761,CA
7762,US
7763,CA
7764,US
7765,US
7766,CA
7767,DE
7768,GB
7769,CA
7770,DE
7771,GB
7772,CA
7773,CA
7774,GB
7775,DE
7776,US
7777,US
7778,GB
7779,US
7780,DE
7781,US
7782,US
7783,GB
7784,DE
7785,CA
7786,US
7787,CA
7788,CA
7789,DE
7790,CA
7791,DE
7792,DE
7793,CA
7794,CA
7795,GB
7796,DE
7797,DE
7798,GB
7799,US
7800,GB
7801,CA
7802,CA
7803,GB
7804,US
7805,GB
7806,GB
7807,CA
7808,DE
7809,US
7810,GB
7811,GB
7812,DE
7813,GB
7814,GB
7815,US
7816,US
7817,CA
7818,DE
7819,CA
7820,CA
7821,CA
7822,CA
7823,GB
7824,US
7825,US
7826,US
7827,US
7828,GB
7829,DE
7830,GB
7831,DE
7832,GB
7833,GB
7834,GB
7835,GB
7836,CA
7837,CA
7838,DE
7839,DE
7840,DE
7841,DE
7842,US
7843,DE
7844,CA
7845,US
7846,CA
7847,CA
7848,CA
7849,GB
7850,CA
7851,CA
7852,DE
7853,CA
7854,CA
7855,GB
7856,DE
7857,GB
7858,DE
7859,CA
7860,US
7861,DE
7862,CA
7863,GB
7864,GB
7865,GB
7866,GB
7867,US
7868,CA
7869,DE
7870,CA
7871,CA
7872,GB
7873,US
7874,CA
7875,GB
7876,CA
7877,CA
7878,GB
7879,DE
7880,US
7881,DE
7882,GB
7883,US
7884,US
7885,US
7886,US
7887,GB
7888,GB
7889,CA
7890,GB
7891,CA
7892,DE
7893,CA
7894,US
7895,CA
7896,GB
7897,US
7898,GB
7899,DE
7900,US
7901,US
7902,CA
7903,GB
7904,US
7905,GB
7906,US
7907,GB
7908,US
7909,US
7910,GB
7911,US
7912,CA
7913,DE
7914,US
7915,DE
7916,GB
7917,GB
7918,DE
7919,GB
7920,CA
7921,GB
7922,DE
7923,GB
7924,US
7925,CA
7926,GB
7927,GB
7928,GB
7929,DE
7930,CA
7931,CA
7932,DE
7933,GB
7934,GB
7935,CA
7936,CA
7937,DE
7938,DE
7939,DE
7940,DE
7941,GB
7942,GB
7943,DE
7944,DE
7945,GB
7946,DE
7947,US
7948,CA
7949,US
7950,US
7951,DE
7952,DE
7953,GB
7954,US
7955,GB
7956,GB
7957,US
7958,DE
7959,DE
7960,CA
7961,US
7962,DE
7963,CA
7964,GB
7965,US
7966,CA
7967,CA
7968,CA
7969,US
7970,CA
7971,CA
7972,CA
7973,US
7974,CA
7975,GB
7976,US
7977,US
7978,CA
7979,DE
7980,DE
7981,DE
7982,GB
7983,DE
7984,GB
7985,DE
7986,US
7987,CA
7988,CA
7989,US
7990,GB
7991,GB
7992,CA
7993,DE
7994,US
7995,DE
7996,CA
7997,US
7998,DE
7999,DE
8000,US
8001,GB
8002,DE
8003,US
8004,CA
8005,DE
8006,DE
8007,US
8008,GB
8009,DE
8010,US
8011,GB
8012,DE
8013,CA
8014,DE
8015,GB
8016,US
8017,GB
8018,US
8019,GB
8020,GB
8021,US
8022,DE
8023,US
8024,GB
8025,US
8026,US
8027,US
8028,CA
8029,US
8030,CA
8031,US
8032,GB
8033,GB
8034,US
8035,US
8036,GB
8037,DE
8038,CA
8039,CA
8040,DE
8041,US
8042,DE
8043,CA
8044,CA
8045,CA
8046,DE
8047,US
8048,DE
8049,GB
8050,US
8051,US
8052,GB
8053,US
8054,DE
8055,US
8056,CA
8057,CA
8058,US
8059,US
8060,DE
8061,US
8062,CA
8063,CA
8064,US
8065,US
8066,CA
8067,CA
8068,CA
8069,CA
8070,GB
8071,CA
8072,CA
8073,US
8074,CA
8075,US
8076,GB
8077,CA
8078,CA
8079,US
8080,CA
8081,DE
8082,DE
8083,US
8084,US
8085,GB
8086,DE
8087,GB
8088,DE
8089,US
8090,CA
8091,DE
8092,GB
8093,CA
8094,CA
8095,DE
8096,CA
8097,CA
8098,DE
8099,CA
8100,DE
8101,US
8102,DE
8103,DE
8104,US
8105,CA
8106,DE
8107,CA
8108,GB
8109,CA
8110,CA
8111,DE
8112,DE
8113,US
8114,US
8115,DE
8116,CA
8117,CA
8118,CA
8119,DE
8120,GB
8121,CA
8122,GB
8123,US
8124,DE
8125,GB
8126,GB
8127,CA
8128,DE
8129,CA
8130,CA
8131,US
8132,GB
8133,US
8134,US
8135,DE
8136,GB
8137,DE
8138,US
8139,GB
8140,DE
8141,GB
8142,DE
8143,US
8144,DE
8145,CA
8146,GB
8147,DE
8148,DE
8149,US
8150,US
8151,US
8152,US
8153,CA
8154,US
8155,CA
8156,CA
8157,US
8158,CA
8159,CA
8160,CA
8161,GB
8162,GB
8163,US
8164,US
8165,US
8166,CA
8167,DE
8168,GB
8169,GB
8170,CA
8171,DE
8172,US
8173,GB
8174,GB
8175,GB
8176,GB
8177,US
8178,DE
8179,US
8180,US
8181,CA
8182,CA
8183,DE
8184,GB
8185,GB
8186,US
8187,CA
8188,CA
8189,CA
8190,GB
8191,DE
8192,DE
8193,CA
8194,US
8195,GB
8196,GB
8197,US
8198,GB
8199,US
8200,US
8201,GB
8202,US
8203,US
8204,CA
8205,DE
8206,US
8207,GB
8208,GB
8209,DE
8210,CA
8211,CA
8212,CA
8213,CA
8214,US
8215,GB
8216,GB
8217,DE
8218,DE
8219,DE
8220,CA
8221,DE
8222,US
8223,DE
8224,DE
8225,CA
8226,GB
8227,DE
8228,DE
8229,GB
8230,CA
8231,DE
8232,GB
8233,GB
8234,DE
8235,US
8236,US
8237,US
8238,GB
8239,GB
8240,CA
8241,CA
8242,DE
8243,GB
8244,CA
8245,US
8246,CA
8247,CA
8248,GB
8249,CA
8250,DE
8251,US
8252,DE
8253,CA
8254,US
8255,CA
8256,CA
8257,DE
8258,US
8259,DE
8260,US
8261,CA
8262,US
8263,CA
8264,US
8265,GB
8266,DE
8267,CA
8268,GB
8269,US
8270,GB
8271,DE
8272,GB
8273,US
8274,GB
8275,DE
8276,DE
8277,DE
8278,US
8279,DE
8280,DE
8281,US
8282,CA
8283,DE
8284,GB
8285,GB
8286,US
8287,GB
8288,DE
8289,CA
8290,US
8291,DE
8292,CA
8293,GB
8294,US
8295,US
8296,CA
8297,US
8298,DE
8299,CA
8300,US
8301,DE
8302,DE
8303,US
8304,DE
8305,DE
8306,CA
8307,DE
8308,CA
8309,DE
8310,GB
8311,DE
8312,GB
8313,CA
8314,GB
8315,CA
8316,US
8317,DE
8318,US
8319,CA
8320,DE
8321,GB
8322,US
8323,GB
8324,US
8325,CA
8326,CA
8327,CA
8328,US
8329,US
8330,GB
8331,CA
8332,GB
8333,GB
8334,DE
8335,DE
8336,US
8337,CA
8338,US
8339,CA
8340,US
8341,CA
8342,DE
8343,US
8344,US
8345,CA
8346,DE
8347,CA
8348,GB
8349,US
8350,GB
8351,GB
8352,CA
8353,GB
8354,DE
8355,US
8356,CA
8357,GB
8358,US
8359,US
8360,CA
8361,US
8362,GB
8363,CA
8364,DE
8365,DE
8366,CA
8367,US
8368,US
8369,GB
8370,DE
8371,DE
8372,DE
8373,CA
8374,US
8375,US
8376,DE
8377,GB
8378,GB
8379,DE
8380,GB
8381,GB
8382,CA
8383,US
8384,GB
8385,CA
8386,DE
8387,DE
8388,US
8389,DE
8390,US
8391,CA
8392,DE
8393,DE
8394,DE
8395,US
8396,DE
8397,DE
8398,US
8399,US
8400,GB
8401,DE
8402,DE
8403,DE
8404,DE
8405,DE
8406,GB
8407,GB
8408,GB
8409,CA
8410,DE
8411,US
8412,US
8413,DE
8414,CA
8415,DE
8416,CA
8417,CA
8418,DE
8419,DE
8420,CA
8421,DE
8422,GB
8423,US
8424,CA
8425,CA
8426,GB
8427,US
8428,DE
8429,GB
8430,GB
8431,CA
8432,CA
8433,CA
8434,GB
8435,DE
8436,US
8437,DE
8438,CA
8439,US
8440,DE
8441,US
8442,GB
8443,DE
8444,CA
8445,GB
8446,GB
8447,CA
8448,CA
8449,DE
8450,CA
8451,CA
8452,GB
8453,DE
8454,US
8455,US
8456,GB
8457,GB
8458,GB
8459,GB
8460,GB
8461,GB
8462,GB
8463,GB
8464,US
8465,GB
8466,GB
8467,US
8468,DE
8469,DE
8470,US
8471,DE
8472,US
8473,US
8474,US
8475,CA
8476,DE
8477,CA
8478,DE
8479,US
8480,CA
8481,US
8482,US
8483,CA
8484,US
8485,CA
8486,GB
8487,CA
8488,CA
8489,CA
8490,GB
8491,DE
8492,GB
8493,DE
8494,CA
8495,DE
8496,US
8497,CA
8498,DE
8499,DE
8500,CA
8501,DE
8502,US
8503,DE
8504,GB
8505,DE
8506,US
8507,US
8508,DE
8509,DE
8510,DE
8511,CA
8512,GB
8513,CA
8514,CA
8515,US
8516,GB
8517,CA
8518,US
8519,CA
8520,GB
8521,DE
8522,CA
8523,GB
8524,DE
8525,CA
8526,US
8527,CA
8528,DE
8529,US
8530,DE
8531,US
8532,DE
8533,GB
8534,DE
8535,US
8536,DE
8537,DE
8538,US
8539,DE
8540,GB
8541,GB
8542,DE
8543,CA
8544,CA
8545,DE
8546,DE
8547,US
8548,CA
8549,CA
8550,DE
8551,DE
8552,DE
8553,US
8554,DE
8555,US
8556,GB
8557,CA
8558,CA
8559,GB
8560,DE
8561,CA
8562,DE
8563,DE
8564,US
8565,CA
8566,GB
8567,US
8568,CA
8569,US
8570,DE
8571,DE
8572,CA
8573,CA
8574,DE
8575,GB
8576,GB
8577,CA
8578,GB
8579,GB
8580,US
8581,GB
8582,CA
8583,CA
8584,CA
8585,DE
8586,US
8587,US
8588,CA
8589,GB
8590,DE
8591,DE
8592,GB
8593,US
8594,DE
8595,US
8596,DE
8597,US
8598,GB
8599,GB
8600,US
8601,US
8602,US
8603,GB
8604,GB
8605,US
8606,US
8607,DE
8608,DE
8609,GB
8610,US
8611,CA
8612,US
8613,US
8614,GB
8615,GB
8616,GB
8617,US
8618,DE
8619,US
8620,US
8621,CA
8622,DE
8623,DE
8624,CA
8625,GB
8626,GB
8627,US
8628,US
8629,DE
8630,CA
8631,CA
8632,GB
8633,DE
8634,DE
8635,US
8636,DE
8637,GB
8638,GB
8639,CA
8640,GB
8641,GB
8642,US
8643,DE
8644,GB
8645,DE
8646,CA
8647,US
8648,US
8649,GB
8650,US
8651,GB
8652,CA
8653,DE
8654,US
8655,CA
8656,GB
8657,CA
8658,DE
8659,US
8660,US
8661,DE
8662,DE
8663,CA
8664,US
8665,CA
8666,DE
8667,DE
8668,DE
8669,US
8670,US
8671,US
8672,CA
8673,DE
8674,CA
8675,GB
8676,US
8677,US
8678,GB
8679,CA
8680,US
8681,CA
8682,US
8683,DE
8684,DE
8685,GB
8686,GB
8687,GB
8688,DE
8689,US
8690,CA
8691,DE
8692,GB
8693,CA
8694,US
8695,DE
8696,DE
8697,CA
8698,US
8699,DE
8700,CA
8701,US
8702,DE
8703,US
8704,US
8705,GB
8706,US
8707,CA
8708,DE
8709,DE
8710,DE
8711,US
8712,CA
8713,DE
8714,US
8715,DE
8716,DE
8717,CA
8718,GB
8719,DE
8720,DE
8721,US
8722,DE
8723,DE
8724,US
8725,GB
8726,US
8727,CA
8728,DE
8729,CA
8730,DE
8731,GB
8732,US
8733,GB
8734,US
8735,CA
8736,US
8737,US
8738,CA
8739,CA
8740,US
8741,GB
8742,DE
8743,GB
8744,CA
8745,CA
8746,CA
8747,DE
8748,CA
8749,GB
8750,GB
8751,CA
8752,US
8753,GB
8754,DE
8755,DE
8756,CA
8757,DE
8758,DE
8759,DE
8760,GB
8761,GB
8762,CA
8763,DE
8764,CA
8765,DE
8766,DE
8767,GB
8768,CA
8769,GB
8770,DE
8771,US
8772,US
8773,CA
8774,DE
8775,DE
8776,DE
8777,CA
8778,US
8779,GB
8780,US
8781,US
8782,DE
8783,DE
8784,DE
8785,US
8786,CA
8787,CA
8788,GB
8789,GB
8790,GB
8791,CA
8792,GB
8793,US
8794,GB
8795,DE
8796,GB
8797,US
8798,CA
8799,GB
8800,DE
8801,US
8802,CA
8803,US
8804,CA
8805,DE
8806,DE
8807,GB
8808,DE
8809,CA
8810,US
8811,GB
8812,DE
8813,GB
8814,CA
8815,DE
8816,CA
8817,GB
8818,GB
8819,DE
8820,DE
8821,GB
8822,CA
8823,DE
8824,US
8825,DE
8826,DE
8827,CA
8828,CA
8829,GB
8830,CA
8831,DE
8832,GB
8833,CA
8834,GB
8835,US
8836,DE
8837,US
8838,DE
8839,US
8840,DE
8841,DE
8842,CA
8843,CA
8844,DE
8845,CA
8846,DE
8847,CA
8848,US
8849,US
8850,DE
8851,DE
8852,CA
8853,GB
8854,US
8855,DE
8856,GB
8857,CA
8858,GB
8859,GB
8860,DE
8861,US
8862,CA
8863,GB
8864,CA
8865,GB
8866,US
8867,US
8868,GB
8869,DE
8870,GB
8871,US
8872,US
8873,GB
8874,CA
8875,DE
8876,US
8877,DE
8878,US
8879,US
8880,US
8881,CA
8882,US
8883,CA
8884,CA
8885,GB
8886,CA
8887,DE
8888,DE
8889,US
8890,DE
8891,GB
8892,DE
8893,GB
8894,US
8895,US
8896,GB
8897,DE
8898,GB
8899,CA
8900,CA
8901,CA
8902,DE
8903,US
8904,CA
8905,GB
8906,DE
8907,CA
8908,DE
8909,DE
8910,CA
8911,US
8912,US
8913,CA
8914,CA
8915,DE
8916,US
8917,DE
8918,CA
8919,CA
8920,US
8921,CA
8922,US
8923,GB
8924,DE
8925,US
8926,US
8927,GB
8928,CA
8929,US
8930,GB
8931,CA
8932,DE
8933,DE
8934,US
8935,DE
8936,US
8937,GB
8938,GB
8939,CA
8940,GB
8941,US
8942,DE
8943,GB
8944,CA
8945,DE
8946,DE
8947,DE
8948,DE
8949,GB
8950,DE
8951,GB
8952,GB
8953,DE
8954,CA
8955,US
8956,GB
8957,GB
8958,US
8959,DE
8960,US
8961,DE
8962,CA
8963,CA
8964,CA
8965,US
8966,DE
8967,CA
8968,CA
8969,GB
8970,GB
8971,DE
8972,GB
8973,DE
8974,US
8975,DE
8976,CA
8977,CA
8978,DE
8979,DE
8980,GB
8981,GB
8982,US
8983,GB
8984,DE
8985,CA
8986,DE
8987,US
8988,DE
8989,CA
8990,GB
8991,GB
8992,GB
8993,CA
8994,GB
8995,DE
8996,DE
8997,GB
8998,GB
8999,GB
9000,CA
9001,CA
9002,CA
9003,DE
9004,US
9005,CA
9006,GB
9007,CA
9008,CA
9009,GB
9010,CA
9011,CA
9012,CA
9013,GB
9014,US
9015,CA
9016,CA
9017,GB
9018,DE
9019,GB
9020,US
9021,US
9022,US
9023,CA
9024,GB
9025,DE
9026,GB
9027,CA
9028,DE
9029,GB
9030,GB
9031,US
9032,GB
9033,US
9034,CA
9035,CA
9036,GB
9037,CA
9038,GB
9039,CA
9040,CA
9041,US
9042,DE
9043,GB
9044,US
9045,US
9046,US
9047,US
9048,US
9049,GB
9050,US
9051,DE
9052,CA
9053,CA
9054,GB
9055,US
9056,DE
9057,GB
9058,GB
9059,CA
9060,DE
9061,DE
9062,CA
9063,GB
9064,DE
9065,GB
9066,GB
9067,DE
9068,CA
9069,DE
9070,GB
9071,GB
9072,DE
9073,CA
9074,GB
9075,GB
9076,DE
9077,CA
9078,US
9079,DE
9080,CA
9081,GB
9082,CA
9083,CA
9084,CA
9085,DE
9086,GB
9087,GB
9088,CA
9089,DE
9090,DE
9091,CA
9092,GB
9093,DE
9094,CA
9095,GB
9096,GB
9097,GB
9098,CA
9099,US
9100,DE
9101,CA
9102,US
9103,CA
9104,DE
9105,DE
9106,DE
9107,US
9108,DE
9109,DE
9110,US
9111,DE
9112,US
9113,CA
9114,US
9115,GB
9116,DE
9117,US
9118,US
9119,US
9120,GB
9121,CA
9122,CA
9123,US
9124,US
9125,DE
9126,DE
9127,US
9128,GB
9129,US
9130,US
9131,US
9132,US
9133,CA
9134,GB
9135,DE
9136,US
9137,CA
9138,GB
9139,CA
9140,US
9141,GB
9142,DE
9143,DE
9144,CA
9145,CA
9146,US
9147,GB
9148,GB
9149,CA
9150,US
9151,DE
9152,CA
9153,DE
9154,DE
9155,GB
9156,US
9157,DE
9158,DE
9159,CA
9160,US
9161,CA
9162,DE
9163,CA
9164,GB
9165,GB
9166,CA
9167,US
9168,CA
9169,CA
9170,DE
9171,DE
9172,CA
9173,GB
9174,GB
9175,CA
9176,US
9177,DE
9178,DE
9179,CA
9180,GB
9181,CA
9182,DE
9183,CA
9184,DE
9185,US
9186,DE
9187,CA
9188,CA
9189,US
9190,DE
9191,US
9192,US
9193,DE
9194,GB
9195,US
9196,DE
9197,US
9198,CA
9199,US
9200,DE
9201,GB
9202,DE
9203,CA
9204,CA
9205,US
9206,GB
9207,GB
9208,DE
9209,US
9210,US
9211,CA
9212,US
9213,CA
9214,CA
9215,GB
9216,GB
9217,DE
9218,CA
9219,GB
9220,DE
9221,CA
9222,DE
9223,DE
9224,CA
9225,GB
9226,US
9227,GB
9228,CA
9229,CA
9230,CA
9231,DE
9232,US
9233,US
9234,CA
9235,US
9236,DE
9237,CA
9238,GB
9239,CA
9240,GB
9241,CA
9242,CA
9243,DE
9244,GB
9245,US
9246,US
9247,GB
9248,CA
9249,DE
9250,DE
9251,US
9252,CA
9253,GB
9254,DE
9255,CA
9256,DE
9257,GB
9258,CA
9259,US
9260,US
9261,DE
9262,US
9263,US
9264,GB
9265,DE
9266,CA
9267,GB
9268,CA
9269,DE
9270,GB
9271,GB
9272,DE
9273,US
9274,CA
9275,US
9276,CA
9277,US
9278,DE
9279,DE
9280,GB
9281,US
9282,GB
9283,GB
9284,GB
9285,US
9286,CA
9287,GB
9288,CA
9289,GB
9290,US
9291,US
9292,CA
9293,DE
9294,GB
9295,US
9296,CA
9297,CA
9298,DE
9299,CA
9300,US
9301,CA
9302,US
9303,US
9304,CA
9305,CA
9306,GB
9307,GB
9308,GB
9309,US
9310,US
9311,US
9312,US
9313,CA
9314,GB
9315,DE
9316,GB
9317,US
9318,CA
9319,US
9320,CA
9321,CA
9322,GB
9323,DE
9324,US
9325,CA
9326,DE
9327,GB
9328,DE
9329,CA
9330,GB
9331,CA
9332,GB
9333,CA
9334,US
9335,US
9336,DE
9337,DE
9338,US
9339,CA
9340,GB
9341,GB
9342,DE
9343,US
9344,GB
9345,CA
9346,DE
9347,DE
9348,US
9349,CA
9350,DE
9351,GB
9352,US
9353,DE
9354,US
9355,DE
9356,US
9357,US
9358,GB
9359,CA
9360,GB
9361,GB
9362,US
9363,DE
9364,GB
9365,DE
9366,US
9367,GB
9368,US
9369,CA
9370,CA
9371,GB
9372,DE
9373,GB
9374,DE
9375,US
9376,DE
9377,US
9378,DE
9379,US
9380,GB
9381,DE
9382,GB
9383,DE
9384,GB
9385,GB
9386,US
9387,DE
9388,GB
9389,US
9390,DE
9391,CA
9392,GB
9393,GB
9394,US
9395,US
9396,US
9397,CA
9398,DE
9399,GB
9400,CA
9401,CA
9402,US
9403,CA
9404,US
9405,DE
9406,CA
9407,DE
9408,DE
9409,CA
9410,US
9411,DE
9412,CA
9413,DE
9414,US
9415,DE
9416,GB
9417,DE
9418,CA
9419,DE
9420,US
9421,DE
9422,CA
9423,US
9424,US
9425,US
9426,CA
9427,US
9428,DE
9429,US
9430,DE
9431,DE
9432,US
9433,US
9434,CA
9435,CA
9436,GB
9437,CA
9438,CA
9439,GB
9440,US
9441,US
9442,US
9443,GB
9444,US
9445,US
9446,DE
9447,GB
9448,US
9449,GB
9450,DE
9451,CA
9452,US
9453,US
9454,GB
9455,DE
9456,US
9457,GB
9458,US
9459,DE
9460,GB
9461,GB
9462,US
9463,CA
9464,DE
9465,DE
9466,GB
9467,CA
9468,GB
9469,GB
9470,CA
9471,GB
9472,US
9473,DE
9474,GB
9475,US
9476,CA
9477,CA
9478,US
9479,CA
9480,US
9481,GB
9482,DE
9483,US
9484,CA
9485,GB
9486,CA
9487,DE
9488,DE
9489,US
9490,CA
9491,GB
9492,DE
9493,GB
9494,GB
9495,DE
9496,US
9497,US
9498,GB
9499,GB
9500,US
9501,US
9502,GB
9503,GB
9504,DE
9505,US
9506,DE
9507,CA
9508,GB
9509,GB
9510,DE
9511,CA
9512,DE
9513,CA
9514,DE
9515,US
9516,DE
9517,DE
9518,GB
9519,GB
9520,GB
9521,GB
9522,GB
9523,GB
9524,DE
9525,GB
9526,US
9527,US
9528,CA
9529,GB
9530,GB
9531,GB
9532,US
9533,CA
9534,CA
9535,US
9536,US
9537,US
9538,US
9539,CA
9540,US
9541,US
9542,US
9543,GB
9544,CA
9545,US
9546,CA
9547,CA
9548,DE
9549,DE
9550,US
9551,CA
9552,GB
9553,CA
9554,DE
9555,GB
9556,DE
9557,US
9558,DE
9559,DE
9560,US
9561,GB
9562,GB
9563,DE
9564,CA
9565,US
9566,US
9567,GB
9568,DE
9569,US
9570,DE
9571,DE
9572,DE
9573,US
9574,DE
9575,US
9576,DE
9577,GB
9578,US
9579,US
9580,CA
9581,GB
9582,CA
9583,DE
9584,GB
9585,GB
9586,DE
9587,US
9588,DE
9589,CA
9590,US
9591,GB
9592,CA
9593,GB
9594,GB
9595,CA
9596,CA
9597,DE
9598,GB
9599,CA
9600,CA
9601,DE
9602,CA
9603,CA
9604,DE
9605,DE
9606,CA
9607,GB
9608,GB
9609,US
9610,US
9611,DE
9612,CA
9613,CA
9614,CA
9615,CA
9616,US
9617,GB
9618,DE
9619,US
9620,DE
9621,DE
9622,CA
9623,CA
9624,GB
9625,DE
9626,CA
9627,US
9628,CA
9629,CA
9630,CA
9631,CA
9632,US
9633,CA
9634,CA
9635,DE
9636,DE
9637,CA
9638,DE
9639,GB
9640,DE
9641,US
9642,GB
9643,CA
9644,CA
9645,DE
9646,GB
9647,US
9648,US
9649,DE
9650,GB
9651,DE
9652,GB
9653,CA
9654,CA
9655,US
9656,US
9657,CA
9658,DE
9659,CA
9660,CA
9661,CA
9662,CA
9663,GB
9664,GB
9665,US
9666,GB
9667,DE
9668,DE
9669,GB
9670,CA
9671,DE
9672,US
9673,US
9674,DE
9675,DE
9676,CA
9677,GB
9678,CA
9679,CA
9680,DE
9681,DE
9682,US
9683,US
9684,DE
9685,DE
9686,GB
9687,US
9688,US
9689,CA
9690,GB
9691,CA
9692,US
9693,GB
9694,GB
9695,GB
9696,GB
9697,DE
9698,DE
9699,DE
9700,GB
9701,US
9702,CA
9703,DE
9704,US
9705,DE
9706,DE
9707,US
9708,US
9709,CA
9710,US
9711,CA
9712,DE
9713,DE
9714,DE
9715,CA
9716,GB
9717,CA
9718,DE
9719,US
9720,DE
9721,DE
9722,US
9723,DE
9724,GB
9725,DE
9726,CA
9727,GB
9728,GB
9729,US
9730,CA
9731,DE
9732,GB
9733,US
9734,DE
9735,CA
9736,GB
9737,CA
9738,CA
9739,US
9740,DE
9741,US
9742,US
9743,CA
9744,GB
9745,GB
9746,DE
9747,GB
9748,US
9749,US
9750,US
9751,DE
9752,US
9753,CA
9754,GB
9755,DE
9756,DE
9757,US
9758,GB
9759,GB
9760,GB
9761,US
9762,DE
9763,US
9764,US
9765,CA
9766,DE
9767,CA
9768,US
9769,US
9770,US
9771,US
9772,DE
9773,CA
9774,GB
9775,CA
9776,CA
9777,DE
9778,GB
9779,US
9780,CA
9781,CA
9782,US
9783,DE
9784,DE
9785,US
9786,CA
9787,US
9788,DE
9789,US
9790,DE
9791,CA
9792,GB
9793,CA
9794,CA
9795,CA
9796,CA
9797,GB
9798,GB
9799,DE
9800,GB
9801,US
9802,US
9803,GB
9804,CA
9805,CA
9806,GB
9807,CA
9808,US
9809,US
9810,GB
9811,CA
9812,DE
9813,CA
9814,GB
9815,US
9816,US
9817,CA
9818,DE
9819,DE
9820,CA
9821,US
9822,GB
9823,GB
9824,DE
9825,CA
9826,CA
9827,GB
9828,CA
9829,GB
9830,CA
9831,DE
9832,CA
9833,CA
9834,GB
9835,GB
9836,US
9837,DE
9838,US
9839,DE
9840,US
9841,US
9842,US
9843,CA
9844,DE
9845,DE
9846,US
9847,US
9848,DE
9849,CA
9850,CA
9851,GB
9852,CA
9853,US
9854,US
9855,GB
9856,DE
9857,CA
9858,GB
9859,CA
9860,US
9861,CA
9862,DE
9863,US
9864,GB
9865,CA
9866,DE
9867,US
9868,CA
9869,CA
9870,US
9871,GB
9872,DE
9873,CA
9874,GB
9875,CA
9876,US
9877,DE
9878,GB
9879,GB
9880,GB
9881,US
9882,DE
9883,GB
9884,US
9885,GB
9886,US
9887,GB
9888,GB
9889,DE
9890,GB
9891,DE
9892,GB
9893,CA
9894,US
9895,DE
9896,GB
9897,GB
9898,DE
9899,CA
9900,CA
9901,DE
9902,DE
9903,GB
9904,DE
9905,CA
9906,GB
9907,GB
9908,GB
9909,US
9910,US
9911,CA
9912,DE
9913,GB
9914,GB
9915,GB
9916,GB
9917,DE
9918,GB
9919,CA
9920,DE
9921,US
9922,US
9923,US
9924,GB
9925,US
9926,US
9927,US
9928,GB
9929,CA
9930,CA
9931,GB
9932,GB
9933,US
9934,DE
9935,CA
9936,GB
9937,DE
9938,DE
9939,CA
9940,GB
9941,DE
9942,US
9943,DE
9944,CA
9945,US
9946,DE
9947,DE
9948,GB
9949,DE
9950,DE
9951,CA
9952,DE
9953,GB
9954,US
9955,CA
9956,GB
9957,GB
9958,US
9959,DE
9960,CA
9961,GB
9962,US
9963,CA
9964,GB
9965,DE
9966,GB
9967,DE
9968,GB
9969,DE
9970,DE
9971,DE
9972,US
9973,US
9974,DE
9975,DE
9976,GB
9977,GB
9978,US
9979,GB
9980,CA
9981,GB
9982,DE
9983,CA
9984,US
9985,US
9986,DE
9987,US
9988,DE
9989,CA
9990,GB
9991,GB
9992,CA
9993,US
9994,US
9995,US
9996,CA
9997,CA
9998,US
9999,DE
10000,CA
10001,GB
10002,CA
10003,GB
10004,DE
10005,CA
10006,DE
10007,DE
10008,GB
10009,CA
10010,CA
10011,GB
10012,US
10013,DE
10014,GB
10015,GB
10016,DE
10017,US
10018,CA
10019,DE
10020,US
10021,US
10022,CA
10023,CA
10024,DE
10025,CA
10026,CA
10027,GB
10028,US
10029,DE
10030,CA
10031,CA
10032,DE
10033,DE
10034,GB
10035,US
10036,CA
10037,US
10038,GB
10039,US
10040,CA
10041,DE
10042,DE
10043,CA
10044,GB
10045,CA
10046,US
10047,CA
10048,GB
10049,US
10050,DE
10051,US
10052,CA
10053,GB
10054,US
10055,CA
10056,CA
10057,GB
10058,DE
10059,GB
10060,DE
10061,US
10062,US
10063,CA
10064,US
10065,GB
10066,US
10067,US
10068,GB
10069,US
10070,US
10071,DE
10072,CA
10073,DE
10074,DE
10075,CA
10076,DE
10077,GB
10078,US
10079,CA
10080,CA
10081,DE
10082,US
10083,GB
10084,GB
10085,DE
10086,GB
10087,GB
10088,CA
10089,DE
10090,CA
10091,CA
10092,DE
10093,US
10094,US
10095,DE
10096,US
10097,US
10098,GB
10099,US
10100,DE
10101,US
10102,GB
10103,US
10104,CA
10105,DE
10106,US
10107,GB
10108,DE
10109,CA
10110,CA
10111,CA
10112,CA
10113,GB
10114,DE
10115,GB
10116,GB
10117,CA
10118,CA
10119,DE
10120,GB
10121,US
10122,US
10123,CA
10124,GB
10125,CA
10126,DE
10127,DE
10128,GB
10129,CA
10130,US
10131,CA
10132,GB
10133,DE
10134,DE
10135,CA
10136,CA
10137,US
10138,CA
10139,CA
10140,CA
10141,DE
10142,US
10143,US
10144,DE
10145,CA
10146,US
10147,CA
10148,GB
10149,DE
10150,DE
10151,DE
10152,CA
10153,CA
10154,GB
10155,DE
10156,US
10157,DE
10158,GB
10159,CA
10160,US
10161,CA
10162,GB
10163,CA
10164,GB
10165,GB
10166,GB
10167,US
10168,DE
10169,DE
10170,GB
10171,DE
10172,GB
10173,GB
10174,CA
10175,DE
10176,US
10177,DE
10178,DE
10179,DE
10180,CA
10181,GB
10182,CA
10183,DE
10184,DE
10185,US
10186,CA
10187,US
10188,GB
10189,GB
10190,GB
10191,CA
10192,GB
10193,DE
10194,US
10195,GB
10196,GB
10197,US
10198,DE
10199,US
10200,US
10201,US
10202,DE
10203,CA
10204,CA
10205,GB
10206,DE
10207,US
10208,GB
10209,CA
10210,CA
10211,DE
10212,US
10213,US
10214,GB
10215,DE
10216,US
10217,DE
10218,GB
10219,GB
10220,DE
10221,US
10222,CA
10223,US
10224,US
10225,CA
10226,DE
10227,GB
10228,CA
10229,DE
10230,CA
10231,CA
10232,CA
10233,US
10234,US
10235,GB
10236,CA
10237,DE
10238,GB
10239,GB
10240,DE
10241,US
10242,DE
10243,CA
10244,US
10245,CA
10246,DE
10247,DE
10248,US
10249,CA
10250,US
10251,GB
10252,US
10253,GB
10254,US
10255,DE
10256,CA
10257,CA
10258,GB
10259,GB
10260,CA
10261,CA
10262,CA
10263,CA
10264,US
10265,US
10266,CA
10267,GB
10268,DE
10269,US
10270,DE
10271,GB
10272,DE
10273,DE
10274,DE
10275,GB
10276,CA
10277,GB
10278,US
10279,CA
10280,CA
10281,US
10282,GB
10283,US
10284,GB
10285,DE
10286,GB
10287,US
10288,GB
10289,DE
10290,US
10291,US
10292,CA
10293,CA
10294,GB
10295,DE
10296,CA
10297,CA
10298,CA
10299,GB
10300,US
10301,DE
10302,CA
10303,GB
10304,GB
10305,DE
10306,DE
10307,CA
10308,CA
10309,GB
10310,GB
10311,GB
10312,CA
10313,DE
10314,US
10315,US
10316,GB
10317,GB
10318,GB
10319,DE
10320,DE
10321,DE
10322,GB
10323,US
10324,GB
10325,CA
10326,DE
10327,GB
10328,DE
10329,US
10330,CA
10331,DE
10332,US
10333,US
10334,GB
10335,GB
10336,CA
10337,GB
10338,CA
10339,US
10340,GB
10341,DE
10342,DE
10343,GB
10344,US
10345,GB
10346,CA
10347,US
10348,GB
10349,CA
10350,CA
10351,GB
10352,CA
10353,CA
10354,US
10355,GB
10356,US
10357,US
10358,DE
10359,US
10360,CA
10361,GB
10362,US
10363,CA
10364,CA
10365,DE
10366,US
10367,DE
10368,CA
10369,US
10370,CA
10371,GB
10372,CA
10373,GB
10374,GB
10375,US
10376,DE
10377,CA
10378,CA
10379,CA
10380,GB
10381,US
10382,US
10383,GB
10384,CA
10385,US
10386,US
10387,CA
10388,GB
10389,US
10390,DE
10391,CA
10392,CA
10393,GB
10394,US
10395,CA
10396,CA
10397,GB
10398,GB
10399,DE
10400,US
10401,GB
10402,GB
10403,CA
10404,US
10405,DE
10406,DE
10407,CA
10408,GB
10409,DE
10410,US
10411,CA
10412,US
10413,DE
10414,DE
10415,CA
10416,GB
10417,CA
10418,DE
10419,DE
10420,CA
10421,GB
10422,GB
10423,CA
10424,GB
10425,CA
10426,US
10427,CA
10428,DE
10429,GB
10430,US
10431,GB
10432,CA
10433,GB
10434,US
10435,DE
10436,US
10437,DE
10438,DE
10439,DE
10440,DE
10441,GB
10442,GB
10443,GB
10444,DE
10445,US
10446,US
10447,CA
10448,US
10449,US
10450,CA
10451,DE
10452,DE
10453,DE
10454,CA
10455,DE
10456,DE
10457,US
10458,DE
10459,CA
10460,US
10461,GB
10462,GB
10463,US
10464,DE
10465,DE
10466,GB
10467,DE
10468,CA
10469,GB
10470,US
10471,CA
10472,DE
10473,GB
10474,GB
10475,US
10476,DE
10477,GB
10478,CA
10479,US
10480,GB
10481,GB
10482,CA
10483,GB
10484,GB
10485,DE
10486,DE
10487,GB
10488,US
10489,CA
10490,GB
10491,CA
10492,CA
10493,GB
10494,GB
10495,DE
10496,CA
10497,CA
10498,GB
10499,CA
10500,CA
10501,GB
10502,DE
10503,US
10504,CA
10505,DE
10506,CA
10507,CA
10508,US
10509,DE
10510,GB
10511,GB
10512,DE
10513,CA
10514,GB
10515,US
10516,GB
10517,DE
10518,DE
10519,DE
10520,US
10521,US
10522,GB
10523,US
10524,US
10525,US
10526,GB
10527,US
10528,CA
10529,DE
10530,CA
10531,DE
10532,CA
10533,GB
10534,CA
10535,CA
10536,US
10537,CA
10538,US
10539,US
10540,CA
10541,CA
10542,US
10543,CA
10544,US
10545,CA
10546,US
10547,US
10548,US
10549,US
10550,CA
10551,DE
10552,CA
10553,DE
10554,US
10555,GB
10556,DE
10557,DE
10558,DE
10559,DE
10560,GB
10561,DE
10562,GB
10563,US
10564,DE
10565,US
10566,CA
10567,CA
10568,CA
10569,DE
10570,DE
10571,CA
10572,DE
10573,CA
10574,GB
10575,GB
10576,DE
10577,DE
10578,CA
10579,CA
10580,US
10581,CA
10582,GB
10583,DE
10584,DE
10585,CA
10586,DE
10587,DE
10588,DE
10589,DE
10590,DE
10591,DE
10592,CA
10593,US
10594,GB
10595,DE
10596,GB
10597,US
10598,GB
10599,DE
10600,GB
10601,GB
10602,DE
10603,CA
10604,GB
10605,US
10606,GB
10607,CA
10608,CA
10609,DE
10610,DE
10611,US
10612,DE
10613,DE
10614,DE
10615,DE
10616,GB
10617,CA
10618,US
10619,GB
10620,GB
10621,CA
10622,DE
10623,GB
10624,DE
10625,DE
10626,US
10627,DE
10628,CA
10629,DE
10630,GB
10631,US
10632,US
10633,DE
10634,US
10635,US
10636,US
10637,CA
10638,CA
10639,DE
10640,DE
10641,GB
10642,CA
10643,GB
10644,DE
10645,CA
10646,DE
10647,CA
10648,CA
10649,DE
10650,US
10651,US
10652,US
10653,CA
10654,CA
10655,CA
10656,DE
10657,DE
10658,DE
10659,GB
10660,US
10661,CA
10662,GB
10663,CA
10664,GB
10665,CA
10666,US
10667,GB
10668,GB
10669,CA
10670,DE
10671,CA
10672,GB
10673,DE
10674,CA
10675,US
10676,GB
10677,US
10678,US
10679,US
10680,GB
10681,DE
10682,DE
10683,US
10684,US
10685,GB
10686,CA
10687,DE
10688,CA
10689,GB
10690,DE
10691,US
10692,US
10693,CA
10694,GB
10695,CA
10696,GB
10697,GB
10698,GB
10699,CA
10700,GB
10701,CA
10702,US
10703,DE
10704,DE
10705,US
10706,DE
10707,CA
10708,DE
10709,US
10710,CA
10711,CA
10712,GB
10713,DE
10714,CA
10715,DE
10716,CA
10717,GB
10718,GB
10719,US
10720,GB
10721,US
10722,CA
10723,GB
10724,US
10725,US
10726,DE
10727,DE
10728,DE
10729,US
10730,US
10731,DE
10732,DE
10733,US
10734,CA
10735,CA
10736,US
10737,CA
10738,US
10739,GB
10740,GB
10741,CA
10742,CA
10743,CA
10744,US
10745,US
10746,US
10747,CA
10748,US
10749,GB
10750,US
10751,US
10752,GB
10753,CA
10754,DE
10755,GB
10756,US
10757,CA
10758,US
10759,US
10760,DE
10761,US
10762,US
10763,US
10764,GB
10765,DE
10766,DE
10767,US
10768,US
10769,DE
10770,US
10771,CA
10772,CA
10773,DE
10774,DE
10775,DE
10776,CA
10777,US
10778,US
10779,US
10780,DE
10781,CA
10782,US
10783,DE
10784,US
10785,US
10786,DE
10787,GB
10788,CA
10789,DE
10790,DE
10791,CA
10792,US
10793,CA
10794,CA
10795,US
10796,GB
10797,GB
10798,GB
10799,CA
10800,GB
10801,GB
10802,GB
10803,US
10804,GB
10805,DE
10806,DE
10807,DE
10808,CA
10809,GB
10810,DE
10811,US
10812,DE
10813,CA
10814,DE
10815,DE
10816,GB
10817,US
10818,US
10819,US
10820,CA
10821,US
10822,DE
10823,DE
10824,GB
10825,CA
10826,CA
10827,GB
10828,US
10829,CA
10830,DE
10831,CA
10832,US
10833,CA
10834,CA
10835,US
10836,CA
10837,DE
10838,CA
10839,GB
10840,CA
10841,CA
10842,CA
10843,CA
10844,CA
10845,US
10846,DE
10847,CA
10848,CA
10849,GB
10850,US
10851,US
10852,US
10853,GB
10854,US
10855,DE
10856,US
10857,CA
10858,GB
10859,DE
10860,GB
10861,CA
10862,DE
10863,DE
10864,CA
10865,GB
10866,US
10867,CA
10868,CA
10869,CA
10870,GB
10871,US
10872,CA
10873,DE
10874,US
10875,DE
10876,CA
10877,DE
10878,GB
10879,CA
10880,CA
10881,GB
10882,GB
10883,DE
10884,CA
10885,US
10886,GB
10887,DE
10888,CA
10889,GB
10890,CA
10891,DE
10892,US
10893,DE
10894,CA
10895,CA
10896,GB
10897,CA
10898,US
10899,US
10900,CA
10901,CA
10902,US
10903,US
10904,CA
10905,DE
10906,DE
10907,US
10908,DE
10909,GB
10910,CA
10911,DE
10912,US
10913,CA
10914,US
10915,US
10916,CA
10917,US
10918,CA
10919,GB
10920,US
10921,CA
10922,DE
10923,GB
10924,DE
10925,CA
10926,GB
10927,GB
10928,CA
10929,CA
10930,US
10931,DE
10932,CA
10933,US
10934,GB
10935,CA
10936,CA
10937,DE
10938,DE
10939,US
10940,DE
10941,GB
10942,GB
10943,GB
10944,US
10945,DE
10946,CA
10947,US
10948,DE
10949,DE
10950,DE
10951,US
10952,US
10953,GB
10954,CA
10955,CA
10956,US
10957,DE
10958,GB
10959,CA
10960,DE
10961,US
10962,DE
10963,US
10964,GB
10965,DE
10966,CA
10967,CA
10968,DE
10969,GB
10970,CA
10971,DE
10972,US
10973,US
10974,CA
10975,US
10976,DE
10977,CA
10978,GB
10979,US
10980,CA
10981,DE
10982,US
10983,GB
10984,GB
10985,CA
10986,GB
10987,DE
10988,GB
10989,GB
10990,US
10991,CA
10992,CA
10993,US
10994,DE
10995,CA
10996,DE
10997,CA
10998,DE
10999,GB
11000,GB
11001,US
11002,US
11003,US
11004,DE
11005,CA
11006,CA
11007,CA
11008,GB
11009,DE
11010,GB
11011,US
11012,CA
11013,CA
11014,DE
11015,US
11016,US
11017,DE
11018,US
11019,US
11020,CA
11021,CA
11022,GB
11023,US
11024,CA
11025,DE
11026,US
11027,US
11028,CA
11029,CA
11030,GB
11031,US
11032,DE
11033,US
11034,US
11035,GB
11036,DE
11037,DE
11038,CA
11039,US
11040,US
11041,GB
11042,GB
11043,GB
11044,CA
11045,DE
11046,US
11047,CA
11048,CA
11049,DE
11050,CA
11051,CA
11052,DE
11053,GB
11054,DE
11055,CA
11056,US
11057,CA
11058,US
11059,US
11060,GB
11061,CA
11062,GB
11063,CA
11064,DE
11065,CA
11066,CA
11067,GB
11068,CA
11069,DE
11070,US
11071,US
11072,GB
11073,US
11074,CA
11075,GB
11076,CA
11077,DE
11078,GB
11079,CA
11080,GB
11081,DE
11082,GB
11083,GB
11084,DE
11085,DE
11086,DE
11087,GB
11088,GB
11089,US
11090,GB
11091,GB
11092,DE
11093,DE
11094,CA
11095,US
11096,GB
11097,GB
11098,GB
11099,GB
11100,CA
11101,DE
11102,GB
11103,CA
11104,CA
11105,DE
11106,GB
11107,US
11108,DE
11109,GB
11110,GB
11111,GB
11112,US
11113,DE
11114,GB
11115,GB
11116,DE
11117,DE
11118,GB
11119,CA
11120,CA
11121,US
11122,CA
11123,CA
11124,DE
11125,CA
11126,GB
11127,CA
11128,DE
11129,US
11130,DE
11131,DE
11132,GB
11133,DE
11134,GB
11135,CA
11136,DE
11137,DE
11138,CA
11139,US
11140,CA
11141,DE
11142,GB
11143,CA
11144,GB
11145,DE
11146,GB
11147,DE
11148,DE
11149,DE
11150,US
11151,GB
11152,CA
11153,DE
11154,CA
11155,GB
11156,DE
11157,CA
11158,US
11159,DE
11160,DE
11161,CA
11162,US
11163,CA
11164,US
11165,CA
11166,GB
11167,GB
11168,US
11169,DE
11170,DE
11171,US
11172,CA
11173,GB
11174,DE
11175,DE
11176,CA
11177,CA
11178,GB
11179,CA
11180,US
11181,CA
11182,CA
11183,DE
11184,DE
11185,DE
11186,US
11187,DE
11188,CA
11189,GB
11190,DE
11191,GB
11192,GB
11193,DE
11194,CA
11195,US
11196,US
11197,DE
11198,CA
11199,GB
11200,GB
11201,DE
11202,CA
11203,DE
11204,US
11205,DE
11206,GB
11207,US
11208,GB
11209,GB
11210,DE
11211,GB
11212,CA
11213,DE
11214,CA
11215,GB
11216,DE
11217,GB
11218,US
11219,CA
11220,CA
11221,CA
11222,DE
11223,DE
11224,DE
11225,GB
11226,DE
11227,GB
11228,US
11229,CA
11230,CA
11231,CA
11232,CA
11233,GB
11234,DE
11235,US
11236,DE
11237,DE
11238,US
11239,DE
11240,DE
11241,GB
11242,DE
11243,DE
11244,CA
11245,US
11246,US
11247,CA
11248,US
11249,US
11250,CA
11251,GB
11252,GB
11253,CA
11254,GB
11255,GB
11256,GB
11257,CA
11258,US
11259,US
11260,GB
11261,DE
11262,GB
11263,US
11264,GB
11265,GB
11266,GB
11267,CA
11268,DE
11269,DE
11270,DE
11271,CA
11272,GB
11273,CA
11274,DE
11275,US
11276,GB
11277,US
11278,GB
11279,DE
11280,CA
11281,GB
11282,US
11283,DE
11284,CA
11285,GB
11286,GB
11287,GB
11288,US
11289,US
11290,US
11291,US
11292,CA
11293,CA
11294,GB
11295,US
11296,CA
11297,DE
11298,GB
11299,CA
11300,CA
11301,US
11302,CA
11303,CA
11304,GB
11305,US
11306,US
11307,US
11308,GB
11309,DE
11310,US
11311,US
11312,GB
11313,CA
11314,US
11315,GB
11316,DE
11317,US
11318,US
11319,DE
11320,US
11321,GB
11322,DE
11323,GB
11324,DE
11325,DE
11326,CA
11327,CA
11328,GB
11329,US
11330,GB
11331,US
11332,GB
11333,US
11334,CA
11335,DE
11336,US
11337,DE
11338,US
11339,DE
11340,GB
11341,CA
11342,CA
11343,CA
11344,US
11345,US
11346,US
11347,US
11348,CA
11349,CA
11350,US
11351,CA
11352,GB
11353,CA
11354,US
11355,CA
11356,CA
11357,CA
11358,US
11359,GB
11360,US
11361,CA
11362,CA
11363,DE
11364,US
11365,DE
11366,GB
11367,GB
11368,CA
11369,CA
11370,US
11371,CA
11372,US
11373,DE
11374,US
11375,US
11376,CA
11377,CA
11378,DE
11379,CA
11380,DE
11381,US
11382,US
11383,DE
11384,US
11385,US
11386,US
11387,CA
11388,DE
11389,US
11390,DE
11391,CA
11392,US
11393,US
11394,GB
11395,GB
11396,US
11397,DE
11398,GB
11399,US
11400,DE
11401,US
11402,DE
11403,CA
11404,DE
11405,GB
11406,DE
11407,GB
11408,GB
11409,DE
11410,DE
11411,US
11412,CA
11413,GB
11414,GB
11415,CA
11416,US
11417,GB
11418,US
11419,CA
11420,GB
11421,DE
11422,CA
11423,GB
11424,GB
11425,US
11426,GB
11427,US
11428,CA
11429,DE
11430,US
11431,CA
11432,DE
11433,GB
11434,CA
11435,GB
11436,GB
11437,CA
11438,DE
11439,GB
11440,US
11441,GB
11442,DE
11443,DE
11444,DE
11445,US
11446,GB
11447,DE
11448,GB
11449,US
11450,DE
11451,CA
11452,GB
11453,GB
11454,DE
11455,DE
11456,US
11457,DE
11458,GB
11459,DE
11460,US
11461,DE
11462,US
11463,CA
11464,US
11465,DE
11466,US
11467,CA
11468,CA
11469,US
11470,US
11471,CA
11472,US
11473,US
11474,GB
11475,DE
11476,DE
11477,US
11478,CA
11479,US
11480,US
11481,CA
11482,DE
11483,CA
11484,DE
11485,GB
11486,DE
11487,CA
11488,CA
11489,DE
11490,GB
11491,DE
11492,DE
11493,DE
11494,CA
11495,CA
11496,CA
11497,DE
11498,US
11499,GB
11500,CA
11501,US
11502,US
11503,US
11504,CA
11505,DE
11506,US
11507,US
11508,US
11509,GB
11510,CA
11511,GB
11512,CA
11513,DE
11514,US
11515,DE
11516,DE
11517,CA
11518,GB
11519,DE
11520,CA
11521,US
11522,CA
11523,US
11524,US
11525,CA
11526,GB
11527,GB
11528,CA
11529,US
11530,DE
11531,US
11532,CA
11533,DE
11534,GB
11535,CA
11536,US
11537,US
11538,US
11539,DE
11540,US
11541,CA
11542,CA
11543,DE
11544,GB
11545,GB
11546,GB
11547,DE
11548,DE
11549,DE
11550,CA
11551,DE
11552,US
11553,CA
11554,CA
11555,US
11556,DE
11557,DE
11558,GB
11559,DE
11560,DE
11561,GB
11562,CA
11563,DE
11564,DE
11565,US
11566,DE
11567,DE
11568,GB
11569,GB
11570,DE
11571,GB
11572,CA
11573,DE
11574,US
11575,US
11576,GB
11577,CA
11578,DE
11579,CA
11580,US
11581,CA
11582,DE
11583,DE
11584,GB
11585,CA
11586,GB
11587,DE
11588,US
11589,CA
11590,US
11591,US
11592,GB
11593,GB
11594,CA
11595,CA
11596,US
11597,DE
11598,US
11599,CA
11600,US
11601,GB
11602,GB
11603,DE
11604,GB
11605,CA
11606,GB
11607,GB
11608,GB
11609,CA
11610,CA
11611,DE
11612,US
11613,CA
11614,GB
11615,US
11616,US
11617,CA
11618,US
11619,DE
11620,DE
11621,US
11622,US
11623,CA
11624,DE
11625,DE
11626,US
11627,US
11628,CA
11629,DE
11630,GB
11631,DE
11632,DE
11633,DE
11634,GB
11635,CA
11636,US
11637,CA
11638,CA
11639,US
11640,GB
11641,US
11642,GB
11643,CA
11644,CA
11645,CA
11646,DE
11647,DE
11648,GB
11649,CA
11650,US
11651,DE
11652,US
11653,US
11654,CA
11655,DE
11656,GB
11657,DE
11658,US
11659,DE
11660,GB
11661,CA
11662,DE
11663,US
11664,US
11665,US
11666,CA
11667,GB
11668,US
11669,DE
11670,US
11671,GB
11672,GB
11673,US
11674,US
11675,US
11676,US
11677,CA
11678,DE
11679,US
11680,US
11681,CA
11682,CA
11683,GB
11684,CA
11685,DE
11686,CA
11687,GB
11688,DE
11689,DE
11690,DE
11691,CA
11692,DE
11693,CA
11694,DE
11695,GB
11696,DE
11697,US
11698,CA
11699,DE
11700,CA
11701,CA
11702,GB
11703,GB
11704,US
11705,US
11706,DE
11707,CA
11708,DE
11709,US
11710,DE
11711,CA
11712,CA
11713,GB
11714,GB
11715,US
11716,DE
11717,GB
11718,US
11719,DE
11720,CA
11721,US
11722,CA
11723,DE
11724,US
11725,DE
11726,GB
11727,CA
11728,DE
11729,US
11730,US
11731,GB
11732,GB
11733,US
11734,US
11735,US
11736,DE
11737,DE
11738,GB
11739,DE
11740,CA
11741,GB
11742,CA
11743,CA
11744,GB
11745,US
11746,US
11747,DE
11748,DE
11749,GB
11750,US
11751,GB
11752,DE
11753,DE
11754,US
11755,CA
11756,DE
11757,DE
11758,DE
11759,GB
11760,CA
11761,CA
11762,DE
11763,DE
11764,US
11765,GB
11766,US
11767,GB
11768,CA
11769,GB
11770,US
11771,GB
11772,US
11773,DE
11774,DE
11775,GB
11776,DE
11777,DE
11778,GB
11779,GB
11780,GB
11781,US
11782,CA
11783,DE
11784,DE
11785,CA
11786,CA
11787,US
11788,DE
11789,US
11790,US
11791,US
11792,US
11793,DE
11794,DE
11795,DE
11796,DE
11797,GB
11798,US
11799,DE
11800,GB
11801,DE
11802,GB
11803,DE
11804,US
11805,US
11806,US
11807,US
11808,GB
11809,DE
11810,DE
11811,GB
11812,DE
11813,CA
11814,CA
11815,CA
11816,GB
11817,DE
11818,US
11819,CA
11820,GB
11821,GB
11822,CA
11823,DE
11824,GB
11825,DE
11826,US
11827,DE
11828,US
11829,GB
11830,DE
11831,US
11832,US
11833,GB
11834,DE
11835,US
11836,DE
11837,DE
11838,CA
11839,GB
11840,CA
11841,US
11842,DE
11843,US
11844,CA
11845,US
11846,CA
11847,CA
11848,GB
11849,GB
11850,DE
11851,US
11852,US
11853,CA
11854,DE
11855,GB
11856,CA
11857,CA
11858,DE
11859,US
11860,GB
11861,CA
11862,DE
11863,US
11864,US
11865,GB
11866,GB
11867,DE
11868,US
11869,CA
11870,GB
11871,GB
11872,US
11873,GB
11874,CA
11875,GB
11876,DE
11877,CA
11878,GB
11879,GB
11880,US
11881,GB
11882,DE
11883,US
11884,US
11885,GB
11886,US
11887,DE
11888,US
11889,GB
11890,GB
11891,DE
11892,DE
11893,GB
11894,CA
11895,US
11896,GB
11897,GB
11898,US
11899,GB
11900,GB
11901,CA
11902,GB
11903,US
11904,US
11905,DE
11906,DE
11907,CA
11908,CA
11909,DE
11910,US
11911,DE
11912,DE
11913,US
11914,CA
11915,DE
11916,CA
11917,DE
11918,US
11919,DE
11920,GB
11921,US
11922,US
11923,DE
11924,US
11925,CA
11926,CA
11927,DE
11928,US
11929,US
11930,CA
11931,US
11932,US
11933,GB
11934,CA
11935,DE
11936,US
11937,CA
11938,US
11939,US
11940,US
11941,CA
11942,CA
11943,DE
11944,US
11945,DE
11946,DE
11947,US
11948,CA
11949,CA
11950,US
11951,GB
11952,DE
11953,CA
11954,DE
11955,GB
11956,US
11957,GB
11958,GB
11959,US
11960,DE
11961,DE
11962,GB
11963,DE
11964,DE
11965,CA
11966,CA
11967,CA
11968,GB
11969,DE
11970,CA
11971,CA
11972,US
11973,DE
11974,US
11975,US
11976,GB
11977,CA
11978,CA
11979,CA
11980,US
11981,US
11982,CA
11983,GB
11984,CA
11985,US
11986,US
11987,CA
11988,DE
11989,DE
11990,GB
11991,US
11992,CA
11993,US
11994,DE
11995,GB
11996,US
11997,DE
11998,GB
11999,GB
12000,GB
12001,US
12002,GB
12003,DE
12004,US
12005,US
12006,US
12007,DE
12008,GB
12009,GB
12010,US
12011,US
12012,DE
12013,DE
12014,DE
12015,GB
12016,CA
12017,GB
12018,DE
12019,CA
12020,DE
12021,CA
12022,CA
12023,GB
12024,CA
12025,CA
12026,DE
12027,US
12028,GB
12029,CA
12030,GB
12031,CA
12032,US
12033,GB
12034,US
12035,DE
12036,US
12037,DE
12038,DE
12039,GB
12040,US
12041,DE
12042,DE
12043,CA
12044,US
12045,DE
12046,US
12047,US
12048,GB
12049,US
12050,CA
12051,US
12052,GB
12053,CA
12054,DE
12055,US
12056,GB
12057,CA
12058,US
12059,CA
12060,CA
12061,CA
12062,CA
12063,GB
12064,DE
12065,US
12066,GB
12067,DE
12068,US
12069,DE
12070,CA
12071,DE
12072,US
12073,DE
12074,CA
12075,US
12076,DE
12077,DE
12078,CA
12079,US
12080,CA
12081,US
12082,GB
12083,GB
12084,DE
12085,US
12086,US
12087,DE
12088,GB
12089,CA
12090,DE
12091,US
12092,GB
12093,DE
12094,US
12095,DE
12096,DE
12097,US
12098,CA
12099,US
12100,US
12101,CA
12102,GB
12103,GB
12104,US
12105,DE
12106,US
12107,CA
12108,GB
12109,CA
12110,US
12111,CA
12112,GB
12113,GB
12114,GB
12115,GB
12116,US
12117,US
12118,GB
12119,US
12120,US
12121,GB
12122,DE
12123,DE
12124,DE
12125,GB
12126,DE
12127,GB
12128,US
12129,US
12130,DE
12131,CA
12132,GB
12133,US
12134,DE
12135,DE
12136,DE
12137,DE
12138,CA
12139,US
12140,US
12141,CA
12142,DE
12143,GB
12144,CA
12145,US
12146,DE
12147,CA
12148,DE
12149,US
12150,DE
12151,DE
12152,GB
12153,CA
12154,CA
12155,GB
12156,CA
12157,GB
12158,GB
12159,CA
12160,GB
12161,CA
12162,CA
12163,DE
12164,DE
12165,GB
12166,US
12167,GB
12168,GB
12169,CA
12170,DE
12171,DE
12172,CA
12173,CA
12174,CA
12175,GB
12176,DE
12177,DE
12178,CA
12179,CA
12180,GB
12181,GB
12182,GB
12183,GB
12184,GB
12185,GB
12186,DE
12187,CA
12188,GB
12189,US
12190,CA
12191,GB
12192,GB
12193,DE
12194,US
12195,US
12196,GB
12197,DE
12198,DE
12199,CA
12200,DE
12201,CA
12202,US
12203,US
12204,US
12205,CA
12206,DE
12207,DE
12208,US
12209,US
12210,DE
12211,US
12212,GB
12213,CA
12214,GB
12215,DE
12216,DE
12217,GB
12218,GB
12219,DE
12220,DE
12221,DE
12222,DE
12223,CA
12224,CA
12225,CA
12226,CA
12227,US
12228,US
12229,CA
12230,DE
12231,DE
12232,US
12233,DE
12234,GB
12235,US
12236,US
12237,GB
12238,DE
12239,US
12240,DE
12241,DE
12242,CA
12243,CA
12244,DE
12245,US
12246,GB
12247,DE
12248,US
12249,GB
12250,GB
12251,GB
12252,CA
12253,GB
12254,DE
12255,CA
12256,US
12257,US
12258,DE
12259,US
12260,US
12261,GB
12262,DE
12263,CA
12264,DE
12265,US
12266,US
12267,CA
12268,CA
12269,GB
12270,GB
12271,DE
12272,DE
12273,GB
12274,DE
12275,US
12276,US
12277,US
12278,US
12279,CA
12280,GB
12281,GB
12282,GB
12283,CA
12284,GB
12285,GB
12286,GB
12287,GB
12288,US
12289,CA
12290,CA
12291,US
12292,US
12293,CA
12294,CA
12295,US
12296,CA
12297,CA
12298,GB
12299,US
12300,US
12301,GB
12302,DE
12303,GB
12304,DE
12305,DE
12306,GB
12307,DE
12308,CA
12309,US
12310,DE
12311,US
12312,US
12313,CA
12314,DE
12315,US
12316,US
12317,GB
12318,GB
12319,GB
12320,US
12321,DE
12322,GB
12323,CA
12324,GB
12325,GB
12326,CA
12327,CA
12328,CA
12329,US
12330,GB
12331,US
12332,CA
12333,US
12334,DE
12335,GB
12336,GB
12337,US
12338,CA
12339,GB
12340,GB
12341,CA
12342,CA
12343,GB
12344,US
12345,DE
12346,GB
12347,GB
12348,US
12349,CA
12350,GB
12351,US
12352,DE
12353,CA
12354,US
12355,DE
12356,DE
12357,DE
12358,DE
12359,CA
12360,GB
12361,CA
12362,CA
12363,CA
12364,CA
12365,DE
12366,CA
12367,DE
12368,GB
12369,CA
12370,DE
12371,DE
12372,CA
12373,CA
12374,US
12375,DE
12376,CA
12377,CA
12378,CA
12379,GB
12380,US
12381,US
12382,US
12383,CA
12384,US
12385,US
12386,GB
12387,DE
12388,DE
12389,US
12390,US
12391,GB
12392,GB
12393,GB
12394,CA
12395,CA
12396,DE
12397,CA
12398,US
12399,US
12400,US
12401,US
12402,DE
12403,GB
12404,US
12405,US
12406,CA
12407,US
12408,US
12409,GB
12410,CA
12411,GB
12412,US
12413,US
12414,US
12415,GB
12416,CA
12417,CA
12418,GB
12419,DE
12420,DE
12421,US
12422,DE
12423,US
12424,US
12425,DE
12426,DE
12427,DE
12428,GB
12429,DE
12430,CA
12431,US
12432,CA
12433,CA
12434,GB
12435,GB
12436,DE
12437,CA
12438,US
12439,US
12440,DE
12441,CA
12442,GB
12443,US
12444,US
12445,CA
12446,US
12447,DE
12448,GB
12449,CA
12450,DE
12451,GB
12452,GB
12453,DE
12454,CA
12455,DE
12456,DE
12457,GB
12458,US
12459,GB
12460,DE
12461,GB
12462,GB
12463,US
12464,US
12465,DE
12466,US
12467,DE
12468,US
12469,US
12470,CA
12471,CA
12472,DE
12473,DE
12474,DE
12475,GB
12476,CA
12477,US
12478,CA
12479,CA
12480,CA
12481,DE
12482,DE
12483,DE
12484,DE
12485,CA
12486,DE
12487,US
12488,US
12489,CA
12490,US
12491,DE
12492,CA
12493,GB
12494,US
12495,US
12496,CA
12497,US
12498,DE
12499,CA
12500,GB
12501,GB
12502,GB
12503,GB
12504,GB
12505,CA
12506,DE
12507,US
12508,CA
12509,CA
12510,DE
12511,GB
12512,CA
12513,DE
12514,GB
12515,GB
12516,US
12517,GB
12518,CA
12519,US
12520,GB
12521,CA
12522,US
12523,DE
12524,US
12525,CA
12526,CA
12527,DE
12528,GB
12529,GB
12530,US
12531,US
12532,GB
12533,DE
12534,US
12535,US
12536,US
12537,DE
12538,US
12539,US
12540,GB
12541,US
12542,GB
12543,DE
12544,DE
12545,GB
12546,DE
12547,GB
12548,DE
12549,DE
12550,DE
12551,CA
12552,CA
12553,US
12554,GB
12555,CA
12556,CA
12557,US
12558,DE
12559,GB
12560,GB
12561,DE
12562,CA
12563,DE
12564,DE
12565,DE
12566,US
12567,CA
12568,CA
12569,DE
12570,US
12571,DE
12572,CA
12573,GB
12574,CA
12575,DE
12576,DE
12577,US
12578,GB
12579,CA
12580,DE
12581,CA
12582,US
12583,DE
12584,CA
12585,DE
12586,CA
12587,GB
12588,US
12589,GB
12590,GB
12591,CA
12592,GB
12593,DE
12594,US
12595,DE
12596,DE
12597,DE
12598,US
12599,GB
12600,US
12601,US
12602,DE
12603,CA
12604,DE
12605,CA
12606,GB
12607,GB
12608,DE
12609,GB
12610,CA
12611,DE
12612,DE
12613,US
12614,US
12615,US
12616,US
12617,US
12618,CA
12619,CA
12620,US
12621,CA
12622,CA
12623,GB
12624,US
12625,DE
12626,GB
12627,CA
12628,US
12629,GB
12630,GB
12631,CA
12632,DE
12633,GB
12634,US
12635,CA
12636,US
12637,US
12638,DE
12639,DE
12640,DE
12641,US
12642,DE
12643,US
12644,US
12645,DE
12646,US
12647,US
12648,GB
12649,DE
12650,DE
12651,CA
12652,US
12653,GB
12654,GB
12655,DE
12656,GB
12657,GB
12658,GB
12659,DE
12660,GB
12661,US
12662,GB
12663,DE
12664,CA
12665,DE
12666,CA
12667,US
12668,CA
12669,CA
12670,US
12671,GB
12672,DE
12673,CA
12674,CA
12675,DE
12676,GB
12677,DE
12678,DE
12679,GB
12680,DE
12681,US
12682,GB
12683,US
12684,CA
12685,US
12686,DE
12687,CA
12688,CA
12689,DE
12690,GB
12691,DE
12692,GB
12693,US
12694,US
12695,GB
12696,US
12697,GB
12698,CA
12699,CA
12700,GB
12701,US
12702,DE
12703,DE
12704,US
12705,CA
12706,GB
12707,US
12708,US
12709,GB
12710,CA
12711,GB
12712,GB
12713,DE
12714,DE
12715,DE
12716,DE
12717,US
12718,CA
12719,US
12720,DE
12721,DE
12722,US
12723,GB
12724,DE
12725,DE
12726,CA
12727,GB
12728,CA
12729,GB
12730,US
12731,GB
12732,GB
12733,GB
12734,GB
12735,US
12736,US
12737,DE
12738,CA
12739,CA
12740,CA
12741,GB
12742,US
12743,US
12744,DE
12745,US
12746,GB
12747,GB
12748,CA
12749,US
12750,GB
12751,DE
12752,GB
12753,DE
12754,GB
12755,CA
12756,CA
12757,GB
12758,GB
12759,DE
12760,DE
12761,CA
12762,DE
12763,DE
12764,GB
12765,US
12766,CA
12767,CA
12768,CA
12769,DE
12770,CA
12771,DE
12772,CA
12773,CA
12774,US
12775,GB
12776,GB
12777,CA
12778,DE
12779,GB
12780,DE
12781,US
12782,GB
12783,GB
12784,US
12785,GB
12786,US
12787,GB
12788,GB
12789,GB
12790,GB
12791,CA
12792,CA
12793,US
12794,GB
12795,CA
12796,US
12797,CA
12798,US
12799,DE
12800,CA
12801,US
12802,CA
12803,CA
12804,DE
12805,CA
12806,DE
12807,US
12808,GB
12809,GB
12810,GB
12811,DE
12812,US
12813,DE
12814,US
12815,US
12816,US
12817,US
12818,DE
12819,GB
12820,US
12821,DE
12822,DE
12823,DE
12824,DE
12825,US
12826,GB
12827,DE
12828,GB
12829,GB
12830,GB
12831,US
12832,DE
12833,DE
12834,US
12835,CA
12836,CA
12837,US
12838,US
12839,GB
12840,US
12841,DE
12842,US
12843,GB
12844,CA
12845,CA
12846,GB
12847,GB
12848,DE
12849,DE
12850,US
12851,US
12852,US
12853,DE
12854,US
12855,GB
12856,CA
12857,DE
12858,DE
12859,GB
12860,DE
12861,DE
12862,GB
12863,GB
12864,CA
12865,CA
12866,DE
12867,GB
12868,DE
12869,CA
12870,DE
12871,DE
12872,DE
12873,DE
12874,GB
12875,DE
12876,DE
12877,DE
12878,US
12879,US
12880,US
12881,US
12882,GB
12883,CA
12884,GB
12885,US
12886,GB
12887,GB
12888,GB
12889,US
12890,CA
12891,DE
12892,GB
12893,GB
12894,CA
12895,DE
12896,CA
12897,CA
12898,CA
12899,US
12900,CA
12901,DE
12902,CA
12903,CA
12904,DE
12905,US
12906,US
12907,DE
12908,CA
12909,DE
12910,DE
12911,CA
12912,GB
12913,DE
12914,GB
12915,CA
12916,GB
12917,US
12918,CA
12919,CA
12920,US
12921,GB
12922,US
12923,CA
12924,US
12925,CA
12926,DE
12927,DE
12928,DE
12929,US
12930,GB
12931,GB
12932,CA
12933,DE
12934,US
12935,GB
12936,US
12937,GB
12938,GB
12939,DE
12940,US
12941,US
12942,CA
12943,CA
12944,CA
12945,DE
12946,US
12947,DE
12948,DE
12949,DE
12950,DE
12951,DE
12952,DE
12953,GB
12954,CA
12955,GB
12956,GB
12957,CA
12958,CA
12959,CA
12960,CA
12961,DE
12962,GB
12963,CA
12964,US
12965,CA
12966,DE
12967,US
12968,DE
12969,DE
12970,GB
12971,US
12972,CA
12973,GB
12974,CA
12975,DE
12976,DE
12977,CA
12978,DE
12979,US
12980,GB
12981,GB
12982,CA
12983,DE
12984,US
12985,DE
12986,US
12987,US
12988,DE
12989,CA
12990,DE
12991,CA
12992,DE
12993,GB
12994,US
12995,GB
12996,DE
12997,DE
12998,US
12999,GB
13000,US
13001,CA
13002,DE
13003,CA
13004,GB
13005,DE
13006,GB
13007,DE
13008,CA
13009,US
13010,US
13011,CA
13012,DE
13013,US
13014,GB
13015,CA
13016,CA
13017,CA
13018,CA
13019,CA
13020,GB
13021,US
13022,CA
13023,US
13024,GB
13025,CA
13026,US
13027,CA
13028,GB
13029,GB
13030,US
13031,US
13032,US
13033,GB
13034,CA
13035,GB
13036,GB
13037,DE
13038,CA
13039,GB
13040,US
13041,GB
13042,US
13043,GB
13044,US
13045,GB
13046,GB
13047,US
13048,GB
13049,CA
13050,US
13051,DE
13052,GB
13053,US
13054,CA
13055,DE
13056,CA
13057,DE
13058,CA
13059,DE
13060,DE
13061,GB
13062,CA
13063,GB
13064,CA
13065,CA
13066,GB
13067,CA
13068,CA
13069,US
13070,CA
13071,CA
13072,US
13073,CA
13074,DE
13075,DE
13076,CA
13077,DE
13078,CA
13079,US
13080,US
13081,GB
13082,GB
13083,CA
13084,US
13085,US
13086,DE
13087,DE
13088,CA
13089,DE
13090,US
13091,GB
13092,DE
13093,DE
13094,GB
13095,DE
13096,GB
13097,GB
13098,US
13099,US
13100,CA
13101,DE
13102,GB
13103,DE
13104,CA
13105,CA
13106,DE
13107,GB
13108,US
13109,CA
13110,CA
13111,US
13112,GB
13113,GB
13114,GB
13115,US
13116,US
13117,CA
13118,GB
13119,GB
13120,CA
13121,CA
13122,GB
13123,GB
13124,GB
13125,DE
13126,DE
13127,US
13128,GB
13129,US
13130,CA
13131,US
13132,GB
13133,US
13134,GB
13135,US
13136,CA
13137,GB
13138,CA
13139,CA
13140,CA
13141,CA
13142,DE
13143,CA
13144,GB
13145,DE
13146,DE
13147,CA
13148,US
13149,GB
13150,CA
13151,GB
13152,CA
13153,CA
13154,GB
13155,CA
13156,DE
13157,DE
13158,GB
13159,US
13160,GB
13161,US
13162,GB
13163,US
13164,US
13165,DE
13166,DE
13167,US
13168,DE
13169,CA
13170,DE
13171,GB
13172,GB
13173,CA
13174,GB
13175,GB
13176,US
13177,US
13178,DE
13179,GB
13180,CA
13181,CA
13182,US
13183,GB
13184,GB
13185,DE
13186,GB
13187,CA
13188,CA
13189,GB
13190,CA
13191,DE
13192,GB
13193,GB
13194,DE
13195,GB
13196,US
13197,DE
13198,US
13199,US
13200,GB
13201,US
13202,CA
13203,CA
13204,CA
13205,US
13206,US
13207,DE
13208,CA
13209,GB
13210,CA
13211,GB
13212,US
13213,GB
13214,GB
13215,US
13216,DE
13217,GB
13218,DE
13219,DE
13220,GB
13221,DE
13222,CA
13223,DE
13224,GB
13225,DE
13226,GB
13227,CA
13228,DE
13229,CA
13230,DE
13231,US
13232,DE
13233,DE
13234,GB
13235,CA
13236,GB
13237,GB
13238,DE
13239,CA
13240,CA
13241,CA
13242,CA
13243,CA
13244,DE
13245,GB
13246,GB
13247,DE
13248,DE
13249,GB
13250,DE
13251,US
13252,DE
13253,CA
13254,GB
13255,GB
13256,US
13257,GB
13258,GB
13259,GB
13260,DE
13261,CA
13262,DE
13263,US
13264,GB
13265,CA
13266,DE
13267,DE
13268,DE
13269,US
13270,CA
13271,US
13272,DE
13273,GB
13274,CA
13275,GB
13276,DE
13277,CA
13278,DE
13279,CA
13280,GB
13281,US
13282,CA
13283,CA
13284,CA
13285,CA
13286,GB
13287,DE
13288,CA
13289,US
13290,GB
13291,US
13292,US
13293,US
13294,US
13295,GB
13296,CA
13297,CA
13298,DE
13299,US
13300,GB
13301,CA
13302,DE
13303,DE
13304,GB
13305,DE
13306,GB
13307,GB
13308,CA
13309,GB
13310,CA
13311,CA
13312,CA
13313,DE
13314,CA
13315,GB
13316,GB
13317,US
13318,DE
13319,US
13320,CA
13321,GB
13322,GB
13323,GB
13324,DE
13325,GB
13326,GB
13327,US
13328,US
13329,CA
13330,CA
13331,US
13332,CA
13333,US
13334,US
13335,GB
13336,CA
13337,DE
13338,DE
13339,GB
13340,CA
13341,DE
13342,GB
13343,CA
13344,GB
13345,US
13346,CA
13347,US
13348,CA
13349,GB
13350,US
13351,DE
13352,US
13353,GB
13354,CA
13355,CA
13356,GB
13357,GB
13358,CA
13359,US
13360,CA
13361,US
13362,CA
13363,CA
13364,DE
13365,DE
13366,DE
13367,GB
13368,US
13369,GB
13370,DE
13371,US
13372,DE
13373,GB
13374,US
13375,GB
13376,DE
13377,GB
13378,GB
13379,DE
13380,CA
13381,DE
13382,DE
13383,GB
13384,US
13385,US
13386,CA
13387,US
13388,DE
13389,US
13390,CA
13391,US
13392,CA
13393,CA
13394,GB
13395,US
13396,GB
13397,US
13398,US
13399,GB
13400,GB
13401,DE
13402,CA
13403,GB
13404,GB
13405,US
13406,CA
13407,CA
13408,DE
13409,CA
13410,DE
13411,CA
13412,US
13413,DE
13414,GB
13415,CA
13416,US
13417,GB
13418,GB
13419,US
13420,US
13421,GB
13422,CA
13423,DE
13424,DE
13425,CA
13426,GB
13427,DE
13428,US
13429,GB
13430,GB
13431,CA
13432,GB
13433,GB
13434,DE
13435,CA
13436,CA
13437,GB
13438,GB
13439,CA
13440,US
13441,GB
13442,DE
13443,GB
13444,CA
13445,CA
13446,DE
13447,DE
13448,GB
13449,CA
13450,DE
13451,CA
13452,CA
13453,DE
13454,DE
13455,CA
13456,CA
13457,GB
13458,CA
13459,GB
13460,GB
13461,US
13462,GB
13463,DE
13464,GB
13465,GB
13466,CA
13467,DE
13468,CA
13469,US
13470,GB
13471,GB
13472,US
13473,DE
13474,CA
13475,GB
13476,GB
13477,GB
13478,CA
13479,US
13480,GB
13481,CA
13482,CA
13483,DE
13484,US
13485,US
13486,GB
13487,GB
13488,CA
13489,CA
13490,CA
13491,CA
13492,CA
13493,DE
13494,DE
13495,CA
13496,US
13497,US
13498,GB
13499,CA
13500,GB
13501,CA
13502,CA
13503,DE
13504,CA
13505,DE
13506,US
13507,US
13508,GB
13509,GB
13510,GB
13511,GB
13512,CA
13513,DE
13514,CA
13515,US
13516,DE
13517,CA
13518,DE
13519,DE
13520,US
13521,CA
13522,GB
13523,US
13524,CA
13525,US
13526,GB
13527,US
13528,DE
13529,DE
13530,US
13531,GB
13532,DE
13533,CA
13534,CA
13535,GB
13536,DE
13537,GB
13538,US
13539,US
13540,US
13541,US
13542,US
13543,CA
13544,US
13545,DE
13546,US
13547,DE
13548,CA
13549,US
13550,DE
13551,CA
13552,GB
13553,US
13554,GB
13555,GB
13556,DE
13557,CA
13558,DE
13559,DE
13560,CA
13561,GB
13562,CA
13563,GB
13564,US
13565,DE
13566,GB
13567,US
13568,CA
13569,US
13570,CA
13571,US
13572,DE
13573,DE
13574,US
13575,US
13576,DE
13577,GB
13578,DE
13579,GB
13580,DE
13581,DE
13582,GB
13583,DE
13584,CA
13585,US
13586,DE
13587,GB
13588,CA
13589,GB
13590,GB
13591,GB
13592,DE
13593,CA
13594,US
13595,US
13596,GB
13597,DE
13598,US
13599,DE
13600,US
13601,GB
13602,DE
13603,CA
13604,GB
13605,CA
13606,DE
13607,DE
13608,DE
13609,CA
13610,US
13611,CA
13612,CA
13613,CA
13614,DE
13615,GB
13616,DE
13617,CA
13618,GB
13619,GB
13620,US
13621,US
13622,DE
13623,GB
13624,GB
13625,CA
13626,GB
13627,GB
13628,CA
13629,US
13630,GB
13631,DE
13632,GB
13633,DE
13634,GB
13635,GB
13636,DE
13637,US
13638,GB
13639,DE
13640,CA
13641,GB
13642,CA
13643,GB
13644,CA
13645,DE
13646,US
13647,GB
13648,DE
13649,US
13650,DE
13651,CA
13652,DE
13653,CA
13654,CA
13655,GB
13656,DE
13657,DE
13658,CA
13659,US
13660,US
13661,CA
13662,US
13663,DE
13664,DE
13665,US
13666,US
13667,DE
13668,CA
13669,CA
13670,US
13671,GB
13672,DE
13673,GB
13674,DE
13675,DE
13676,CA
13677,US
13678,CA
13679,US
13680,CA
13681,GB
13682,CA
13683,GB
13684,GB
13685,CA
13686,CA
13687,US
13688,US
13689,GB
13690,GB
13691,CA
13692,US
13693,CA
13694,CA
13695,CA
13696,DE
13697,US
13698,CA
13699,CA
13700,US
13701,CA
13702,CA
13703,GB
13704,DE
13705,CA
13706,GB
13707,US
13708,US
13709,CA
13710,US
13711,DE
13712,GB
13713,DE
13714,DE
13715,DE
13716,CA
13717,DE
13718,CA
13719,DE
13720,US
13721,CA
13722,US
13723,DE
13724,GB
13725,US
13726,CA
13727,GB
13728,US
13729,DE
13730,CA
13731,DE
13732,DE
13733,DE
13734,US
13735,CA
13736,DE
13737,GB
13738,CA
13739,CA
13740,GB
13741,US
13742,CA
13743,CA
13744,CA
13745,GB
13746,GB
13747,US
13748,CA
13749,DE
13750,CA
13751,US
13752,GB
13753,CA
13754,GB
13755,GB
13756,GB
13757,CA
13758,DE
13759,GB
13760,US
13761,US
13762,DE
13763,DE
13764,DE
13765,DE
13766,GB
13767,US
13768,GB
13769,DE
13770,CA
13771,US
13772,US
13773,US
13774,GB
13775,CA
13776,US
13777,GB
13778,DE
13779,CA
13780,US
13781,CA
13782,DE
13783,CA
13784,CA
13785,CA
13786,CA
13787,US
13788,CA
13789,DE
13790,US
13791,CA
13792,DE
13793,DE
13794,GB
13795,GB
13796,GB
13797,GB
13798,CA
13799,DE
13800,CA
13801,CA
13802,DE
13803,GB
13804,GB
13805,US
13806,CA
13807,DE
13808,US
13809,CA
13810,DE
13811,CA
13812,DE
13813,GB
13814,DE
13815,DE
13816,CA
13817,GB
13818,DE
13819,US
13820,GB
13821,US
13822,CA
13823,DE
13824,US
13825,CA
13826,DE
13827,DE
13828,DE
13829,GB
13830,DE
13831,CA
13832,CA
13833,CA
13834,US
13835,CA
13836,DE
13837,CA
13838,US
13839,GB
13840,US
13841,US
13842,GB
13843,GB
13844,DE
13845,GB
13846,CA
13847,GB
13848,GB
13849,DE
13850,US
13851,GB
13852,US
13853,GB
13854,GB
13855,GB
13856,US
13857,DE
13858,DE
13859,US
13860,CA
13861,US
13862,GB
13863,GB
13864,CA
13865,CA
13866,CA
13867,DE
13868,DE
13869,DE
13870,DE
13871,GB
13872,CA
13873,DE
13874,GB
13875,GB
13876,CA
13877,DE
13878,GB
13879,US
13880,CA
13881,US
13882,US
13883,US
13884,GB
13885,DE
13886,CA
13887,GB
13888,US
13889,GB
13890,GB
13891,GB
13892,US
13893,CA
13894,US
13895,DE
13896,US
13897,US
13898,GB
13899,GB
13900,GB
13901,DE
13902,GB
13903,DE
13904,DE
13905,GB
13906,US
13907,US
13908,CA
13909,GB
13910,GB
13911,CA
13912,GB
13913,GB
13914,GB
13915,CA
13916,US
13917,CA
13918,DE
13919,CA
13920,CA
13921,GB
13922,CA
13923,US
13924,CA
13925,CA
13926,CA
13927,CA
13928,DE
13929,US
13930,DE
13931,GB
13932,CA
13933,DE
13934,DE
13935,US
13936,US
13937,CA
13938,GB
13939,US
13940,GB
13941,US
13942,US
13943,GB
13944,US
13945,GB
13946,US
13947,CA
13948,GB
13949,DE
13950,DE
13951,DE
13952,GB
13953,US
13954,US
13955,US
13956,US
13957,DE
13958,CA
13959,CA
13960,US
13961,CA
13962,GB
13963,CA
13964,GB
13965,GB
13966,US
13967,DE
13968,DE
13969,DE
13970,GB
13971,US
13972,GB
13973,DE
13974,DE
13975,DE
13976,CA
13977,GB
13978,GB
13979,GB
13980,US
13981,DE
13982,GB
13983,DE
13984,GB
13985,CA
13986,DE
13987,DE
13988,DE
13989,GB
13990,CA
13991,DE
13992,US
13993,US
13994,GB
13995,US
13996,DE
13997,GB
13998,DE
13999,DE
14000,CA
14001,CA
14002,DE
14003,CA
14004,US
14005,US
14006,CA
14007,GB
14008,DE
14009,US
14010,DE
14011,GB
14012,GB
14013,DE
14014,CA
14015,GB
14016,GB
14017,DE
14018,GB
14019,CA
14020,US
14021,GB
14022,US
14023,US
14024,US
14025,GB
14026,GB
14027,GB
14028,CA
14029,CA
14030,DE
14031,US
14032,CA
14033,GB
14034,US
14035,US
14036,GB
14037,DE
14038,DE
14039,CA
14040,CA
14041,DE
14042,GB
14043,US
14044,GB
14045,DE
14046,GB
14047,DE
14048,GB
14049,US
14050,CA
14051,DE
14052,DE
14053,DE
14054,US
14055,GB
14056,DE
14057,GB
14058,US
14059,GB
14060,DE
14061,US
14062,GB
14063,GB
14064,CA
14065,CA
14066,CA
14067,GB
14068,DE
14069,DE
14070,US
14071,CA
14072,CA
14073,US
14074,CA
14075,US
14076,CA
14077,US
14078,DE
14079,CA
14080,DE
14081,DE
14082,US
14083,US
14084,DE
14085,DE
14086,US
14087,CA
14088,DE
14089,CA
14090,DE
14091,GB
14092,DE
14093,CA
14094,CA
14095,US
14096,CA
14097,GB
14098,DE
14099,GB
14100,GB
14101,GB
14102,GB
14103,CA
14104,GB
14105,GB
14106,US
14107,GB
14108,DE
14109,DE
14110,DE
14111,GB
14112,GB
14113,DE
14114,CA
14115,CA
14116,GB
14117,CA
14118,GB
14119,GB
14120,GB
14121,US
14122,US
14123,CA
14124,CA
14125,GB
14126,CA
14127,GB
14128,DE
14129,US
14130,DE
14131,CA
14132,GB
14133,DE
14134,US
14135,US
14136,CA
14137,CA
14138,GB
14139,US
14140,DE
14141,DE
14142,GB
14143,US
14144,US
14145,US
14146,DE
14147,GB
14148,US
14149,US
14150,GB
14151,GB
14152,DE
14153,CA
14154,GB
14155,US
14156,DE
14157,US
14158,CA
14159,GB
14160,CA
14161,GB
14162,DE
14163,CA
14164,DE
14165,DE
14166,GB
14167,CA
14168,GB
14169,DE
14170,GB
14171,US
14172,CA
14173,US
14174,DE
14175,CA
14176,DE
14177,CA
14178,DE
14179,DE
14180,GB
14181,DE
14182,GB
14183,CA
14184,US
14185,CA
14186,US
14187,GB
14188,GB
14189,DE
14190,CA
14191,CA
14192,CA
14193,DE
14194,GB
14195,DE
14196,US
14197,DE
14198,US
14199,US
14200,DE
14201,US
14202,DE
14203,US
14204,DE
14205,DE
14206,GB
14207,US
14208,DE
14209,GB
14210,US
14211,GB
14212,DE
14213,GB
14214,DE
14215,DE
14216,DE
14217,GB
14218,US
14219,GB
14220,GB
14221,DE
14222,CA
14223,CA
14224,CA
14225,US
14226,US
14227,US
14228,DE
14229,GB
14230,CA
14231,DE
14232,GB
14233,DE
14234,US
14235,DE
14236,GB
14237,CA
14238,CA
14239,CA
14240,CA
14241,US
14242,GB
14243,DE
14244,CA
14245,CA
14246,US
14247,GB
14248,DE
14249,DE
14250,GB
14251,CA
14252,CA
14253,CA
14254,GB
14255,CA
14256,US
14257,DE
14258,CA
14259,US
14260,DE
14261,GB
14262,GB
14263,DE
14264,GB
14265,DE
14266,CA
14267,DE
14268,CA
14269,CA
14270,US
14271,DE
14272,GB
14273,CA
14274,GB
14275,US
14276,DE
14277,CA
14278,CA
14279,DE
14280,GB
14281,DE
14282,DE
14283,GB
14284,US
14285,US
14286,GB
14287,CA
14288,US
14289,GB
14290,DE
14291,GB
14292,US
14293,CA
14294,CA
14295,GB
14296,CA
14297,DE
14298,DE
14299,DE
14300,DE
14301,DE
14302,CA
14303,CA
14304,US
14305,CA
14306,CA
14307,DE
14308,DE
14309,CA
14310,DE
14311,CA
14312,US
14313,DE
14314,DE
14315,DE
14316,CA
14317,US
14318,CA
14319,GB
14320,US
14321,CA
14322,CA
14323,US
14324,CA
14325,CA
14326,CA
14327,DE
14328,DE
14329,GB
14330,DE
14331,CA
14332,CA
14333,CA
14334,DE
14335,GB
14336,DE
14337,DE
14338,US
14339,US
14340,CA
14341,DE
14342,DE
14343,US
14344,GB
14345,DE
14346,GB
14347,CA
14348,US
14349,CA
14350,DE
14351,US
14352,US
14353,DE
14354,GB
14355,DE
14356,GB
14357,GB
14358,US
14359,DE
14360,US
14361,CA
14362,DE
14363,US
14364,CA
14365,CA
14366,DE
14367,US
14368,US
14369,DE
14370,GB
14371,GB
14372,DE
14373,GB
14374,DE
14375,US
14376,CA
14377,US
14378,US
14379,CA
14380,CA
14381,DE
14382,CA
14383,DE
14384,US
14385,US
14386,US
14387,GB
14388,DE
14389,CA
14390,US
14391,CA
14392,US
14393,GB
14394,US
14395,CA
14396,US
14397,DE
14398,US
14399,CA
14400,US
14401,DE
14402,DE
14403,GB
14404,CA
14405,GB
14406,US
14407,CA
14408,US
14409,CA
14410,CA
14411,DE
14412,DE
14413,CA
14414,DE
14415,CA
14416,GB
14417,DE
14418,GB
14419,GB
14420,US
14421,GB
14422,DE
14423,CA
14424,DE
14425,DE
14426,US
14427,DE
14428,DE
14429,CA
14430,CA
14431,GB
14432,CA
14433,US
14434,GB
14435,US
14436,DE
14437,US
14438,CA
14439,DE
14440,DE
14441,DE
14442,CA
14443,US
14444,US
14445,US
14446,US
14447,US
14448,DE
14449,US
14450,GB
14451,DE
14452,DE
14453,GB
14454,US
14455,US
14456,US
14457,US
14458,GB
14459,DE
14460,DE
14461,DE
14462,DE
14463,GB
14464,US
14465,CA
14466,DE
14467,GB
14468,US
14469,US
14470,DE
14471,CA
14472,CA
14473,DE
14474,DE
14475,US
14476,CA
14477,DE
14478,US
14479,US
14480,DE
14481,CA
14482,CA
14483,CA
14484,GB
14485,CA
14486,DE
14487,US
14488,GB
14489,CA
14490,DE
14491,DE
14492,GB
14493,US
14494,GB
14495,GB
14496,GB
14497,CA
14498,US
14499,US
14500,US
14501,DE
14502,DE
14503,US
14504,DE
14505,US
14506,GB
14507,US
14508,CA
14509,GB
14510,DE
14511,US
14512,US
14513,GB
14514,CA
14515,CA
14516,GB
14517,US
14518,US
14519,CA
14520,US
14521,US
14522,DE
14523,GB
14524,US
14525,CA
14526,GB
14527,US
14528,CA
14529,CA
14530,US
14531,CA
14532,GB
14533,DE
14534,US
14535,GB
14536,DE
14537,DE
14538,CA
14539,DE
14540,CA
14541,CA
14542,GB
14543,CA
14544,GB
14545,US
14546,GB
14547,GB
14548,DE
14549,DE
14550,US
14551,CA
14552,US
14553,DE
14554,GB
14555,US
14556,CA
14557,CA
14558,US
14559,GB
14560,CA
14561,GB
14562,US
14563,DE
14564,DE
14565,GB
14566,DE
14567,CA
14568,US
14569,CA
14570,GB
14571,DE
14572,GB
14573,GB
14574,CA
14575,CA
14576,DE
14577,DE
14578,US
14579,CA
14580,GB
14581,DE
14582,CA
14583,GB
14584,DE
14585,DE
14586,CA
14587,US
14588,GB
14589,DE
14590,US
14591,GB
14592,CA
14593,GB
14594,DE
14595,GB
14596,US
14597,DE
14598,GB
14599,DE
14600,US
14601,DE
14602,US
14603,CA
14604,GB
14605,US
14606,GB
14607,GB
14608,DE
14609,GB
14610,CA
14611,US
14612,US
14613,CA
14614,DE
14615,GB
14616,GB
14617,DE
14618,US
14619,US
14620,US
14621,US
14622,DE
14623,DE
14624,DE
14625,US
14626,DE
14627,CA
14628,DE
14629,CA
14630,US
14631,CA
14632,US
14633,US
14634,GB
14635,GB
14636,US
14637,GB
14638,CA
14639,GB
14640,DE
14641,GB
14642,GB
14643,US
14644,DE
14645,CA
14646,DE
14647,GB
14648,CA
14649,DE
14650,CA
14651,GB
14652,GB
14653,GB
14654,CA
14655,CA
14656,US
14657,DE
14658,DE
14659,US
14660,CA
14661,US
14662,DE
14663,GB
14664,US
14665,GB
14666,GB
14667,GB
14668,CA
14669,CA
14670,CA
14671,US
14672,US
14673,CA
14674,DE
14675,DE
14676,US
14677,US
14678,DE
14679,GB
14680,DE
14681,DE
14682,US
14683,GB
14684,GB
14685,US
14686,US
14687,CA
14688,DE
14689,CA
14690,US
14691,GB
14692,US
14693,GB
14694,CA
14695,CA
14696,DE
14697,DE
14698,US
14699,US
14700,GB
14701,US
14702,US
14703,DE
14704,US
14705,US
14706,US
14707,GB
14708,US
14709,CA
14710,US
14711,US
14712,GB
14713,GB
14714,US
14715,CA
14716,GB
14717,US
14718,DE
14719,US
14720,DE
14721,US
14722,DE
14723,CA
14724,GB
14725,GB
14726,CA
14727,CA
14728,CA
14729,DE
14730,GB
14731,US
14732,CA
14733,CA
14734,US
14735,CA
14736,US
14737,US
14738,DE
14739,GB
14740,US
14741,GB
14742,GB
14743,DE
14744,GB
14745,CA
14746,DE
14747,CA
14748,CA
14749,GB
14750,US
14751,DE
14752,US
14753,CA
14754,DE
14755,DE
14756,DE
14757,CA
14758,US
14759,US
14760,US
14761,US
14762,US
14763,CA
14764,US
14765,US
14766,US
14767,GB
14768,DE
14769,CA
14770,US
14771,CA
14772,CA
14773,US
14774,GB
14775,DE
14776,DE
14777,CA
14778,US
14779,DE
14780,US
14781,GB
14782,US
14783,CA
14784,GB
14785,DE
14786,GB
14787,GB
14788,GB
14789,DE
14790,DE
14791,CA
14792,CA
14793,US
14794,GB
14795,GB
14796,CA
14797,GB
14798,DE
14799,DE
14800,DE
14801,GB
14802,CA
14803,DE
14804,US
14805,GB
14806,CA
14807,US
14808,CA
14809,DE
14810,US
14811,CA
14812,CA
14813,GB
14814,DE
14815,GB
14816,US
14817,GB
14818,GB
14819,DE
14820,GB
14821,CA
14822,CA
14823,US
14824,US
14825,DE
14826,DE
14827,CA
14828,CA
14829,CA
14830,US
14831,GB
14832,DE
14833,US
14834,CA
14835,GB
14836,GB
14837,DE
14838,CA
14839,GB
14840,US
14841,DE
14842,CA
14843,GB
14844,CA
14845,CA
14846,CA
14847,GB
14848,GB
14849,CA
14850,GB
14851,US
14852,CA
14853,GB
14854,DE
14855,CA
14856,CA
14857,US
14858,GB
14859,GB
14860,GB
14861,GB
14862,GB
14863,CA
14864,DE
14865,GB
14866,US
14867,DE
14868,US
14869,GB
14870,US
14871,GB
14872,GB
14873,GB
14874,DE
14875,GB
14876,DE
14877,GB
14878,US
14879,US
14880,DE
14881,US
14882,CA
14883,DE
14884,DE
14885,CA
14886,CA
14887,US
14888,CA
14889,DE
14890,CA
14891,GB
14892,CA
14893,US
14894,GB
14895,US
14896,CA
14897,GB
14898,GB
14899,DE
14900,DE
14901,CA
14902,GB
14903,GB
14904,CA
14905,US
14906,DE
14907,US
14908,GB
14909,GB
14910,GB
14911,DE
14912,US
14913,GB
14914,US
14915,CA
14916,GB
14917,US
14918,DE
14919,CA
14920,CA
14921,CA
14922,DE
14923,CA
14924,DE
14925,CA
14926,US
14927,US
14928,DE
14929,CA
14930,US
14931,US
14932,CA
14933,US
14934,CA
14935,CA
14936,US
14937,DE
14938,DE
14939,CA
14940,DE
14941,CA
14942,DE
14943,DE
14944,DE
14945,GB
14946,DE
14947,CA
14948,US
14949,US
14950,CA
14951,GB
14952,DE
14953,GB
14954,GB
14955,CA
14956,GB
14957,US
14958,DE
14959,US
14960,GB
14961,DE
14962,GB
14963,DE
14964,US
14965,CA
14966,GB
14967,US
14968,US
14969,US
14970,US
14971,US
14972,US
14973,GB
14974,US
14975,US
14976,CA
14977,GB
14978,DE
14979,DE
14980,US
14981,CA
14982,DE
14983,US
14984,US
14985,GB
14986,US
14987,GB
14988,GB
14989,CA
14990,US
14991,GB
14992,CA
14993,US
14994,DE
14995,DE
14996,US
14997,US
14998,US
14999,US
15000,GB
15001,GB
15002,CA
15003,CA
15004,US
15005,DE
15006,DE
15007,US
15008,DE
15009,GB
15010,GB
15011,GB
15012,GB
15013,CA
15014,DE
15015,GB
15016,DE
15017,US
15018,US
15019,US
15020,CA
15021,US
15022,DE
15023,DE
15024,CA
15025,DE
15026,US
15027,GB
15028,GB
15029,US
15030,GB
15031,DE
15032,GB
15033,US
15034,CA
15035,GB
15036,GB
15037,GB
15038,CA
15039,US
15040,CA
15041,GB
15042,CA
15043,GB
15044,US
15045,GB
15046,DE
15047,US
15048,CA
15049,CA
15050,GB
15051,DE
15052,DE
15053,CA
15054,US
15055,GB
15056,CA
15057,CA
15058,US
15059,GB
15060,DE
15061,CA
15062,DE
15063,DE
15064,GB
15065,DE
15066,GB
15067,US
15068,DE
15069,GB
15070,GB
15071,DE
15072,GB
15073,US
15074,CA
15075,DE
15076,DE
15077,US
15078,GB
15079,GB
15080,DE
15081,GB
15082,US
15083,US
15084,CA
15085,CA
15086,US
15087,CA
15088,GB
15089,DE
15090,GB
15091,GB
15092,DE
15093,US
15094,DE
15095,DE
15096,CA
15097,US
15098,CA
15099,US
15100,GB
15101,DE
15102,US
15103,CA
15104,DE
15105,GB
15106,DE
15107,US
15108,US
15109,DE
15110,GB
15111,CA
15112,DE
15113,DE
15114,US
15115,DE
15116,US
15117,DE
15118,DE
15119,CA
15120,CA
15121,CA
15122,GB
15123,GB
15124,US
15125,US
15126,CA
15127,US
15128,CA
15129,CA
15130,DE
15131,US
15132,DE
15133,DE
15134,GB
15135,DE
15136,US
15137,US
15138,US
15139,CA
15140,DE
15141,CA
15142,CA
15143,DE
15144,US
15145,CA
15146,CA
15147,US
15148,GB
15149,GB
15150,US
15151,US
15152,GB
15153,CA
15154,GB
15155,DE
15156,US
15157,US
15158,CA
15159,DE
15160,US
15161,GB
15162,CA
15163,CA
15164,DE
15165,US
15166,US
15167,DE
15168,GB
15169,GB
15170,US
15171,CA
15172,DE
15173,DE
15174,CA
15175,US
15176,US
15177,GB
15178,GB
15179,CA
15180,US
15181,GB
15182,DE
15183,CA
15184,DE
15185,US
15186,GB
15187,US
15188,US
15189,DE
15190,DE
15191,DE
15192,GB
15193,US
15194,US
15195,DE
15196,GB
15197,GB
15198,US
15199,CA
15200,US
15201,GB
15202,US
15203,DE
15204,GB
15205,GB
15206,US
15207,US
15208,DE
15209,US
15210,DE
15211,GB
15212,US
15213,DE
15214,CA
15215,GB
15216,US
15217,DE
15218,DE
15219,DE
15220,US
15221,US
15222,DE
15223,DE
15224,GB
15225,DE
15226,GB
15227,DE
15228,DE
15229,GB
15230,CA
15231,CA
15232,CA
15233,CA
15234,US
15235,CA
15236,GB
15237,US
15238,DE
15239,DE
15240,GB
15241,CA
15242,GB
15243,CA
15244,GB
15245,CA
15246,CA
15247,DE
15248,US
15249,CA
15250,GB
15251,GB
15252,CA
15253,US
15254,DE
15255,GB
15256,GB
15257,US
15258,DE
15259,DE
15260,CA
15261,US
15262,CA
15263,CA
15264,GB
15265,DE
15266,US
15267,DE
15268,GB
15269,CA
15270,US
15271,DE
15272,DE
15273,GB
15274,DE
15275,GB
15276,CA
15277,US
15278,GB
15279,GB
15280,DE
15281,GB
15282,US
15283,US
15284,US
15285,US
15286,CA
15287,CA
15288,GB
15289,CA
15290,US
15291,GB
15292,GB
15293,US
15294,CA
15295,CA
15296,DE
15297,US
15298,DE
15299,GB
15300,CA
15301,GB
15302,US
15303,CA
15304,CA
15305,GB
15306,GB
15307,GB
15308,DE
15309,CA
15310,US
15311,GB
15312,CA
15313,US
15314,CA
15315,DE
15316,DE
15317,GB
15318,CA
15319,US
15320,CA
15321,DE
15322,DE
15323,CA
15324,US
15325,GB
15326,CA
15327,US
15328,DE
15329,CA
15330,CA
15331,CA
15332,CA
15333,CA
15334,CA
15335,US
15336,DE
15337,US
15338,US
15339,GB
15340,GB
15341,DE
15342,GB
15343,US
15344,DE
15345,CA
15346,GB
15347,US
15348,US
15349,GB
15350,US
15351,CA
15352,GB
15353,CA
15354,GB
15355,DE
15356,CA
15357,US
15358,GB
15359,CA
15360,US
15361,US
15362,DE
15363,DE
15364,CA
15365,DE
15366,GB
15367,US
15368,GB
15369,US
15370,CA
15371,CA
15372,DE
15373,US
15374,US
15375,CA
15376,CA
15377,CA
15378,GB
15379,CA
15380,US
15381,DE
15382,GB
15383,GB
15384,US
15385,GB
15386,DE
15387,CA
15388,GB
15389,DE
15390,DE
15391,GB
15392,US
15393,DE
15394,DE
15395,US
15396,GB
15397,US
15398,US
15399,CA
15400,GB
15401,US
15402,DE
15403,US
15404,US
15405,US
15406,CA
15407,DE
15408,US
15409,DE
15410,GB
15411,CA
15412,CA
15413,GB
15414,GB
15415,US
15416,CA
15417,US
15418,US
15419,GB
15420,CA
15421,US
15422,CA
15423,US
15424,CA
15425,US
15426,CA
15427,DE
15428,GB
15429,CA
15430,DE
15431,DE
15432,CA
15433,GB
15434,DE
15435,DE
15436,DE
15437,GB
15438,GB
15439,CA
15440,GB
15441,GB
15442,DE
15443,GB
15444,US
15445,GB
15446,GB
15447,US
15448,GB
15449,GB
15450,DE
15451,CA
15452,US
15453,CA
15454,CA
15455,US
15456,DE
15457,US
15458,DE
15459,US
15460,DE
15461,DE
15462,DE
15463,US
15464,DE
15465,CA
15466,US
15467,GB
15468,US
15469,DE
15470,CA
15471,CA
15472,CA
15473,GB
15474,DE
15475,DE
15476,CA
15477,DE
15478,CA
15479,GB
15480,DE
15481,DE
15482,DE
15483,CA
15484,GB
15485,US
15486,CA
15487,GB
15488,GB
15489,US
15490,CA
15491,GB
15492,CA
15493,DE
15494,CA
15495,CA
15496,CA
15497,DE
15498,CA
15499,GB
15500,DE
15501,US
15502,GB
15503,GB
15504,GB
15505,CA
15506,US
15507,US
15508,DE
15509,GB
15510,DE
15511,GB
15512,GB
15513,DE
15514,GB
15515,GB
15516,GB
15517,GB
15518,DE
15519,US
15520,DE
15521,US
15522,CA
15523,GB
15524,US
15525,CA
15526,CA
15527,GB
15528,DE
15529,DE
15530,GB
15531,US
15532,GB
15533,US
15534,US
15535,DE
15536,DE
15537,CA
15538,CA
15539,US
15540,GB
15541,CA
15542,US
15543,CA
15544,GB
15545,DE
15546,DE
15547,DE
15548,US
15549,CA
15550,GB
15551,CA
15552,DE
15553,GB
15554,DE
15555,DE
15556,GB
15557,CA
15558,US
15559,DE
15560,US
15561,DE
15562,US
15563,CA
15564,DE
15565,GB
15566,CA
15567,US
15568,DE
15569,DE
15570,GB
15571,US
15572,CA
15573,CA
15574,DE
15575,DE
15576,GB
15577,GB
15578,CA
15579,GB
15580,CA
15581,US
15582,GB
15583,DE
15584,US
15585,DE
15586,GB
15587,US
15588,GB
15589,CA
15590,CA
15591,CA
15592,CA
15593,CA
15594,US
15595,GB
15596,DE
15597,US
15598,CA
15599,US
15600,GB
15601,US
15602,GB
15603,GB
15604,DE
15605,CA
15606,DE
15607,GB
15608,DE
15609,CA
15610,GB
15611,DE
15612,DE
15613,GB
15614,CA
15615,DE
15616,CA
15617,US
15618,CA
15619,US
15620,GB
15621,GB
15622,US
15623,GB
15624,DE
15625,US
15626,GB
15627,US
15628,GB
15629,GB
15630,CA
15631,GB
15632,GB
15633,GB
15634,US
15635,US
15636,CA
15637,CA
15638,GB
15639,GB
15640,DE
15641,CA
15642,US
15643,US
15644,DE
15645,US
15646,US
15647,DE
15648,DE
15649,US
15650,US
15651,GB
15652,GB
15653,CA
15654,GB
15655,CA
15656,CA
15657,GB
15658,US
15659,CA
15660,DE
15661,DE
15662,US
15663,US
15664,CA
15665,CA
15666,DE
15667,US
15668,GB
15669,US
15670,CA
15671,GB
15672,US
15673,GB
15674,CA
15675,GB
15676,US
15677,US
15678,GB
15679,GB
15680,US
15681,CA
15682,DE
15683,DE
15684,CA
15685,CA
15686,CA
15687,US
15688,DE
15689,CA
15690,US
15691,CA
15692,GB
15693,US
15694,US
15695,GB
15696,US
15697,US
15698,DE
15699,GB
15700,CA
15701,DE
15702,GB
15703,DE
15704,US
15705,GB
15706,CA
15707,US
15708,CA
15709,US
15710,CA
15711,CA
15712,US
15713,CA
15714,DE
15715,CA
15716,DE
15717,GB
15718,GB
15719,US
15720,CA
15721,GB
15722,US
15723,GB
15724,US
15725,US
15726,CA
15727,US
15728,US
15729,GB
15730,CA
15731,CA
15732,CA
15733,DE
15734,DE
15735,DE
15736,GB
15737,GB
15738,GB
15739,CA
15740,CA
15741,US
15742,US
15743,GB
15744,GB
15745,DE
15746,DE
15747,CA
15748,DE
15749,CA
15750,GB
15751,CA
15752,DE
15753,DE
15754,US
15755,DE
15756,GB
15757,DE
15758,CA
15759,CA
15760,US
15761,CA
15762,CA
15763,GB
15764,GB
15765,DE
15766,DE
15767,US
15768,DE
15769,GB
15770,CA
15771,US
15772,US
15773,GB
15774,GB
15775,US
15776,US
15777,GB
15778,US
15779,GB
15780,CA
15781,US
15782,CA
15783,US
15784,CA
15785,GB
15786,GB
15787,CA
15788,US
15789,US
15790,CA
15791,DE
15792,US
15793,GB
15794,US
15795,CA
15796,CA
15797,US
15798,CA
15799,DE
15800,US
15801,US
15802,DE
15803,GB
15804,GB
15805,GB
15806,US
15807,CA
15808,DE
15809,US
15810,GB
15811,CA
15812,GB
15813,GB
15814,DE
15815,US
15816,GB
15817,GB
15818,DE
15819,GB
15820,US
15821,DE
15822,GB
15823,US
15824,CA
15825,GB
15826,US
15827,US
15828,CA
15829,US
15830,GB
15831,US
15832,CA
15833,US
15834,DE
15835,CA
15836,CA
15837,CA
15838,GB
15839,GB
15840,US
15841,CA
15842,US
15843,CA
15844,US
15845,GB
15846,DE
15847,CA
15848,DE
15849,DE
15850,GB
15851,GB
15852,DE
15853,GB
15854,DE
15855,DE
15856,DE
15857,CA
15858,CA
15859,US
15860,CA
15861,DE
15862,GB
15863,DE
15864,GB
15865,DE
15866,DE
15867,US
15868,US
15869,DE
15870,US
15871,CA
15872,CA
15873,CA
15874,DE
15875,US
15876,GB
15877,US
15878,DE
15879,CA
15880,US
15881,GB
15882,US
15883,US
15884,GB
15885,DE
15886,GB
15887,US
15888,US
15889,CA
15890,DE
15891,CA
15892,CA
15893,US
15894,US
15895,GB
15896,DE
15897,GB
15898,GB
15899,CA
15900,DE
15901,CA
15902,CA
15903,GB
15904,CA
15905,GB
15906,US
15907,GB
15908,DE
15909,US
15910,GB
15911,CA
15912,US
15913,US
15914,CA
15915,CA
15916,DE
15917,GB
15918,GB
15919,DE
15920,GB
15921,US
15922,GB
15923,US
15924,US
15925,US
15926,CA
15927,CA
15928,US
15929,CA
15930,GB
15931,CA
15932,US
15933,DE
15934,GB
15935,US
15936,GB
15937,US
15938,CA
15939,US
15940,GB
15941,CA
15942,DE
15943,CA
15944,GB
15945,CA
15946,DE
15947,GB
15948,GB
15949,CA
15950,GB
15951,DE
15952,DE
15953,GB
15954,GB
15955,US
15956,US
15957,CA
15958,DE
15959,GB
15960,CA
15961,CA
15962,CA
15963,GB
15964,US
15965,GB
15966,US
15967,US
15968,CA
15969,DE
15970,CA
15971,GB
15972,DE
15973,CA
15974,CA
15975,CA
15976,DE
15977,GB
15978,DE
15979,US
15980,US
15981,CA
15982,GB
15983,GB
15984,CA
15985,GB
15986,DE
15987,CA
15988,CA
15989,CA
15990,DE
15991,US
15992,CA
15993,GB
15994,CA
15995,US
15996,US
15997,CA
15998,DE
15999,GB
16000,US
16001,GB
16002,DE
16003,US
16004,DE
16005,CA
16006,GB
16007,GB
16008,GB
16009,CA
16010,CA
16011,US
16012,DE
16013,CA
16014,CA
16015,GB
16016,DE
16017,DE
16018,US
16019,CA
16020,CA
16021,US
16022,GB
16023,GB
16024,GB
16025,DE
16026,US
16027,US
16028,DE
16029,US
16030,CA
16031,GB
16032,CA
16033,US
16034,CA
16035,GB
16036,DE
16037,GB
16038,US
16039,DE
16040,US
16041,US
16042,DE
16043,GB
16044,DE
16045,DE
16046,DE
16047,DE
16048,DE
16049,CA
16050,CA
16051,GB
16052,CA
16053,CA
16054,DE
16055,GB
16056,US
16057,CA
16058,GB
16059,US
16060,CA
16061,US
16062,DE
16063,DE
16064,GB
16065,GB
16066,US
16067,US
16068,DE
16069,CA
16070,US
16071,US
16072,DE
16073,DE
16074,DE
16075,CA
16076,DE
16077,DE
16078,US
16079,GB
16080,US
16081,CA
16082,US
16083,GB
16084,US
16085,US
16086,US
16087,DE
16088,CA
16089,US
16090,US
16091,GB
16092,CA
16093,CA
16094,DE
16095,US
16096,GB
16097,GB
16098,GB
16099,CA
16100,US
16101,US
16102,US
16103,GB
16104,US
16105,US
16106,GB
16107,CA
16108,DE
16109,CA
16110,DE
16111,US
16112,CA
16113,GB
16114,DE
16115,US
16116,CA
16117,DE
16118,GB
16119,GB
16120,CA
16121,CA
16122,US
16123,DE
16124,US
16125,US
16126,DE
16127,US
16128,GB
16129,DE
16130,CA
16131,GB
16132,GB
16133,US
16134,US
16135,DE
16136,US
16137,GB
16138,US
16139,CA
16140,US
16141,GB
16142,DE
16143,DE
16144,DE
16145,US
16146,GB
16147,DE
16148,GB
16149,CA
16150,CA
16151,GB
16152,DE
16153,US
16154,DE
16155,GB
16156,US
16157,CA
16158,DE
16159,US
16160,US
16161,GB
16162,US
16163,GB
16164,US
16165,US
16166,US
16167,GB
16168,US
16169,CA
16170,DE
16171,GB
16172,CA
16173,CA
16174,DE
16175,CA
16176,GB
16177,US
16178,GB
16179,GB
16180,DE
16181,DE
16182,GB
16183,GB
16184,DE
16185,DE
16186,DE
16187,GB
16188,CA
16189,GB
16190,DE
16191,DE
16192,CA
16193,DE
16194,CA
16195,US
16196,CA
16197,US
16198,GB
16199,DE
16200,DE
16201,CA
16202,US
16203,CA
16204,CA
16205,US
16206,GB
16207,GB
16208,CA
16209,DE
16210,GB
16211,GB
16212,DE
16213,CA
16214,DE
16215,CA
16216,GB
16217,GB
16218,US
16219,US
16220,CA
16221,GB
16222,DE
16223,CA
16224,CA
16225,US
16226,US
16227,US
16228,DE
16229,GB
16230,US
16231,GB
16232,CA
16233,GB
16234,CA
16235,DE
16236,DE
16237,DE
16238,GB
16239,CA
16240,GB
16241,CA
16242,CA
16243,GB
16244,US
16245,CA
16246,GB
16247,US
16248,GB
16249,GB
16250,CA
16251,CA
16252,GB
16253,DE
16254,US
16255,DE
16256,CA
16257,DE
16258,GB
16259,CA
16260,DE
16261,US
16262,CA
16263,US
16264,GB
16265,GB
16266,DE
16267,CA
16268,CA
16269,GB
16270,DE
16271,DE
16272,CA
16273,US
16274,US
16275,DE
16276,DE
16277,CA
16278,CA
16279,US
16280,US
16281,CA
16282,US
16283,CA
16284,CA
16285,US
16286,US
16287,US
16288,DE
16289,DE
16290,DE
16291,GB
16292,CA
16293,US
16294,DE
16295,DE
16296,DE
16297,US
16298,US
16299,DE
16300,US
16301,DE
16302,DE
16303,DE
16304,CA
16305,DE
16306,US
16307,GB
16308,GB
16309,GB
16310,GB
16311,CA
16312,DE
16313,US
16314,GB
16315,DE
16316,GB
16317,DE
16318,GB
16319,US
16320,DE
16321,US
16322,CA
16323,US
16324,GB
16325,DE
16326,CA
16327,GB
16328,GB
16329,GB
16330,US
16331,US
16332,US
16333,DE
16334,DE
16335,DE
16336,US
16337,CA
16338,DE
16339,GB
16340,CA
16341,DE
16342,CA
16343,DE
16344,DE
16345,GB
16346,DE
16347,GB
16348,CA
16349,CA
16350,US
16351,CA
16352,GB
16353,GB
16354,GB
16355,US
16356,CA
16357,US
16358,US
16359,CA
16360,DE
16361,GB
16362,GB
16363,US
16364,DE
16365,CA
16366,DE
16367,GB
16368,CA
16369,CA
16370,DE
16371,GB
16372,US
16373,DE
16374,CA
16375,GB
16376,US
16377,GB
16378,US
16379,GB
16380,US
16381,DE
16382,US
16383,DE
16384,CA
16385,GB
16386,GB
16387,US
16388,US
16389,GB
16390,US
16391,US
16392,DE
16393,GB
16394,CA
16395,DE
16396,US
16397,DE
16398,DE
16399,US
16400,GB
16401,CA
16402,CA
16403,US
16404,CA
16405,DE
16406,CA
16407,CA
16408,GB
16409,US
16410,DE
16411,DE
16412,DE
16413,CA
16414,DE
16415,GB
16416,US
16417,DE
16418,CA
16419,CA
16420,GB
16421,CA
16422,US
16423,GB
16424,DE
16425,US
16426,US
16427,GB
16428,GB
16429,CA
16430,CA
16431,US
16432,DE
16433,CA
16434,DE
16435,US
16436,US
16437,CA
16438,DE
16439,DE
16440,DE
16441,GB
16442,GB
16443,DE
16444,CA
16445,CA
16446,DE
16447,DE
16448,CA
16449,DE
16450,GB
16451,CA
16452,DE
16453,US
16454,US
16455,CA
16456,US
16457,US
16458,US
16459,CA
16460,DE
16461,DE
16462,DE
16463,GB
16464,US
16465,US
16466,GB
16467,DE
16468,US
16469,US
16470,US
16471,US
16472,US
16473,CA
16474,GB
16475,DE
16476,US
16477,CA
16478,US
16479,DE
16480,GB
16481,DE
16482,CA
16483,GB
16484,GB
16485,US
16486,DE
16487,DE
16488,GB
16489,US
16490,GB
16491,US
16492,US
16493,GB
16494,US
16495,CA
16496,DE
16497,US
16498,CA
16499,DE
16500,CA
16501,DE
16502,CA
16503,US
16504,GB
16505,DE
16506,DE
16507,CA
16508,US
16509,DE
16510,DE
16511,US
16512,US
16513,DE
16514,GB
16515,GB
16516,GB
16517,GB
16518,DE
16519,GB
16520,DE
16521,DE
16522,DE
16523,CA
16524,DE
16525,GB
16526,CA
16527,GB
16528,DE
16529,CA
16530,GB
16531,CA
16532,US
16533,CA
16534,DE
16535,GB
16536,DE
16537,US
16538,US
16539,CA
16540,DE
16541,US
16542,GB
16543,CA
16544,DE
16545,DE
16546,CA
16547,GB
16548,CA
16549,GB
16550,US
16551,GB
16552,DE
16553,GB
16554,DE
16555,GB
16556,GB
16557,GB
16558,US
16559,CA
16560,CA
16561,US
16562,GB
16563,DE
16564,CA
16565,US
16566,US
16567,DE
16568,CA
16569,GB
16570,DE
16571,US
16572,US
16573,US
16574,CA
16575,US
16576,DE
16577,CA
16578,DE
16579,DE
16580,DE
16581,GB
16582,DE
16583,US
16584,GB
16585,US
16586,CA
16587,GB
16588,GB
16589,US
16590,GB
16591,CA
16592,CA
16593,DE
16594,DE
16595,CA
16596,US
16597,CA
16598,CA
16599,CA
16600,GB
16601,GB
16602,GB
16603,US
16604,CA
16605,DE
16606,DE
16607,DE
16608,US
16609,CA
16610,GB
16611,GB
16612,DE
16613,CA
16614,US
16615,CA
16616,DE
16617,US
16618,CA
16619,DE
16620,CA
16621,DE
16622,DE
16623,DE
16624,GB
16625,CA
16626,DE
16627,DE
16628,US
16629,CA
16630,DE
16631,DE
16632,GB
16633,CA
16634,CA
16635,CA
16636,GB
16637,US
16638,DE
16639,DE
16640,CA
16641,DE
16642,US
16643,CA
16644,CA
16645,US
16646,US
16647,DE
16648,DE
16649,CA
16650,GB
16651,CA
16652,CA
16653,DE
16654,US
16655,CA
16656,US
16657,CA
16658,GB
16659,CA
16660,CA
16661,DE
16662,CA
16663,DE
16664,US
16665,CA
16666,CA
16667,DE
16668,GB
16669,DE
16670,US
16671,GB
16672,DE
16673,CA
16674,GB
16675,CA
16676,US
16677,GB
16678,DE
16679,CA
16680,US
16681,CA
16682,US
16683,DE
16684,CA
16685,US
16686,US
16687,GB
16688,US
16689,DE
16690,US
16691,US
16692,DE
16693,US
16694,DE
16695,CA
16696,CA
16697,GB
16698,GB
16699,GB
16700,US
16701,CA
16702,US
16703,GB
16704,CA
16705,DE
16706,CA
16707,DE
16708,GB
16709,GB
16710,US
16711,CA
16712,CA
16713,GB
16714,DE
16715,GB
16716,DE
16717,CA
16718,DE
16719,US
16720,GB
16721,DE
16722,DE
16723,US
16724,CA
16725,CA
16726,CA
16727,CA
16728,GB
16729,CA
16730,DE
16731,US
16732,CA
16733,DE
16734,US
16735,US
16736,US
16737,CA
16738,GB
16739,DE
16740,US
16741,CA
16742,US
16743,GB
16744,GB
16745,US
16746,US
16747,CA
16748,DE
16749,CA
16750,CA
16751,CA
16752,DE
16753,CA
16754,CA
16755,US
16756,DE
16757,US
16758,DE
16759,US
16760,CA
16761,CA
16762,CA
16763,DE
16764,CA
16765,CA
16766,CA
16767,CA
16768,US
16769,DE
16770,GB
16771,DE
16772,DE
16773,DE
16774,US
16775,US
16776,CA
16777,DE
16778,CA
16779,DE
16780,DE
16781,DE
16782,CA
16783,US
16784,CA
16785,US
16786,CA
16787,CA
16788,US
16789,GB
16790,CA
16791,DE
16792,GB
16793,US
16794,CA
16795,GB
16796,DE
16797,US
16798,CA
16799,GB
16800,US
16801,DE
16802,DE
16803,GB
16804,CA
16805,CA
16806,US
16807,GB
16808,DE
16809,US
16810,CA
16811,CA
16812,DE
16813,US
16814,GB
16815,GB
16816,US
16817,US
16818,DE
16819,DE
16820,GB
16821,CA
16822,US
16823,DE
16824,DE
16825,US
16826,US
16827,CA
16828,GB
16829,US
16830,US
16831,GB
16832,DE
16833,DE
16834,US
16835,US
16836,GB
16837,CA
16838,US
16839,US
16840,US
16841,US
16842,CA
16843,DE
16844,US
16845,US
16846,US
16847,GB
16848,DE
16849,GB
16850,CA
16851,US
16852,DE
16853,US
16854,DE
16855,DE
16856,GB
16857,GB
16858,GB
16859,DE
16860,DE
16861,CA
16862,GB
16863,DE
16864,DE
16865,US
16866,GB
16867,DE
16868,GB
16869,GB
16870,US
16871,US
16872,DE
16873,CA
16874,DE
16875,CA
16876,US
16877,CA
16878,GB
16879,DE
16880,DE
16881,CA
16882,GB
16883,CA
16884,US
16885,DE
16886,GB
16887,DE
16888,CA
16889,DE
16890,DE
16891,US
16892,DE
16893,GB
16894,US
16895,GB
16896,CA
16897,CA
16898,GB
16899,US
16900,CA
16901,CA
16902,US
16903,US
16904,GB
16905,US
16906,CA
16907,US
16908,US
16909,GB
16910,GB
16911,CA
16912,US
16913,US
16914,DE
16915,US
16916,GB
16917,DE
16918,US
16919,GB
16920,GB
16921,CA
16922,DE
16923,US
16924,DE
16925,DE
16926,DE
16927,CA
16928,US
16929,GB
16930,GB
16931,GB
16932,US
16933,DE
16934,GB
16935,US
16936,GB
16937,US
16938,DE
16939,GB
16940,US
16941,GB
16942,DE
16943,US
16944,CA
16945,CA
16946,DE
16947,DE
16948,DE
16949,DE
16950,GB
16951,DE
16952,CA
16953,CA
16954,CA
16955,US
16956,GB
16957,US
16958,GB
16959,CA
16960,CA
16961,US
16962,US
16963,GB
16964,CA
16965,CA
16966,CA
16967,US
16968,CA
16969,US
16970,US
16971,DE
16972,US
16973,GB
16974,GB
16975,CA
16976,US
16977,DE
16978,GB
16979,US
16980,US
16981,GB
16982,DE
16983,CA
16984,GB
16985,US
16986,CA
16987,GB
16988,CA
16989,GB
16990,GB
16991,US
16992,CA
16993,GB
16994,CA
16995,CA
16996,DE
16997,US
16998,CA
16999,US
17000,DE
17001,US
17002,CA
17003,GB
17004,GB
17005,US
17006,CA
17007,CA
17008,US
17009,US
17010,US
17011,US
17012,GB
17013,CA
17014,US
17015,US
17016,US
17017,CA
17018,US
17019,GB
17020,DE
17021,CA
17022,DE
17023,US
17024,GB
17025,US
17026,CA
17027,CA
17028,CA
17029,GB
17030,GB
17031,GB
17032,CA
17033,GB
17034,GB
17035,US
17036,DE
17037,US
17038,GB
17039,US
17040,GB
17041,DE
17042,DE
17043,US
17044,US
17045,DE
17046,US
17047,CA
17048,US
17049,GB
17050,GB
17051,US
17052,GB
17053,US
17054,GB
17055,CA
17056,GB
17057,US
17058,US
17059,DE
17060,CA
17061,DE
17062,CA
17063,GB
17064,US
17065,GB
17066,US
17067,DE
17068,CA
17069,DE
17070,CA
17071,US
17072,DE
17073,US
17074,CA
17075,DE
17076,US
17077,DE
17078,US
17079,GB
17080,US
17081,GB
17082,GB
17083,US
17084,GB
17085,CA
17086,US
17087,DE
17088,DE
17089,DE
17090,DE
17091,US
17092,DE
17093,GB
17094,US
17095,CA
17096,DE
17097,CA
17098,DE
17099,GB
17100,DE
17101,GB
17102,CA
17103,US
17104,US
17105,US
17106,DE
17107,CA
17108,CA
17109,GB
17110,GB
17111,US
17112,GB
17113,DE
17114,DE
17115,US
17116,CA
17117,DE
17118,GB
17119,CA
17120,US
17121,CA
17122,GB
17123,DE
17124,US
17125,US
17126,US
17127,CA
17128,CA
17129,CA
17130,DE
17131,GB
17132,DE
17133,US
17134,GB
17135,DE
17136,US
17137,CA
17138,CA
17139,US
17140,GB
17141,CA
17142,DE
17143,CA
17144,GB
17145,GB
17146,US
17147,CA
17148,US
17149,GB
17150,CA
17151,US
17152,US
17153,US
17154,US
17155,GB
17156,CA
17157,US
17158,GB
17159,DE
17160,CA
17161,US
17162,US
17163,GB
17164,CA
17165,GB
17166,CA
17167,US
17168,US
17169,US
17170,DE
17171,GB
17172,US
17173,DE
17174,US
17175,US
17176,DE
17177,GB
17178,GB
17179,CA
17180,DE
17181,CA
17182,GB
17183,DE
17184,DE
17185,US
17186,DE
17187,CA
17188,DE
17189,US
17190,US
17191,CA
17192,GB
17193,GB
17194,GB
17195,US
17196,DE
17197,CA
17198,DE
17199,GB
17200,DE
17201,CA
17202,DE
17203,DE
17204,CA
17205,DE
17206,CA
17207,CA
17208,CA
17209,US
17210,CA
17211,DE
17212,DE
17213,GB
17214,CA
17215,GB
17216,GB
17217,DE
17218,CA
17219,CA
17220,CA
17221,US
17222,US
17223,GB
17224,DE
17225,US
17226,DE
17227,DE
17228,US
17229,US
17230,GB
17231,GB
17232,CA
17233,DE
17234,DE
17235,GB
17236,GB
17237,CA
17238,DE
17239,GB
17240,GB
17241,CA
17242,US
17243,DE
17244,CA
17245,DE
17246,GB
17247,DE
17248,GB
17249,GB
17250,DE
17251,CA
17252,CA
17253,GB
17254,CA
17255,GB
17256,DE
17257,US
17258,GB
17259,CA
17260,DE
17261,CA
17262,DE
17263,GB
17264,DE
17265,DE
17266,DE
17267,US
17268,DE
17269,CA
17270,US
17271,US
17272,DE
17273,DE
17274,US
17275,GB
17276,GB
17277,DE
17278,CA
17279,US
17280,CA
17281,CA
17282,CA
17283,GB
17284,GB
17285,US
17286,DE
17287,DE
17288,DE
17289,DE
17290,GB
17291,DE
17292,CA
17293,GB
17294,DE
17295,GB
17296,DE
17297,CA
17298,GB
17299,DE
17300,CA
17301,GB
17302,CA
17303,CA
17304,CA
17305,CA
17306,CA
17307,DE
17308,CA
17309,DE
17310,US
17311,CA
17312,CA
17313,CA
17314,GB
17315,CA
17316,US
17317,DE
17318,US
17319,GB
17320,US
17321,US
17322,DE
17323,GB
17324,CA
17325,GB
17326,CA
17327,CA
17328,US
17329,US
17330,CA
17331,CA
17332,US
17333,US
17334,US
17335,US
17336,GB
17337,CA
17338,US
17339,GB
17340,GB
17341,DE
17342,DE
17343,US
17344,US
17345,US
17346,DE
17347,GB
17348,DE
17349,DE
17350,CA
17351,DE
17352,US
17353,GB
17354,GB
17355,GB
17356,US
17357,DE
17358,DE
17359,DE
17360,CA
17361,GB
17362,GB
17363,CA
17364,US
17365,CA
17366,CA
17367,DE
17368,CA
17369,GB
17370,GB
17371,GB
17372,DE
17373,DE
17374,GB
17375,CA
17376,US
17377,GB
17378,DE
17379,CA
17380,US
17381,CA
17382,GB
17383,US
17384,DE
17385,CA
17386,DE
17387,CA
17388,DE
17389,GB
17390,DE
17391,DE
17392,GB
17393,CA
17394,US
17395,US
17396,US
17397,GB
17398,US
17399,CA
17400,US
17401,DE
17402,DE
17403,DE
17404,DE
17405,GB
17406,CA
17407,DE
17408,CA
17409,DE
17410,CA
17411,CA
17412,GB
17413,GB
17414,US
17415,GB
17416,US
17417,CA
17418,DE
17419,CA
17420,DE
17421,DE
17422,CA
17423,US
17424,US
17425,GB
17426,CA
17427,CA
17428,US
17429,CA
17430,US
17431,US
17432,US
17433,GB
17434,CA
17435,US
17436,GB
17437,CA
17438,US
17439,GB
17440,CA
17441,CA
17442,CA
17443,US
17444,CA
17445,US
17446,US
17447,US
17448,GB
17449,DE
17450,CA
17451,GB
17452,GB
17453,GB
17454,US
17455,CA
17456,US
17457,GB
17458,DE
17459,CA
17460,DE
17461,DE
17462,US
17463,GB
17464,DE
17465,CA
17466,DE
17467,US
17468,GB
17469,CA
17470,GB
17471,GB
17472,DE
17473,DE
17474,GB
17475,CA
17476,GB
17477,GB
17478,GB
17479,CA
17480,GB
17481,DE
17482,GB
17483,DE
17484,GB
17485,US
17486,CA
17487,GB
17488,CA
17489,DE
17490,GB
17491,CA
17492,US
17493,DE
17494,DE
17495,CA
17496,CA
17497,US
17498,CA
17499,DE
17500,CA
17501,CA
17502,CA
17503,DE
17504,CA
17505,US
17506,US
17507,US
17508,US
17509,DE
17510,DE
17511,US
17512,CA
17513,US
17514,GB
17515,DE
17516,CA
17517,DE
17518,CA
17519,DE
17520,US
17521,DE
17522,DE
17523,US
17524,US
17525,US
17526,CA
17527,GB
17528,US
17529,DE
17530,DE
17531,US
17532,DE
17533,GB
17534,DE
17535,DE
17536,US
17537,US
17538,DE
17539,DE
17540,GB
17541,DE
17542,US
17543,DE
17544,GB
17545,GB
17546,CA
17547,GB
17548,DE
17549,US
17550,US
17551,DE
17552,US
17553,GB
17554,US
17555,US
17556,US
17557,GB
17558,CA
17559,GB
17560,DE
17561,US
17562,GB
17563,CA
17564,CA
17565,GB
17566,DE
17567,GB
17568,GB
17569,DE
17570,GB
17571,CA
17572,DE
17573,GB
17574,GB
17575,CA
17576,DE
17577,US
17578,US
17579,US
17580,GB
17581,CA
17582,US
17583,CA
17584,GB
17585,DE
17586,DE
17587,US
17588,US
17589,DE
17590,CA
17591,GB
17592,GB
17593,GB
17594,US
17595,US
17596,US
17597,US
17598,CA
17599,DE
17600,CA
17601,US
17602,US
17603,US
17604,DE
17605,GB
17606,US
17607,US
17608,DE
17609,US
17610,CA
17611,US
17612,GB
17613,GB
17614,DE
17615,GB
17616,US
17617,GB
17618,CA
17619,DE
17620,GB
17621,CA
17622,US
17623,CA
17624,GB
17625,DE
17626,DE
17627,GB
17628,US
17629,GB
17630,DE
17631,US
17632,CA
17633,US
17634,GB
17635,US
17636,DE
17637,DE
17638,DE
17639,GB
17640,CA
17641,US
17642,US
17643,DE
17644,DE
17645,US
17646,CA
17647,DE
17648,CA
17649,GB
17650,US
17651,DE
17652,DE
17653,US
17654,DE
17655,CA
17656,DE
17657,US
17658,DE
17659,US
17660,CA
17661,US
17662,US
17663,GB
17664,US
17665,GB
17666,CA
17667,CA
17668,US
17669,GB
17670,US
17671,CA
17672,CA
17673,US
17674,GB
17675,GB
17676,CA
17677,GB
17678,GB
17679,GB
17680,CA
17681,CA
17682,DE
17683,GB
17684,US
17685,US
17686,GB
17687,GB
17688,CA
17689,US
17690,DE
17691,CA
17692,DE
17693,US
17694,CA
17695,CA
17696,GB
17697,US
17698,DE
17699,US
17700,DE
17701,US
17702,DE
17703,GB
17704,CA
17705,US
17706,US
17707,GB
17708,CA
17709,GB
17710,CA
17711,CA
17712,US
17713,DE
17714,US
17715,GB
17716,GB
17717,CA
17718,GB
17719,US
17720,US
17721,DE
17722,GB
17723,CA
17724,CA
17725,GB
17726,CA
17727,US
17728,DE
17729,CA
17730,CA
17731,DE
17732,US
17733,GB
17734,CA
17735,US
17736,CA
17737,DE
17738,CA
17739,DE
17740,DE
17741,CA
17742,US
17743,GB
17744,CA
17745,DE
17746,DE
17747,US
17748,CA
17749,DE
17750,CA
17751,GB
17752,CA
17753,GB
17754,DE
17755,GB
17756,US
17757,US
17758,CA
17759,GB
17760,GB
17761,CA
17762,GB
17763,US
17764,CA
17765,CA
17766,CA
17767,GB
17768,US
17769,US
17770,US
17771,CA
17772,GB
17773,GB
17774,GB
17775,CA
17776,CA
17777,DE
17778,CA
17779,GB
17780,DE
17781,US
17782,GB
17783,CA
17784,US
17785,CA
17786,DE
17787,DE
17788,DE
17789,US
17790,DE
17791,GB
17792,US
17793,US
17794,GB
17795,DE
17796,GB
17797,GB
17798,US
17799,GB
17800,US
17801,CA
17802,GB
17803,CA
17804,GB
17805,CA
17806,CA
17807,GB
17808,DE
17809,DE
17810,DE
17811,US
17812,CA
17813,CA
17814,GB
17815,DE
17816,CA
17817,CA
17818,GB
17819,US
17820,GB
17821,DE
17822,CA
17823,GB
17824,DE
17825,CA
17826,GB
17827,DE
17828,US
17829,GB
17830,US
17831,CA
17832,GB
17833,DE
17834,GB
17835,DE
17836,DE
17837,DE
17838,CA
17839,DE
17840,GB
17841,US
17842,US
17843,CA
17844,GB
17845,DE
17846,CA
17847,DE
17848,DE
17849,GB
17850,CA
17851,CA
17852,CA
17853,GB
17854,US
17855,GB
17856,GB
17857,US
17858,US
17859,DE
17860,DE
17861,DE
17862,US
17863,GB
17864,GB
17865,DE
17866,US
17867,GB
17868,US
17869,DE
17870,GB
17871,CA
17872,CA
17873,DE
17874,DE
17875,US
17876,GB
17877,GB
17878,CA
17879,DE
17880,GB
17881,CA
17882,CA
17883,GB
17884,DE
17885,CA
17886,DE
17887,US
17888,CA
17889,GB
17890,US
17891,GB
17892,DE
17893,CA
17894,CA
17895,GB
17896,DE
17897,DE
17898,CA
17899,GB
17900,DE
17901,CA
17902,CA
17903,DE
17904,GB
17905,US
17906,GB
17907,US
17908,DE
17909,US
17910,CA
17911,DE
17912,DE
17913,GB
17914,DE
17915,US
17916,DE
17917,US
17918,GB
17919,DE
17920,US
17921,DE
17922,CA
17923,GB
17924,CA
17925,DE
17926,GB
17927,GB
17928,US
17929,US
17930,CA
17931,US
17932,GB
17933,DE
17934,CA
17935,GB
17936,US
17937,DE
17938,CA
17939,GB
17940,US
17941,CA
17942,US
17943,US
17944,DE
17945,DE
17946,DE
17947,DE
17948,GB
17949,DE
17950,US
17951,GB
17952,CA
17953,CA
17954,GB
17955,GB
17956,CA
17957,GB
17958,US
17959,US
17960,GB
17961,DE
17962,GB
17963,US
17964,US
17965,GB
17966,GB
17967,CA
17968,CA
17969,GB
17970,CA
17971,US
17972,US
17973,DE
17974,CA
17975,GB
17976,CA
17977,US
17978,CA
17979,DE
17980,GB
17981,CA
17982,CA
17983,US
17984,CA
17985,CA
17986,CA
17987,DE
17988,DE
17989,US
17990,DE
17991,DE
17992,GB
17993,DE
17994,US
17995,GB
17996,CA
17997,CA
17998,GB
17999,DE
18000,GB
18001,GB
18002,US
18003,CA
18004,GB
18005,GB
18006,GB
18007,CA
18008,CA
18009,GB
18010,GB
18011,DE
18012,GB
18013,GB
18014,US
18015,GB
18016,US
18017,US
18018,DE
18019,CA
18020,CA
18021,US
18022,US
18023,US
18024,DE
18025,DE
18026,DE
18027,US
18028,CA
18029,DE
18030,GB
18031,DE
18032,CA
18033,DE
18034,DE
18035,US
18036,GB
18037,DE
18038,US
18039,GB
18040,US
18041,DE
18042,US
18043,DE
18044,CA
18045,DE
18046,DE
18047,CA
18048,GB
18049,DE
18050,GB
18051,DE
18052,US
18053,CA
18054,CA
18055,GB
18056,CA
18057,DE
18058,US
18059,US
18060,US
18061,CA
18062,CA
18063,CA
18064,GB
18065,CA
18066,GB
18067,DE
18068,GB
18069,CA
18070,US
18071,US
18072,US
18073,DE
18074,GB
18075,US
18076,US
18077,US
18078,GB
18079,GB
18080,DE
18081,GB
18082,DE
18083,CA
18084,DE
18085,DE
18086,GB
18087,US
18088,CA
18089,GB
18090,CA
18091,US
18092,GB
18093,GB
18094,CA
18095,US
18096,GB
18097,CA
18098,US
18099,DE
18100,US
18101,DE
18102,US
18103,CA
18104,GB
18105,CA
18106,CA
18107,US
18108,DE
18109,DE
18110,DE
18111,US
18112,DE
18113,GB
18114,GB
18115,DE
18116,CA
18117,DE
18118,GB
18119,GB
18120,US
18121,DE
18122,DE
18123,DE
18124,DE
18125,DE
18126,US
18127,CA
18128,GB
18129,GB
18130,CA
18131,DE
18132,GB
18133,DE
18134,US
18135,US
18136,DE
18137,CA
18138,DE
18139,GB
18140,DE
18141,GB
18142,GB
18143,DE
18144,US
18145,US
18146,US
18147,GB
18148,CA
18149,GB
18150,US
18151,CA
18152,US
18153,US
18154,GB
18155,US
18156,US
18157,DE
18158,CA
18159,DE
18160,US
18161,GB
18162,CA
18163,US
18164,CA
18165,US
18166,GB
18167,GB
18168,CA
18169,DE
18170,DE
18171,GB
18172,US
18173,DE
18174,CA
18175,US
18176,DE
18177,DE
18178,CA
18179,GB
18180,US
18181,DE
18182,CA
18183,DE
18184,GB
18185,DE
18186,CA
18187,CA
18188,DE
18189,CA
18190,US
18191,CA
18192,US
18193,DE
18194,CA
18195,GB
18196,GB
18197,DE
18198,GB
18199,GB
18200,CA
18201,CA
18202,DE
18203,GB
18204,US
18205,CA
18206,DE
18207,CA
18208,US
18209,GB
18210,CA
18211,GB
18212,DE
18213,DE
18214,US
18215,US
18216,US
18217,CA
18218,DE
18219,CA
18220,DE
18221,US
18222,US
18223,CA
18224,US
18225,DE
18226,CA
18227,DE
18228,US
18229,GB
18230,CA
18231,US
18232,DE
18233,DE
18234,US
18235,GB
18236,US
18237,US
18238,US
18239,CA
18240,GB
18241,DE
18242,CA
18243,CA
18244,GB
18245,GB
18246,CA
18247,CA
18248,DE
18249,GB
18250,CA
18251,GB
18252,DE
18253,CA
18254,GB
18255,CA
18256,US
18257,DE
18258,GB
18259,CA
18260,CA
18261,GB
18262,GB
18263,US
18264,DE
18265,GB
18266,US
18267,CA
18268,DE
18269,US
18270,GB
18271,GB
18272,CA
18273,GB
18274,US
18275,CA
18276,DE
18277,US
18278,CA
18279,CA
18280,GB
18281,GB
18282,US
18283,CA
18284,US
18285,DE
18286,DE
18287,GB
18288,DE
18289,DE
18290,GB
18291,US
18292,GB
18293,US
18294,GB
18295,GB
18296,CA
18297,DE
18298,CA
18299,US
18300,GB
18301,DE
18302,GB
18303,US
18304,GB
18305,GB
18306,US
18307,US
18308,US
18309,US
18310,DE
18311,CA
18312,US
18313,DE
18314,DE
18315,CA
18316,CA
18317,DE
18318,DE
18319,CA
18320,US
18321,US
18322,CA
18323,DE
18324,DE
18325,DE
18326,US
18327,US
18328,DE
18329,CA
18330,GB
18331,CA
18332,DE
18333,GB
18334,GB
18335,DE
18336,US
18337,DE
18338,GB
18339,GB
18340,CA
18341,DE
18342,DE
18343,GB
18344,GB
18345,US
18346,CA
18347,GB
18348,US
18349,GB
18350,CA
18351,DE
18352,DE
18353,US
18354,DE
18355,GB
18356,DE
18357,US
18358,GB
18359,GB
18360,CA
18361,GB
18362,DE
18363,US
18364,CA
18365,CA
18366,US
18367,DE
18368,US
18369,CA
18370,GB
18371,GB
18372,DE
18373,US
18374,CA
18375,GB
18376,GB
18377,DE
18378,US
18379,DE
18380,CA
18381,US
18382,CA
18383,DE
18384,GB
18385,GB
18386,CA
18387,GB
18388,CA
18389,GB
18390,US
18391,US
18392,CA
18393,DE
18394,GB
18395,GB
18396,US
18397,US
18398,CA
18399,CA
18400,US
18401,US
18402,US
18403,DE
18404,GB
18405,CA
18406,GB
18407,DE
18408,US
18409,GB
18410,US
18411,CA
18412,GB
18413,CA
18414,CA
18415,CA
18416,DE
18417,CA
18418,DE
18419,CA
18420,DE
18421,CA
18422,DE
18423,DE
18424,DE
18425,CA
18426,DE
18427,DE
18428,US
18429,CA
18430,GB
18431,DE
18432,GB
18433,CA
18434,DE
18435,US
18436,GB
18437,CA
18438,DE
18439,CA
18440,US
18441,GB
18442,DE
18443,US
18444,CA
18445,GB
18446,GB
18447,US
18448,DE
18449,CA
18450,DE
18451,DE
18452,CA
18453,US
18454,DE
18455,GB
18456,CA
18457,DE
18458,US
18459,CA
18460,US
18461,GB
18462,DE
18463,GB
18464,GB
18465,CA
18466,CA
18467,CA
18468,CA
18469,US
18470,US
18471,GB
18472,US
18473,US
18474,GB
18475,DE
18476,US
18477,GB
18478,GB
18479,GB
18480,CA
18481,US
18482,DE
18483,CA
18484,GB
18485,DE
18486,US
18487,DE
18488,CA
18489,US
18490,CA
18491,US
18492,CA
18493,CA
18494,US
18495,US
18496,CA
18497,CA
18498,US
18499,US
18500,US
18501,CA
18502,US
18503,CA
18504,DE
18505,DE
18506,US
18507,CA
18508,CA
18509,CA
18510,US
18511,GB
18512,DE
18513,CA
18514,DE
18515,GB
18516,CA
18517,US
18518,US
18519,US
18520,CA
18521,GB
18522,DE
18523,CA
18524,GB
18525,US
18526,CA
18527,DE
18528,DE
18529,GB
18530,GB
18531,CA
18532,GB
18533,US
18534,GB
18535,US
18536,DE
18537,US
18538,DE
18539,GB
18540,CA
18541,DE
18542,CA
18543,DE
18544,CA
18545,CA
18546,CA
18547,CA
18548,US
18549,DE
18550,US
18551,US
18552,US
18553,GB
18554,CA
18555,US
18556,DE
18557,DE
18558,US
18559,DE
18560,US
18561,CA
18562,US
18563,CA
18564,GB
18565,CA
18566,DE
18567,CA
18568,US
18569,CA
18570,US
18571,CA
18572,GB
18573,GB
18574,DE
18575,GB
18576,CA
18577,GB
18578,GB
18579,CA
18580,US
18581,DE
18582,DE
18583,GB
18584,CA
18585,GB
18586,GB
18587,US
18588,US
18589,GB
18590,US
18591,US
18592,US
18593,US
18594,CA
18595,DE
18596,DE
18597,GB
18598,US
18599,DE
18600,GB
18601,CA
18602,CA
18603,DE
18604,DE
18605,CA
18606,CA
18607,US
18608,DE
18609,GB
18610,US
18611,DE
18612,CA
18613,CA
18614,US
18615,DE
18616,DE
18617,GB
18618,US
18619,DE
18620,US
18621,US
18622,US
18623,DE
18624,DE
18625,GB
18626,DE
18627,DE
18628,US
18629,DE
18630,DE
18631,DE
18632,US
18633,CA
18634,GB
18635,DE
18636,CA
18637,CA
18638,CA
18639,DE
18640,US
18641,GB
18642,US
18643,GB
18644,DE
18645,US
18646,US
18647,DE
18648,US
18649,CA
18650,GB
18651,DE
18652,US
18653,GB
18654,GB
18655,GB
18656,GB
18657,US
18658,GB
18659,CA
18660,GB
18661,GB
18662,GB
18663,GB
18664,DE
18665,DE
18666,US
18667,GB
18668,US
18669,DE
18670,GB
18671,CA
18672,CA
18673,GB
18674,US
18675,GB
18676,US
18677,CA
18678,DE
18679,GB
18680,GB
18681,DE
18682,DE
18683,CA
18684,US
18685,DE
18686,US
18687,GB
18688,US
18689,CA
18690,US
18691,US
18692,DE
18693,DE
18694,CA
18695,GB
18696,US
18697,US
18698,US
18699,US
18700,DE
18701,CA
18702,CA
18703,CA
18704,US
18705,GB
18706,CA
18707,US
18708,DE
18709,GB
18710,GB
18711,GB
18712,DE
18713,US
18714,CA
18715,CA
18716,GB
18717,CA
18718,US
18719,CA
18720,CA
18721,US
18722,CA
18723,US
18724,DE
18725,DE
18726,US
18727,US
18728,GB
18729,CA
18730,GB
18731,CA
18732,DE
18733,CA
18734,DE
18735,GB
18736,DE
18737,CA
18738,GB
18739,DE
18740,DE
18741,US
18742,DE
18743,DE
18744,DE
18745,CA
18746,CA
18747,US
18748,GB
18749,DE
18750,CA
18751,DE
18752,GB
18753,DE
18754,US
18755,DE
18756,US
18757,DE
18758,GB
18759,DE
18760,CA
18761,CA
18762,US
18763,GB
18764,CA
18765,GB
18766,CA
18767,US
18768,DE
18769,CA
18770,CA
18771,GB
18772,CA
18773,GB
18774,CA
18775,GB
18776,GB
18777,US
18778,US
18779,GB
18780,GB
18781,DE
18782,CA
18783,CA
18784,CA
18785,DE
18786,DE
18787,CA
18788,US
18789,US
18790,GB
18791,DE
18792,CA
18793,US
18794,CA
18795,DE
18796,US
18797,GB
18798,US
18799,US
18800,GB
18801,US
18802,US
18803,US
18804,CA
18805,US
18806,GB
18807,US
18808,DE
18809,CA
18810,US
18811,GB
18812,GB
18813,CA
18814,US
18815,CA
18816,DE
18817,CA
18818,DE
18819,CA
18820,US
18821,GB
18822,GB
18823,US
18824,GB
18825,DE
18826,US
18827,US
18828,US
18829,US
18830,DE
18831,GB
18832,GB
18833,GB
18834,GB
18835,CA
18836,CA
18837,CA
18838,DE
18839,CA
18840,US
18841,CA
18842,GB
18843,CA
18844,GB
18845,CA
18846,GB
18847,US
18848,CA
18849,GB
18850,DE
18851,CA
18852,GB
18853,DE
18854,GB
18855,GB
18856,DE
18857,CA
18858,CA
18859,US
18860,CA
18861,DE
18862,US
18863,GB
18864,DE
18865,US
18866,CA
18867,CA
18868,GB
18869,DE
18870,US
18871,DE
18872,GB
18873,GB
18874,CA
18875,CA
18876,GB
18877,US
18878,GB
18879,GB
18880,GB
18881,DE
18882,DE
18883,GB
18884,GB
18885,DE
18886,DE
18887,DE
18888,CA
18889,US
18890,DE
18891,DE
18892,GB
18893,CA
18894,US
18895,GB
18896,CA
18897,CA
18898,CA
18899,US
18900,CA
18901,CA
18902,GB
18903,CA
18904,CA
18905,CA
18906,CA
18907,GB
18908,US
18909,GB
18910,US
18911,GB
18912,US
18913,US
18914,US
18915,DE
18916,DE
18917,DE
18918,US
18919,GB
18920,US
18921,US
18922,US
18923,CA
18924,US
18925,DE
18926,GB
18927,DE
18928,US
18929,CA
18930,GB
18931,US
18932,US
18933,CA
18934,CA
18935,DE
18936,GB
18937,DE
18938,DE
18939,DE
18940,DE
18941,US
18942,DE
18943,DE
18944,GB
18945,DE
18946,DE
18947,US
18948,US
18949,CA
18950,GB
18951,US
18952,CA
18953,CA
18954,US
18955,CA
18956,US
18957,US
18958,US
18959,CA
18960,GB
18961,US
18962,CA
18963,CA
18964,DE
18965,GB
18966,GB
18967,US
18968,DE
18969,DE
18970,US
18971,US
18972,GB
18973,DE
18974,US
18975,DE
18976,CA
18977,GB
18978,GB
18979,DE
18980,CA
18981,US
18982,US
18983,CA
18984,DE
18985,DE
18986,CA
18987,DE
18988,DE
18989,GB
18990,CA
18991,DE
18992,DE
18993,GB
18994,US
18995,DE
18996,US
18997,US
18998,GB
18999,GB
19000,DE
19001,DE
19002,US
19003,US
19004,GB
19005,US
19006,DE
19007,CA
19008,DE
19009,DE
19010,GB
19011,GB
19012,US
19013,CA
19014,GB
19015,DE
19016,GB
19017,DE
19018,DE
19019,GB
19020,DE
19021,CA
19022,DE
19023,US
19024,GB
19025,DE
19026,DE
19027,DE
19028,CA
19029,GB
19030,CA
19031,GB
19032,DE
19033,CA
19034,CA
19035,DE
19036,GB
19037,US
19038,CA
19039,CA
19040,GB
19041,US
19042,US
19043,DE
19044,GB
19045,DE
19046,DE
19047,GB
19048,US
19049,CA
19050,DE
19051,DE
19052,DE
19053,CA
19054,US
19055,DE
19056,US
19057,CA
19058,GB
19059,DE
19060,GB
19061,US
19062,US
19063,DE
19064,CA
19065,DE
19066,US
19067,DE
19068,GB
19069,US
19070,CA
19071,GB
19072,CA
19073,DE
19074,US
19075,DE
19076,DE
19077,US
19078,DE
19079,GB
19080,DE
19081,GB
19082,US
19083,CA
19084,US
19085,US
19086,CA
19087,US
19088,GB
19089,GB
19090,GB
19091,CA
19092,CA
19093,DE
19094,GB
19095,DE
19096,DE
19097,DE
19098,DE
19099,DE
19100,CA
19101,CA
19102,DE
19103,CA
19104,CA
19105,DE
19106,GB
19107,CA
19108,DE
19109,DE
19110,US
19111,US
19112,US
19113,GB
19114,GB
19115,GB
19116,DE
19117,CA
19118,GB
19119,GB
19120,US
19121,GB
19122,US
19123,GB
19124,US
19125,US
19126,DE
19127,CA
19128,CA
19129,CA
19130,CA
19131,GB
19132,DE
19133,DE
19134,US
19135,US
19136,GB
19137,CA
19138,US
19139,US
19140,DE
19141,DE
19142,DE
19143,DE
19144,CA
19145,CA
19146,GB
19147,DE
19148,GB
19149,CA
19150,DE
19151,US
19152,US
19153,CA
19154,GB
19155,US
19156,DE
19157,DE
19158,CA
19159,US
19160,GB
19161,GB
19162,DE
19163,CA
19164,CA
19165,GB
19166,GB
19167,DE
19168,DE
19169,DE
19170,CA
19171,DE
19172,GB
19173,GB
19174,DE
19175,GB
19176,CA
19177,DE
19178,CA
19179,DE
19180,CA
19181,US
19182,US
19183,GB
19184,CA
19185,US
19186,US
19187,DE
19188,CA
19189,US
19190,GB
19191,DE
19192,DE
19193,CA
19194,CA
19195,CA
19196,US
19197,US
19198,GB
19199,DE
19200,GB
19201,CA
19202,US
19203,CA
19204,US
19205,GB
19206,GB
19207,CA
19208,DE
19209,CA
19210,US
19211,CA
19212,DE
19213,US
19214,GB
19215,US
19216,DE
19217,CA
19218,GB
19219,US
19220,GB
19221,DE
19222,DE
19223,DE
19224,DE
19225,GB
19226,CA
19227,DE
19228,GB
19229,DE
19230,DE
19231,DE
19232,GB
19233,DE
19234,CA
19235,CA
19236,GB
19237,CA
19238,GB
19239,DE
19240,CA
19241,US
19242,CA
19243,US
19244,DE
19245,CA
19246,GB
19247,DE
19248,GB
19249,DE
19250,DE
19251,GB
19252,DE
19253,DE
19254,GB
19255,DE
19256,GB
19257,CA
19258,GB
19259,CA
19260,GB
19261,DE
19262,DE
19263,CA
19264,US
19265,GB
19266,CA
19267,CA
19268,CA
19269,GB
19270,CA
19271,US
19272,DE
19273,US
19274,DE
19275,CA
19276,GB
19277,US
19278,CA
19279,GB
19280,DE
19281,CA
19282,GB
19283,GB
19284,GB
19285,CA
19286,US
19287,GB
19288,US
19289,DE
19290,US
19291,GB
19292,GB
19293,CA
19294,DE
19295,DE
19296,US
19297,GB
19298,DE
19299,CA
19300,CA
19301,GB
19302,GB
19303,CA
19304,DE
19305,US
19306,US
19307,DE
19308,DE
19309,DE
19310,DE
19311,GB
19312,CA
19313,US
19314,US
19315,CA
19316,CA
19317,GB
19318,GB
19319,US
19320,DE
19321,DE
19322,CA
19323,CA
19324,US
19325,US
19326,CA
19327,DE
19328,CA
19329,CA
19330,US
19331,CA
19332,GB
19333,US
19334,CA
19335,CA
19336,US
19337,GB
19338,DE
19339,CA
19340,DE
19341,CA
19342,CA
19343,DE
19344,US
19345,CA
19346,GB
19347,GB
19348,GB
19349,GB
19350,GB
19351,GB
19352,DE
19353,DE
19354,GB
19355,DE
19356,CA
19357,DE
19358,DE
19359,DE
19360,DE
19361,CA
19362,GB
19363,DE
19364,US
19365,GB
19366,GB
19367,DE
19368,GB
19369,DE
19370,US
19371,CA
19372,GB
19373,GB
19374,GB
19375,US
19376,CA
19377,DE
19378,CA
19379,DE
19380,CA
19381,DE
19382,GB
19383,CA
19384,CA
19385,GB
19386,DE
19387,US
19388,GB
19389,US
19390,CA
19391,DE
19392,GB
19393,GB
19394,US
19395,GB
19396,GB
19397,DE
19398,DE
19399,US
19400,CA
19401,DE
19402,CA
19403,GB
19404,US
19405,GB
19406,DE
19407,DE
19408,GB
19409,CA
19410,GB
19411,CA
19412,US
19413,CA
19414,DE
19415,US
19416,DE
19417,US
19418,US
19419,US
19420,DE
19421,DE
19422,DE
19423,US
19424,CA
19425,CA
19426,CA
19427,GB
19428,US
19429,GB
19430,US
19431,CA
19432,GB
19433,GB
19434,US
19435,CA
19436,US
19437,DE
19438,DE
19439,DE
19440,CA
19441,DE
19442,US
19443,CA
19444,CA
19445,US
19446,DE
19447,CA
19448,DE
19449,CA
19450,CA
19451,GB
19452,GB
19453,CA
19454,DE
19455,US
19456,US
19457,GB
19458,CA
19459,CA
19460,GB
19461,CA
19462,US
19463,US
19464,US
19465,CA
19466,CA
19467,US
19468,DE
19469,CA
19470,GB
19471,DE
19472,US
19473,DE
19474,CA
19475,GB
19476,US
19477,GB
19478,GB
19479,GB
19480,GB
19481,CA
19482,GB
19483,CA
19484,GB
19485,DE
19486,US
19487,GB
19488,DE
19489,GB
19490,US
19491,CA
19492,US
19493,GB
19494,CA
19495,GB
19496,GB
19497,DE
19498,US
19499,DE
19500,CA
19501,CA
19502,GB
19503,GB
19504,DE
19505,CA
19506,US
19507,CA
19508,CA
19509,DE
19510,GB
19511,DE
19512,US
19513,US
19514,US
19515,CA
19516,CA
19517,GB
19518,GB
19519,GB
19520,US
19521,CA
19522,CA
19523,CA
19524,GB
19525,DE
19526,US
19527,US
19528,DE
19529,CA
19530,CA
19531,CA
19532,US
19533,US
19534,US
19535,DE
19536,CA
19537,CA
19538,US
19539,GB
19540,DE
19541,CA
19542,GB
19543,DE
19544,GB
19545,GB
19546,CA
19547,GB
19548,DE
19549,US
19550,DE
19551,GB
19552,US
19553,DE
19554,CA
19555,CA
19556,US
19557,GB
19558,CA
19559,US
19560,US
19561,CA
19562,CA
19563,US
19564,DE
19565,DE
19566,GB
19567,GB
19568,US
19569,US
19570,CA
19571,CA
19572,CA
19573,CA
19574,DE
19575,CA
19576,CA
19577,GB
19578,CA
19579,CA
19580,GB
19581,GB
19582,US
19583,US
19584,DE
19585,CA
19586,GB
19587,US
19588,US
19589,GB
19590,GB
19591,DE
19592,US
19593,DE
19594,US
19595,CA
19596,US
19597,DE
19598,US
19599,GB
19600,DE
19601,DE
19602,GB
19603,US
19604,GB
19605,GB
19606,US
19607,CA
19608,US
19609,CA
19610,GB
19611,DE
19612,DE
19613,CA
19614,US
19615,US
19616,GB
19617,CA
19618,US
19619,US
19620,GB
19621,CA
19622,GB
19623,GB
19624,US
19625,DE
19626,US
19627,DE
19628,US
19629,DE
19630,DE
19631,GB
19632,DE
19633,CA
19634,US
19635,GB
19636,GB
19637,US
19638,GB
19639,DE
19640,DE
19641,DE
19642,GB
19643,CA
19644,GB
19645,CA
19646,DE
19647,DE
19648,CA
19649,DE
19650,US
19651,GB
19652,US
19653,GB
19654,CA
19655,US
19656,US
19657,CA
19658,GB
19659,GB
19660,CA
19661,GB
19662,GB
19663,GB
19664,US
19665,US
19666,DE
19667,CA
19668,DE
19669,CA
19670,US
19671,US
19672,DE
19673,CA
19674,CA
19675,GB
19676,CA
19677,CA
19678,DE
19679,DE
19680,CA
19681,GB
19682,GB
19683,GB
19684,CA
19685,US
19686,US
19687,GB
19688,GB
19689,US
19690,GB
19691,GB
19692,GB
19693,US
19694,DE
19695,US
19696,DE
19697,GB
19698,DE
19699,CA
19700,DE
19701,US
19702,DE
19703,GB
19704,GB
19705,DE
19706,DE
19707,DE
19708,GB
19709,DE
19710,US
19711,US
19712,GB
19713,US
19714,GB
19715,US
19716,GB
19717,GB
19718,DE
19719,CA
19720,GB
19721,GB
19722,CA
19723,CA
19724,GB
19725,GB
19726,GB
19727,DE
19728,DE
19729,CA
19730,US
19731,US
19732,CA
19733,GB
19734,DE
19735,CA
19736,DE
19737,US
19738,CA
19739,GB
19740,GB
19741,GB
19742,CA
19743,US
19744,CA
19745,US
19746,DE
19747,CA
19748,CA
19749,GB
19750,US
19751,GB
19752,GB
19753,DE
19754,DE
19755,GB
19756,US
19757,US
19758,US
19759,DE
19760,US
19761,GB
19762,CA
19763,GB
19764,US
19765,CA
19766,CA
19767,GB
19768,GB
19769,CA
19770,US
19771,CA
19772,CA
19773,GB
19774,GB
19775,US
19776,US
19777,DE
19778,DE
19779,DE
19780,GB
19781,CA
19782,CA
19783,CA
19784,US
19785,CA
19786,US
19787,US
19788,GB
19789,CA
19790,GB
19791,US
19792,DE
19793,GB
19794,CA
19795,DE
19796,US
19797,GB
19798,CA
19799,GB
19800,DE
19801,GB
19802,CA
19803,CA
19804,DE
19805,GB
19806,US
19807,GB
19808,DE
19809,DE
19810,GB
19811,DE
19812,CA
19813,DE
19814,CA
19815,US
19816,GB
19817,US
19818,CA
19819,US
19820,DE
19821,CA
19822,US
19823,US
19824,US
19825,US
19826,DE
19827,US
19828,US
19829,GB
19830,CA
19831,CA
19832,DE
19833,GB
19834,US
19835,DE
19836,DE
19837,US
19838,CA
19839,DE
19840,CA
19841,US
19842,GB
19843,US
19844,DE
19845,DE
19846,DE
19847,US
19848,GB
19849,US
19850,GB
19851,DE
19852,US
19853,CA
19854,US
19855,US
19856,US
19857,US
19858,US
19859,US
19860,DE
19861,GB
19862,GB
19863,US
19864,CA
19865,CA
19866,GB
19867,DE
19868,GB
19869,DE
19870,US
19871,GB
19872,DE
19873,CA
19874,DE
19875,CA
19876,CA
19877,US
19878,US
19879,CA
19880,US
19881,GB
19882,GB
19883,CA
19884,CA
19885,GB
19886,US
19887,DE
19888,US
19889,US
19890,US
19891,GB
19892,GB
19893,US
19894,GB
19895,CA
19896,DE
19897,GB
19898,GB
19899,GB
19900,US
19901,CA
19902,US
19903,CA
19904,US
19905,GB
19906,DE
19907,US
19908,CA
19909,DE
19910,GB
19911,CA
19912,GB
19913,DE
19914,US
19915,DE
19916,DE
19917,GB
19918,DE
19919,DE
19920,CA
19921,US
19922,DE
19923,GB
19924,GB
19925,GB
19926,CA
19927,GB
19928,GB
19929,DE
19930,US
19931,CA
19932,US
19933,CA
19934,US
19935,US
19936,US
19937,US
19938,DE
19939,US
19940,GB
19941,DE
19942,US
19943,CA
19944,GB
19945,US
19946,GB
19947,DE
19948,US
19949,US
19950,GB
19951,CA
19952,GB
19953,CA
19954,CA
19955,GB
19956,CA
19957,GB
19958,US
19959,GB
19960,US
19961,DE
19962,GB
19963,GB
19964,GB
19965,GB
19966,DE
19967,US
19968,DE
19969,GB
19970,DE
19971,GB
19972,DE
19973,DE
19974,GB
19975,DE
19976,DE
19977,DE
19978,US
19979,CA
19980,CA
19981,US
19982,GB
19983,GB
19984,US
19985,CA
19986,US
19987,US
19988,GB
19989,DE
19990,CA
19991,US
19992,CA
19993,US
19994,GB
19995,DE
19996,CA
19997,DE
19998,US
19999,CA
20000,GB
20001,US
20002,CA
20003,DE
20004,CA
20005,CA
20006,DE
20007,CA
20008,US
20009,US
20010,DE
20011,DE
20012,GB
20013,US
20014,DE
20015,CA
20016,CA
20017,CA
20018,CA
20019,DE
20020,GB
20021,US
20022,DE
20023,GB
20024,DE
20025,US
20026,CA
20027,US
20028,DE
20029,DE
20030,GB
20031,US
20032,GB
20033,GB
20034,GB
20035,GB
20036,CA
20037,DE
20038,US
20039,CA
20040,CA
20041,US
20042,GB
20043,CA
20044,US
20045,CA
20046,US
20047,DE
20048,DE
20049,US
20050,CA
20051,GB
20052,GB
20053,DE
20054,US
20055,GB
20056,DE
20057,DE
20058,DE
20059,DE
20060,US
20061,DE
20062,GB
20063,GB
20064,GB
20065,US
20066,DE
20067,US
20068,CA
20069,DE
20070,GB
20071,CA
20072,GB
20073,US
20074,CA
20075,DE
20076,DE
20077,CA
20078,US
20079,CA
20080,CA
20081,DE
20082,DE
20083,CA
20084,US
20085,GB
20086,DE
20087,GB
20088,GB
20089,GB
20090,US
20091,US
20092,GB
20093,US
20094,CA
20095,GB
20096,DE
20097,CA
20098,DE
20099,DE
20100,US
20101,CA
20102,GB
20103,GB
20104,US
20105,GB
20106,US
20107,DE
20108,CA
20109,GB
20110,GB
20111,DE
20112,CA
20113,US
20114,DE
20115,CA
20116,DE
20117,CA
20118,GB
20119,CA
20120,US
20121,GB
20122,GB
20123,US
20124,DE
20125,US
20126,US
20127,DE
20128,GB
20129,US
20130,GB
20131,CA
20132,US
20133,CA
20134,US
20135,DE
20136,GB
20137,CA
20138,GB
20139,GB
20140,GB
20141,CA
20142,DE
20143,CA
20144,DE
20145,US
20146,GB
20147,DE
20148,CA
20149,US
20150,DE
20151,CA
20152,DE
20153,US
20154,US
20155,US
20156,DE
20157,US
20158,CA
20159,GB
20160,US
20161,US
20162,DE
20163,CA
20164,GB
20165,CA
20166,US
20167,US
20168,US
20169,GB
20170,CA
20171,US
20172,GB
20173,US
20174,GB
20175,GB
20176,CA
20177,DE
20178,GB
20179,GB
20180,US
20181,CA
20182,US
20183,DE
20184,US
20185,CA
20186,DE
20187,US
20188,DE
20189,DE
20190,DE
20191,GB
20192,US
20193,GB
20194,GB
20195,CA
20196,DE
20197,GB
20198,GB
20199,DE
20200,US
20201,DE
20202,DE
20203,CA
20204,DE
20205,CA
20206,US
20207,US
20208,GB
20209,DE
20210,CA
20211,GB
20212,DE
20213,GB
20214,DE
20215,CA
20216,GB
20217,DE
20218,DE
20219,US
20220,CA
20221,DE
20222,US
20223,CA
20224,GB
20225,DE
20226,DE
20227,CA
20228,CA
20229,US
20230,GB
20231,DE
20232,US
20233,CA
20234,US
20235,US
20236,US
20237,GB
20238,GB
20239,US
20240,US
20241,CA
20242,US
20243,DE
20244,CA
20245,DE
20246,CA
20247,CA
20248,US
20249,CA
20250,CA
20251,US
20252,DE
20253,US
20254,DE
20255,GB
20256,CA
20257,GB
20258,GB
20259,US
20260,CA
20261,CA
20262,GB
20263,DE
20264,GB
20265,CA
20266,US
20267,GB
20268,GB
20269,DE
20270,US
20271,GB
20272,GB
20273,CA
20274,CA
20275,DE
20276,US
20277,GB
20278,GB
20279,US
20280,US
20281,US
20282,GB
20283,GB
20284,DE
20285,GB
20286,CA
20287,GB
20288,DE
20289,US
20290,US
20291,CA
20292,GB
20293,US
20294,CA
20295,CA
20296,CA
20297,DE
20298,DE
20299,US
20300,US
20301,CA
20302,CA
20303,CA
20304,US
20305,GB
20306,DE
20307,DE
20308,US
20309,DE
20310,DE
20311,DE
20312,GB
20313,GB
20314,GB
20315,CA
20316,CA
20317,US
20318,GB
20319,DE
20320,DE
20321,US
20322,US
20323,GB
20324,DE
20325,CA
20326,CA
20327,GB
20328,DE
20329,US
20330,CA
20331,GB
20332,DE
20333,US
20334,US
20335,DE
20336,US
20337,DE
20338,DE
20339,GB
20340,GB
20341,DE
20342,GB
20343,DE
20344,DE
20345,US
20346,GB
20347,DE
20348,CA
20349,US
20350,US
20351,US
20352,US
20353,US
20354,DE
20355,US
20356,DE
20357,GB
20358,CA
20359,US
20360,DE
20361,DE
20362,DE
20363,DE
20364,GB
20365,DE
20366,US
20367,CA
20368,GB
20369,DE
20370,CA
20371,DE
20372,US
20373,US
20374,DE
20375,CA
20376,US
20377,GB
20378,DE
20379,CA
20380,CA
20381,DE
20382,CA
20383,CA
20384,GB
20385,GB
20386,CA
20387,US
20388,DE
20389,DE
20390,GB
20391,US
20392,GB
20393,DE
20394,GB
20395,DE
20396,CA
20397,DE
20398,GB
20399,GB
20400,GB
20401,US
20402,GB
20403,GB
20404,GB
20405,US
20406,GB
20407,DE
20408,CA
20409,US
20410,GB
20411,GB
20412,GB
20413,GB
20414,CA
20415,DE
20416,CA
20417,DE
20418,US
20419,CA
20420,US
20421,CA
20422,US
20423,US
20424,DE
20425,GB
20426,CA
20427,CA
20428,DE
20429,CA
20430,GB
20431,US
20432,CA
20433,GB
20434,GB
20435,US
20436,DE
20437,CA
20438,US
20439,GB
20440,GB
20441,GB
20442,DE
20443,CA
20444,DE
20445,DE
20446,DE
20447,GB
20448,GB
20449,CA
20450,GB
20451,GB
20452,GB
20453,GB
20454,GB
20455,US
20456,CA
20457,DE
20458,DE
20459,GB
20460,CA
20461,GB
20462,DE
20463,DE
20464,US
20465,DE
20466,GB
20467,CA
20468,DE
20469,US
20470,GB
20471,CA
20472,GB
20473,US
20474,GB
20475,CA
20476,DE
20477,DE
20478,DE
20479,GB
20480,US
20481,DE
20482,GB
20483,CA
20484,GB
20485,US
20486,US
20487,US
20488,CA
20489,US
20490,DE
20491,DE
20492,DE
20493,GB
20494,GB
20495,CA
20496,US
20497,GB
20498,DE
20499,US
20500,US
20501,US
20502,US
20503,US
20504,US
20505,DE
20506,DE
20507,CA
20508,US
20509,US
20510,CA
20511,DE
20512,GB
20513,US
20514,CA
20515,CA
20516,CA
20517,CA
20518,DE
20519,GB
20520,DE
20521,GB
20522,DE
20523,GB
20524,GB
20525,CA
20526,DE
20527,CA
20528,DE
20529,GB
20530,US
20531,DE
20532,GB
20533,CA
20534,DE
20535,GB
20536,GB
20537,GB
20538,DE
20539,GB
20540,GB
20541,US
20542,DE
20543,DE
20544,CA
20545,CA
20546,US
20547,CA
20548,CA
20549,CA
20550,DE
20551,GB
20552,CA
20553,DE
20554,CA
20555,DE
20556,US
20557,CA
20558,US
20559,GB
20560,US
20561,GB
20562,US
20563,CA
20564,US
20565,US
20566,CA
20567,GB
20568,DE
20569,CA
20570,US
20571,GB
20572,CA
20573,DE
20574,DE
20575,DE
20576,GB
20577,GB
20578,US
20579,CA
20580,DE
20581,CA
20582,DE
20583,DE
20584,GB
20585,US
20586,GB
20587,CA
20588,GB
20589,GB
20590,US
20591,CA
20592,DE
20593,CA
20594,GB
20595,GB
20596,US
20597,CA
20598,GB
20599,DE
20600,GB
20601,DE
20602,CA
20603,DE
20604,CA
20605,GB
20606,US
20607,DE
20608,US
20609,DE
20610,GB
20611,GB
20612,DE
20613,CA
20614,US
20615,CA
20616,DE
20617,GB
20618,GB
20619,DE
20620,GB
20621,US
20622,CA
20623,GB
20624,GB
20625,US
20626,DE
20627,US
20628,DE
20629,US
20630,CA
20631,CA
20632,CA
20633,CA
20634,GB
20635,GB
20636,CA
20637,DE
20638,GB
20639,US
20640,US
20641,CA
20642,GB
20643,GB
20644,GB
20645,CA
20646,GB
20647,DE
20648,GB
20649,CA
20650,DE
20651,DE
20652,GB
20653,US
20654,US
20655,US
20656,US
20657,CA
20658,CA
20659,DE
20660,DE
20661,US
20662,US
20663,US
20664,CA
20665,US
20666,GB
20667,US
20668,US
20669,US
20670,CA
20671,DE
20672,GB
20673,US
20674,DE
20675,GB
20676,DE
20677,CA
20678,US
20679,US
20680,GB
20681,DE
20682,GB
20683,DE
20684,GB
20685,CA
20686,US
20687,DE
20688,DE
20689,DE
20690,DE
20691,US
20692,CA
20693,DE
20694,CA
20695,GB
20696,DE
20697,DE
20698,CA
20699,DE
20700,US
20701,DE
20702,CA
20703,US
20704,US
20705,GB
20706,GB
20707,DE
20708,CA
20709,GB
20710,CA
20711,US
20712,CA
20713,DE
20714,CA
20715,GB
20716,DE
20717,CA
20718,DE
20719,US
20720,CA
20721,DE
20722,DE
20723,DE
20724,US
20725,US
20726,CA
20727,US
20728,DE
20729,DE
20730,CA
20731,CA
20732,US
20733,CA
20734,US
20735,GB
20736,GB
20737,US
20738,US
20739,DE
20740,GB
20741,GB
20742,DE
20743,US
20744,DE
20745,US
20746,GB
20747,DE
20748,DE
20749,US
20750,CA
20751,GB
20752,CA
20753,GB
20754,DE
20755,DE
20756,US
20757,GB
20758,GB
20759,DE
20760,GB
20761,DE
20762,CA
20763,CA
20764,CA
20765,DE
20766,CA
20767,DE
20768,US
20769,CA
20770,CA
20771,US
20772,GB
20773,GB
20774,DE
20775,US
20776,DE
20777,GB
20778,GB
20779,DE
20780,US
20781,CA
20782,DE
20783,GB
20784,DE
20785,DE
20786,DE
20787,GB
20788,GB
20789,CA
20790,US
20791,US
20792,DE
20793,GB
20794,GB
20795,DE
20796,CA
20797,GB
20798,CA
20799,CA
20800,GB
20801,DE
20802,US
20803,CA
20804,US
20805,CA
20806,GB
20807,US
20808,DE
20809,US
20810,CA
20811,US
20812,US
20813,DE
20814,DE
20815,US
20816,GB
20817,CA
20818,US
20819,US
20820,CA
20821,US
20822,GB
20823,CA
20824,GB
20825,GB
20826,US
20827,GB
20828,DE
20829,US
20830,CA
20831,GB
20832,DE
20833,DE
20834,CA
20835,CA
20836,DE
20837,US
20838,CA
20839,DE
20840,CA
20841,DE
20842,GB
20843,DE
20844,US
20845,GB
20846,US
20847,GB
20848,GB
20849,CA
20850,DE
20851,GB
20852,CA
20853,GB
20854,DE
20855,US
20856,GB
20857,US
20858,CA
20859,CA
20860,GB
20861,DE
20862,GB
20863,GB
20864,DE
20865,GB
20866,US
20867,US
20868,US
20869,US
20870,GB
20871,GB
20872,GB
20873,GB
20874,US
20875,DE
20876,GB
20877,US
20878,DE
20879,CA
20880,US
20881,US
20882,GB
20883,GB
20884,US
20885,GB
20886,GB
20887,CA
20888,US
20889,DE
20890,DE
20891,CA
20892,GB
20893,DE
20894,US
20895,DE
20896,US
20897,US
20898,CA
20899,US
20900,GB
20901,GB
20902,GB
20903,CA
20904,CA
20905,DE
20906,CA
20907,DE
20908,CA
20909,US
20910,GB
20911,US
20912,US
20913,CA
20914,GB
20915,DE
20916,DE
20917,GB
20918,CA
20919,CA
20920,GB
20921,DE
20922,US
20923,GB
20924,GB
20925,DE
20926,GB
20927,CA
20928,GB
20929,CA
20930,CA
20931,US
20932,US
20933,US
20934,US
20935,GB
20936,CA
20937,US
20938,CA
20939,CA
20940,US
20941,CA
20942,GB
20943,GB
20944,CA
20945,GB
20946,CA
20947,DE
20948,GB
20949,CA
20950,CA
20951,CA
20952,US
20953,GB
20954,GB
20955,DE
20956,CA
20957,CA
20958,GB
20959,CA
20960,DE
20961,DE
20962,US
20963,US
20964,GB
20965,GB
20966,US
20967,US
20968,CA
20969,DE
20970,US
20971,GB
20972,DE
20973,US
20974,GB
20975,GB
20976,US
20977,GB
20978,DE
20979,CA
20980,GB
20981,CA
20982,US
20983,DE
20984,US
20985,CA
20986,DE
20987,US
20988,GB
20989,CA
20990,GB
20991,CA
20992,GB
20993,GB
20994,DE
20995,GB
20996,US
20997,GB
20998,DE
20999,GB
21000,US
21001,DE
21002,CA
21003,GB
21004,GB
21005,US
21006,CA
21007,CA
21008,DE
21009,GB
21010,US
21011,CA
21012,US
21013,CA
21014,US
21015,US
21016,CA
21017,DE
21018,GB
21019,US
21020,GB
21021,GB
21022,GB
21023,DE
21024,US
21025,GB
21026,GB
21027,CA
21028,GB
21029,CA
21030,DE
21031,CA
21032,CA
21033,CA
21034,US
21035,GB
21036,CA
21037,GB
21038,CA
21039,US
21040,CA
21041,US
21042,GB
21043,CA
21044,US
21045,CA
21046,GB
21047,CA
21048,CA
21049,DE
21050,CA
21051,CA
21052,US
21053,CA
21054,DE
21055,US
21056,DE
21057,DE
21058,DE
21059,GB
21060,CA
21061,GB
21062,CA
21063,US
21064,DE
21065,US
21066,DE
21067,DE
21068,GB
21069,CA
21070,GB
21071,DE
21072,CA
21073,US
21074,US
21075,DE
21076,DE
21077,DE
21078,CA
21079,DE
21080,CA
21081,US
21082,US
21083,US
21084,CA
21085,GB
21086,CA
21087,US
21088,GB
21089,CA
21090,GB
21091,GB
21092,US
21093,US
21094,DE
21095,GB
21096,US
21097,GB
21098,DE
21099,GB
21100,US
21101,GB
21102,CA
21103,DE
21104,GB
21105,US
21106,US
21107,CA
21108,CA
21109,DE
21110,US
21111,GB
21112,US
21113,US
21114,DE
21115,CA
21116,US
21117,CA
21118,US
21119,GB
21120,GB
21121,CA
21122,GB
21123,CA
21124,CA
21125,CA
21126,DE
21127,US
21128,CA
21129,US
21130,DE
21131,CA
21132,GB
21133,US
21134,CA
21135,US
21136,US
21137,GB
21138,US
21139,US
21140,CA
21141,DE
21142,GB
21143,CA
21144,GB
21145,CA
21146,CA
21147,CA
21148,DE
21149,GB
21150,CA
21151,CA
21152,DE
21153,US
21154,US
21155,GB
21156,GB
21157,GB
21158,DE
21159,DE
21160,US
21161,GB
21162,CA
21163,DE
21164,US
21165,GB
21166,DE
21167,CA
21168,GB
21169,CA
21170,CA
21171,GB
21172,DE
21173,CA
21174,US
21175,DE
21176,CA
21177,US
21178,GB
21179,US
21180,DE
21181,DE
21182,US
21183,DE
21184,US
21185,GB
21186,US
21187,DE
21188,GB
21189,GB
21190,GB
21191,GB
21192,US
21193,GB
21194,DE
21195,US
21196,CA
21197,DE
21198,CA
21199,US
21200,GB
21201,US
21202,US
21203,GB
21204,DE
21205,GB
21206,CA
21207,CA
21208,US
21209,GB
21210,DE
21211,GB
21212,US
21213,US
21214,US
21215,DE
21216,GB
21217,US
21218,GB
21219,US
21220,DE
21221,CA
21222,GB
21223,GB
21224,DE
21225,CA
21226,US
21227,DE
21228,CA
21229,GB
21230,CA
21231,US
21232,CA
21233,US
21234,CA
21235,DE
21236,DE
21237,GB
21238,GB
21239,DE
21240,DE
21241,US
21242,US
21243,CA
21244,DE
21245,US
21246,US
21247,GB
21248,DE
21249,GB
21250,CA
21251,DE
21252,CA
21253,CA
21254,GB
21255,GB
21256,CA
21257,GB
21258,DE
21259,US
21260,US
21261,DE
21262,US
21263,GB
21264,GB
21265,DE
21266,GB
21267,CA
21268,CA
21269,CA
21270,CA
21271,CA
21272,US
21273,DE
21274,GB
21275,CA
21276,DE
21277,DE
21278,CA
21279,DE
21280,US
21281,DE
21282,CA
21283,GB
21284,CA
21285,US
21286,GB
21287,GB
21288,GB
21289,CA
21290,US
21291,GB
21292,CA
21293,CA
21294,CA
21295,CA
21296,CA
21297,CA
21298,GB
21299,GB
21300,US
21301,CA
21302,CA
21303,CA
21304,GB
21305,US
21306,DE
21307,GB
21308,DE
21309,US
21310,DE
21311,CA
21312,US
21313,DE
21314,US
21315,CA
21316,DE
21317,CA
21318,US
21319,DE
21320,US
21321,US
21322,CA
21323,CA
21324,DE
21325,GB
21326,US
21327,US
21328,DE
21329,CA
21330,CA
21331,GB
21332,DE
21333,GB
21334,DE
21335,US
21336,GB
21337,DE
21338,US
21339,DE
21340,GB
21341,GB
21342,CA
21343,DE
21344,US
21345,GB
21346,DE
21347,GB
21348,US
21349,CA
21350,GB
21351,US
21352,CA
21353,DE
21354,DE
21355,US
21356,DE
21357,GB
21358,US
21359,DE
21360,GB
21361,US
21362,DE
21363,CA
21364,DE
21365,DE
21366,CA
21367,US
21368,GB
21369,GB
21370,CA
21371,CA
21372,CA
21373,US
21374,US
21375,US
21376,CA
21377,GB
21378,DE
21379,US
21380,DE
21381,US
21382,GB
21383,US
21384,DE
21385,GB
21386,DE
21387,US
21388,DE
21389,GB
21390,US
21391,GB
21392,GB
21393,CA
21394,US
21395,GB
21396,CA
21397,GB
21398,GB
21399,US
21400,GB
21401,US
21402,CA
21403,DE
21404,US
21405,US
21406,GB
21407,CA
21408,US
21409,CA
21410,GB
21411,US
21412,US
21413,CA
21414,DE
21415,DE
21416,US
21417,US
21418,US
21419,DE
21420,CA
21421,GB
21422,US
21423,CA
21424,GB
21425,US
21426,CA
21427,GB
21428,DE
21429,US
21430,US
21431,CA
21432,GB
21433,DE
21434,DE
21435,DE
21436,GB
21437,DE
21438,GB
21439,DE
21440,CA
21441,GB
21442,CA
21443,CA
21444,US
21445,CA
21446,US
21447,DE
21448,CA
21449,US
21450,CA
21451,GB
21452,CA
21453,GB
21454,GB
21455,CA
21456,DE
21457,CA
21458,DE
21459,US
21460,US
21461,US
21462,DE
21463,GB
21464,DE
21465,GB
21466,GB
21467,US
21468,US
21469,CA
21470,US
21471,DE
21472,DE
21473,CA
21474,GB
21475,US
21476,US
21477,DE
21478,US
21479,GB
21480,DE
21481,GB
21482,US
21483,DE
21484,US
21485,CA
21486,CA
21487,DE
21488,CA
21489,CA
21490,GB
21491,CA
21492,CA
21493,DE
21494,US
21495,CA
21496,GB
21497,GB
21498,US
21499,GB
21500,CA
21501,DE
21502,CA
21503,US
21504,US
21505,GB
21506,GB
21507,CA
21508,GB
21509,DE
21510,US
21511,DE
21512,GB
21513,DE
21514,US
21515,GB
21516,CA
21517,GB
21518,DE
21519,US
21520,DE
21521,CA
21522,CA
21523,DE
21524,GB
21525,GB
21526,US
21527,CA
21528,US
21529,CA
21530,CA
21531,CA
21532,US
21533,CA
21534,DE
21535,DE
21536,US
21537,GB
21538,DE
21539,US
21540,CA
21541,US
21542,US
21543,CA
21544,DE
21545,DE
21546,US
21547,CA
21548,GB
21549,US
21550,GB
21551,DE
21552,CA
21553,GB
21554,DE
21555,CA
21556,GB
21557,DE
21558,CA
21559,GB
21560,DE
21561,CA
21562,US
21563,US
21564,GB
21565,CA
21566,DE
21567,US
21568,CA
21569,CA
21570,GB
21571,CA
21572,GB
21573,CA
21574,US
21575,CA
21576,DE
21577,DE
21578,US
21579,US
21580,US
21581,US
21582,GB
21583,CA
21584,US
21585,US
21586,GB
21587,GB
21588,GB
21589,US
21590,CA
21591,US
21592,GB
21593,DE
21594,US
21595,DE
21596,GB
21597,GB
21598,DE
21599,CA
21600,CA
21601,DE
21602,US
21603,GB
21604,DE
21605,CA
21606,US
21607,DE
21608,CA
21609,DE
21610,CA
21611,US
21612,DE
21613,DE
21614,GB
21615,US
21616,CA
21617,US
21618,CA
21619,GB
21620,GB
21621,DE
21622,US
21623,DE
21624,GB
21625,CA
21626,US
21627,DE
21628,DE
21629,CA
21630,GB
21631,US
21632,US
21633,CA
21634,US
21635,US
21636,US
21637,CA
21638,GB
21639,DE
21640,GB
21641,DE
21642,GB
21643,CA
21644,US
21645,US
21646,US
21647,DE
21648,DE
21649,US
21650,US
21651,DE
21652,DE
21653,US
21654,DE
21655,CA
21656,US
21657,US
21658,CA
21659,DE
21660,DE
21661,CA
21662,CA
21663,GB
21664,US
21665,GB
21666,DE
21667,GB
21668,GB
21669,GB
21670,CA
21671,DE
21672,CA
21673,CA
21674,CA
21675,CA
21676,GB
21677,DE
21678,CA
21679,CA
21680,GB
21681,GB
21682,DE
21683,GB
21684,GB
21685,GB
21686,GB
21687,CA
21688,DE
21689,US
21690,DE
21691,DE
21692,GB
21693,US
21694,US
21695,US
21696,GB
21697,DE
21698,CA
21699,DE
21700,US
21701,GB
21702,GB
21703,CA
21704,DE
21705,GB
21706,CA
21707,DE
21708,US
21709,US
21710,DE
21711,CA
21712,GB
21713,GB
21714,US
21715,DE
21716,US
21717,CA
21718,CA
21719,GB
21720,DE
21721,US
21722,US
21723,CA
21724,CA
21725,DE
21726,US
21727,DE
21728,GB
21729,GB
21730,US
21731,US
21732,US
21733,DE
21734,US
21735,DE
21736,CA
21737,CA
21738,US
21739,DE
21740,US
21741,DE
21742,GB
21743,GB
21744,CA
21745,DE
21746,GB
21747,US
21748,GB
21749,CA
21750,CA
21751,CA
21752,CA
21753,CA
21754,GB
21755,GB
21756,DE
21757,DE
21758,US
21759,US
21760,GB
21761,CA
21762,US
21763,GB
21764,CA
21765,US
21766,CA
21767,US
21768,DE
21769,CA
21770,DE
21771,DE
21772,US
21773,DE
21774,GB
21775,CA
21776,DE
21777,US
21778,CA
21779,DE
21780,US
21781,DE
21782,CA
21783,DE
21784,US
21785,US
21786,GB
21787,GB
21788,DE
21789,US
21790,CA
21791,DE
21792,GB
21793,CA
21794,GB
21795,CA
21796,DE
21797,US
21798,CA
21799,CA
21800,CA
21801,DE
21802,US
21803,CA
21804,DE
21805,US
21806,US
21807,US
21808,DE
21809,DE
21810,CA
21811,DE
21812,US
21813,DE
21814,CA
21815,US
21816,DE
21817,DE
21818,DE
21819,DE
21820,CA
21821,US
21822,DE
21823,US
21824,DE
21825,GB
21826,DE
21827,GB
21828,DE
21829,US
21830,CA
21831,GB
21832,US
21833,DE
21834,DE
21835,US
21836,GB
21837,US
21838,DE
21839,DE
21840,US
21841,GB
21842,CA
21843,GB
21844,DE
21845,GB
21846,CA
21847,DE
21848,DE
21849,DE
21850,DE
21851,US
21852,US
21853,DE
21854,US
21855,DE
21856,CA
21857,DE
21858,DE
21859,DE
21860,CA
21861,CA
21862,GB
21863,GB
21864,CA
21865,CA
21866,DE
21867,GB
21868,GB
21869,DE
21870,CA
21871,GB
21872,DE
21873,DE
21874,US
21875,DE
21876,US
21877,DE
21878,CA
21879,GB
21880,GB
21881,US
21882,DE
21883,US
21884,US
21885,GB
21886,US
21887,DE
21888,GB
21889,GB
21890,GB
21891,GB
21892,DE
21893,CA
21894,CA
21895,US
21896,CA
21897,GB
21898,GB
21899,US
21900,US
21901,GB
21902,US
21903,US
21904,DE
21905,US
21906,US
21907,DE
21908,US
21909,CA
21910,GB
21911,DE
21912,DE
21913,US
21914,GB
21915,GB
21916,GB
21917,US
21918,US
21919,GB
21920,GB
21921,DE
21922,CA
21923,DE
21924,DE
21925,DE
21926,CA
21927,GB
21928,DE
21929,CA
21930,CA
21931,CA
21932,DE
21933,CA
21934,GB
21935,US
21936,US
21937,US
21938,GB
21939,GB
21940,DE
21941,DE
21942,GB
21943,GB
21944,CA
21945,DE
21946,US
21947,DE
21948,DE
21949,CA
21950,US
21951,GB
21952,US
21953,GB
21954,US
21955,CA
21956,CA
21957,US
21958,DE
21959,US
21960,CA
21961,US
21962,CA
21963,DE
21964,DE
21965,CA
21966,GB
21967,DE
21968,DE
21969,US
21970,CA
21971,GB
21972,GB
21973,DE
21974,US
21975,US
21976,DE
21977,CA
21978,US
21979,DE
21980,US
21981,DE
21982,CA
21983,US
21984,GB
21985,DE
21986,DE
21987,DE
21988,CA
21989,GB
21990,GB
21991,US
21992,US
21993,DE
21994,US
21995,GB
21996,CA
21997,DE
21998,US
21999,DE
22000,GB
22001,US
22002,GB
22003,DE
22004,US
22005,GB
22006,US
22007,CA
22008,CA
22009,US
22010,DE
22011,US
22012,DE
22013,GB
22014,CA
22015,US
22016,CA
22017,CA
22018,US
22019,DE
22020,CA
22021,US
22022,GB
22023,GB
22024,CA
22025,US
22026,CA
22027,DE
22028,GB
22029,DE
22030,US
22031,GB
22032,GB
22033,US
22034,GB
22035,US
22036,DE
22037,GB
22038,GB
22039,US
22040,US
22041,CA
22042,CA
22043,US
22044,CA
22045,GB
22046,DE
22047,CA
22048,GB
22049,GB
22050,DE
22051,US
22052,DE
22053,DE
22054,GB
22055,US
22056,GB
22057,CA
22058,US
22059,DE
22060,GB
22061,CA
22062,DE
22063,US
22064,GB
22065,CA
22066,US
22067,CA
22068,DE
22069,GB
22070,US
22071,GB
22072,CA
22073,US
22074,DE
22075,DE
22076,GB
22077,DE
22078,CA
22079,US
22080,DE
22081,DE
22082,GB
22083,CA
22084,US
22085,US
22086,DE
22087,DE
22088,CA
22089,DE
22090,DE
22091,DE
22092,CA
22093,DE
22094,GB
22095,DE
22096,US
22097,CA
22098,DE
22099,CA
22100,DE
22101,CA
22102,GB
22103,US
22104,US
22105,CA
22106,DE
22107,GB
22108,CA
22109,CA
22110,US
22111,GB
22112,GB
22113,GB
22114,GB
22115,CA
22116,GB
22117,CA
22118,GB
22119,GB
22120,GB
22121,GB
22122,DE
22123,CA
22124,CA
22125,US
22126,US
22127,CA
22128,US
22129,US
22130,US
22131,US
22132,GB
22133,GB
22134,US
22135,DE
22136,US
22137,US
22138,DE
22139,DE
22140,US
22141,GB
22142,GB
22143,DE
22144,DE
22145,CA
22146,CA
22147,CA
22148,GB
22149,GB
22150,GB
22151,CA
22152,GB
22153,CA
22154,US
22155,US
22156,CA
22157,DE
22158,DE
22159,GB
22160,DE
22161,DE
22162,CA
22163,DE
22164,CA
22165,US
22166,DE
22167,CA
22168,GB
22169,DE
22170,DE
22171,DE
22172,GB
22173,CA
22174,GB
22175,CA
22176,CA
22177,DE
22178,CA
22179,US
22180,CA
22181,DE
22182,CA
22183,CA
22184,DE
22185,GB
22186,GB
22187,US
22188,GB
22189,DE
22190,GB
22191,US
22192,CA
22193,GB
22194,DE
22195,US
22196,CA
22197,CA
22198,CA
22199,GB
22200,DE
22201,GB
22202,US
22203,US
22204,US
22205,DE
22206,GB
22207,GB
22208,GB
22209,GB
22210,GB
22211,CA
22212,DE
22213,DE
22214,CA
22215,GB
22216,US
22217,CA
22218,US
22219,US
22220,DE
22221,DE
22222,CA
22223,US
22224,CA
22225,CA
22226,US
22227,GB
22228,GB
22229,CA
22230,GB
22231,US
22232,CA
22233,CA
22234,DE
22235,GB
22236,GB
22237,DE
22238,GB
22239,DE
22240,DE
22241,GB
22242,GB
22243,CA
22244,GB
22245,US
22246,CA
22247,DE
22248,GB
22249,DE
22250,GB
22251,GB
22252,GB
22253,US
22254,GB
22255,DE
22256,GB
22257,DE
22258,CA
22259,CA
22260,US
22261,DE
22262,DE
22263,GB
22264,GB
22265,GB
22266,GB
22267,US
22268,US
22269,CA
22270,GB
22271,US
22272,CA
22273,CA
22274,GB
22275,DE
22276,CA
22277,CA
22278,GB
22279,DE
22280,DE
22281,US
22282,US
22283,US
22284,DE
22285,GB
22286,GB
22287,GB
22288,US
22289,GB
22290,GB
22291,DE
22292,US
22293,GB
22294,CA
22295,US
22296,CA
22297,US
22298,GB
22299,US
22300,CA
22301,DE
22302,CA
22303,DE
22304,GB
22305,GB
22306,CA
22307,DE
22308,US
22309,GB
22310,CA
22311,DE
22312,GB
22313,CA
22314,US
22315,DE
22316,CA
22317,DE
22318,DE
22319,US
22320,US
22321,DE
22322,GB
22323,GB
22324,DE
22325,CA
22326,CA
22327,CA
22328,GB
22329,US
22330,US
22331,GB
22332,CA
22333,CA
22334,DE
22335,DE
22336,US
22337,GB
22338,GB
22339,CA
22340,GB
22341,GB
22342,US
22343,CA
22344,GB
22345,US
22346,DE
22347,GB
22348,DE
22349,CA
22350,CA
22351,CA
22352,DE
22353,US
22354,US
22355,CA
22356,GB
22357,US
22358,GB
22359,CA
22360,CA
22361,GB
22362,GB
22363,US
22364,GB
22365,DE
22366,CA
22367,DE
22368,CA
22369,DE
22370,US
22371,CA
22372,GB
22373,CA
22374,GB
22375,GB
22376,US
22377,CA
22378,US
22379,DE
22380,GB
22381,US
22382,DE
22383,US
22384,US
22385,US
22386,US
22387,US
22388,DE
22389,DE
22390,CA
22391,DE
22392,CA
22393,CA
22394,DE
22395,GB
22396,GB
22397,GB
22398,GB
22399,DE
22400,DE
22401,DE
22402,CA
22403,GB
22404,DE
22405,DE
22406,DE
22407,GB
22408,DE
22409,GB
22410,US
22411,US
22412,CA
22413,GB
22414,GB
22415,CA
22416,DE
22417,CA
22418,CA
22419,CA
22420,DE
22421,DE
22422,GB
22423,CA
22424,DE
22425,DE
22426,GB
22427,CA
22428,GB
22429,CA
22430,DE
22431,US
22432,GB
22433,GB
22434,DE
22435,US
22436,CA
22437,GB
22438,CA
22439,GB
22440,US
22441,DE
22442,CA
22443,GB
22444,US
22445,CA
22446,GB
22447,CA
22448,CA
22449,DE
22450,CA
22451,CA
22452,CA
22453,GB
22454,DE
22455,DE
22456,CA
22457,DE
22458,CA
22459,DE
22460,GB
22461,DE
22462,US
22463,DE
22464,CA
22465,CA
22466,GB
22467,GB
22468,GB
22469,GB
22470,US
22471,CA
22472,CA
22473,GB
22474,GB
22475,US
22476,CA
22477,CA
22478,CA
22479,DE
22480,DE
22481,GB
22482,DE
22483,DE
22484,US
22485,US
22486,CA
22487,GB
22488,US
22489,CA
22490,US
22491,DE
22492,GB
22493,GB
22494,CA
22495,DE
22496,GB
22497,US
22498,CA
22499,US
22500,US
22501,US
22502,US
22503,GB
22504,GB
22505,DE
22506,DE
22507,CA
22508,US
22509,DE
22510,CA
22511,GB
22512,GB
22513,GB
22514,DE
22515,US
22516,DE
22517,DE
22518,US
22519,CA
22520,CA
22521,CA
22522,GB
22523,CA
22524,GB
22525,GB
22526,CA
22527,DE
22528,GB
22529,US
22530,DE
22531,CA
22532,CA
22533,DE
22534,GB
22535,CA
22536,US
22537,DE
22538,US
22539,GB
22540,US
22541,DE
22542,GB
22543,GB
22544,CA
22545,GB
22546,GB
22547,GB
22548,CA
22549,CA
22550,CA
22551,US
22552,US
22553,DE
22554,US
22555,US
22556,GB
22557,CA
22558,CA
22559,DE
22560,US
22561,GB
22562,CA
22563,CA
22564,GB
22565,DE
22566,DE
22567,US
22568,DE
22569,DE
22570,DE
22571,US
22572,US
22573,GB
22574,US
22575,CA
22576,US
22577,US
22578,US
22579,CA
22580,US
22581,GB
22582,CA
22583,US
22584,CA
22585,CA
22586,US
22587,CA
22588,US
22589,GB
22590,CA
22591,GB
22592,CA
22593,US
22594,DE
22595,DE
22596,CA
22597,CA
22598,US
22599,DE
22600,GB
22601,DE
22602,GB
22603,GB
22604,DE
22605,CA
22606,US
22607,GB
22608,DE
22609,DE
22610,DE
22611,GB
22612,GB
22613,DE
22614,US
22615,DE
22616,US
22617,DE
22618,CA
22619,CA
22620,US
22621,DE
22622,US
22623,GB
22624,US
22625,CA
22626,CA
22627,GB
22628,GB
22629,CA
22630,CA
22631,US
22632,US
22633,GB
22634,CA
22635,US
22636,US
22637,DE
22638,DE
22639,US
22640,CA
22641,CA
22642,DE
22643,US
22644,GB
22645,CA
22646,DE
22647,DE
22648,CA
22649,US
22650,GB
22651,GB
22652,US
22653,GB
22654,US
22655,DE
22656,US
22657,CA
22658,DE
22659,CA
22660,US
22661,CA
22662,CA
22663,DE
22664,GB
22665,US
22666,US
22667,GB
22668,CA
22669,GB
22670,CA
22671,GB
22672,DE
22673,GB
22674,DE
22675,DE
22676,GB
22677,DE
22678,GB
22679,US
22680,DE
22681,US
22682,CA
22683,GB
22684,CA
22685,GB
22686,DE
22687,DE
22688,US
22689,GB
22690,US
22691,US
22692,DE
22693,US
22694,DE
22695,GB
22696,US
22697,US
22698,CA
22699,DE
22700,DE
22701,US
22702,GB
22703,CA
22704,CA
22705,DE
22706,GB
22707,CA
22708,CA
22709,US
22710,US
22711,DE
22712,CA
22713,DE
22714,GB
22715,CA
22716,US
22717,US
22718,CA
22719,US
22720,CA
22721,GB
22722,DE
22723,DE
22724,CA
22725,DE
22726,US
22727,US
22728,US
22729,GB
22730,DE
22731,CA
22732,DE
22733,US
22734,US
22735,US
22736,GB
22737,US
22738,GB
22739,CA
22740,US
22741,CA
22742,CA
22743,DE
22744,US
22745,DE
22746,GB
22747,DE
22748,US
22749,DE
22750,CA
22751,GB
22752,GB
22753,US
22754,US
22755,CA
22756,US
22757,DE
22758,DE
22759,CA
22760,DE
22761,DE
22762,DE
22763,DE
22764,DE
22765,CA
22766,DE
22767,GB
22768,US
22769,GB
22770,US
22771,DE
22772,DE
22773,US
22774,CA
22775,GB
22776,CA
22777,CA
22778,DE
22779,CA
22780,DE
22781,CA
22782,DE
22783,CA
22784,GB
22785,GB
22786,US
22787,CA
22788,US
22789,GB
22790,US
22791,DE
22792,CA
22793,GB
22794,GB
22795,US
22796,DE
22797,DE
22798,GB
22799,DE
22800,GB
22801,US
22802,CA
22803,CA
22804,GB
22805,US
22806,GB
22807,US
22808,US
22809,CA
22810,CA
22811,CA
22812,US
22813,GB
22814,CA
22815,CA
22816,US
22817,DE
22818,CA
22819,US
22820,CA
22821,DE
22822,US
22823,GB
22824,GB
22825,US
22826,CA
22827,DE
22828,US
22829,US
22830,GB
22831,DE
22832,GB
22833,US
22834,US
22835,CA
22836,GB
22837,DE
22838,US
22839,GB
22840,DE
22841,US
22842,GB
22843,CA
22844,CA
22845,US
22846,GB
22847,CA
22848,CA
22849,DE
22850,US
22851,US
22852,US
22853,GB
22854,US
22855,US
22856,CA
22857,US
22858,US
22859,US
22860,CA
22861,CA
22862,CA
22863,DE
22864,GB
22865,DE
22866,US
22867,CA
22868,US
22869,GB
22870,GB
22871,US
22872,DE
22873,US
22874,GB
22875,DE
22876,GB
22877,CA
22878,US
22879,US
22880,US
22881,GB
22882,DE
22883,US
22884,DE
22885,CA
22886,US
22887,DE
22888,US
22889,GB
22890,GB
22891,US
22892,CA
22893,US
22894,US
22895,US
22896,GB
22897,GB
22898,GB
22899,CA
22900,CA
22901,GB
22902,GB
22903,GB
22904,US
22905,CA
22906,GB
22907,DE
22908,DE
22909,CA
22910,GB
22911,CA
22912,US
22913,CA
22914,GB
22915,CA
22916,US
22917,CA
22918,US
22919,CA
22920,GB
22921,CA
22922,US
22923,DE
22924,GB
22925,DE
22926,DE
22927,CA
22928,GB
22929,CA
22930,US
22931,US
22932,GB
22933,US
22934,CA
22935,US
22936,GB
22937,GB
22938,CA
22939,DE
22940,GB
22941,DE
22942,GB
22943,CA
22944,CA
22945,DE
22946,US
22947,CA
22948,US
22949,DE
22950,GB
22951,GB
22952,GB
22953,CA
22954,DE
22955,US
22956,US
22957,GB
22958,CA
22959,CA
22960,GB
22961,US
22962,US
22963,US
22964,CA
22965,US
22966,US
22967,CA
22968,CA
22969,GB
22970,US
22971,US
22972,DE
22973,US
22974,GB
22975,CA
22976,DE
22977,CA
22978,GB
22979,US
22980,DE
22981,DE
22982,GB
22983,DE
22984,CA
22985,GB
22986,CA
22987,US
22988,GB
22989,US
22990,US
22991,CA
22992,CA
22993,DE
22994,DE
22995,DE
22996,CA
22997,GB
22998,DE
22999,US
23000,DE
23001,CA
23002,GB
23003,US
23004,DE
23005,CA
23006,CA
23007,DE
23008,US
23009,CA
23010,DE
23011,GB
23012,US
23013,US
23014,US
23015,US
23016,GB
23017,CA
23018,GB
23019,GB
23020,CA
23021,CA
23022,DE
23023,US
23024,DE
23025,US
23026,DE
23027,US
23028,US
23029,US
23030,DE
23031,CA
23032,US
23033,CA
23034,US
23035,GB
23036,DE
23037,DE
23038,GB
23039,CA
23040,US
23041,DE
23042,US
23043,US
23044,GB
23045,DE
23046,GB
23047,US
23048,US
23049,GB
23050,GB
23051,CA
23052,DE
23053,CA
23054,CA
23055,GB
23056,CA
23057,GB
23058,US
23059,US
23060,US
23061,US
23062,US
23063,GB
23064,US
23065,CA
23066,DE
23067,DE
23068,US
23069,US
23070,US
23071,CA
23072,DE
23073,US
23074,DE
23075,CA
23076,DE
23077,DE
23078,US
23079,GB
23080,US
23081,DE
23082,US
23083,DE
23084,GB
23085,US
23086,CA
23087,US
23088,DE
23089,DE
23090,CA
23091,GB
23092,GB
23093,CA
23094,US
23095,CA
23096,GB
23097,CA
23098,GB
23099,US
23100,GB
23101,CA
23102,CA
23103,GB
23104,US
23105,GB
23106,GB
23107,GB
23108,DE
23109,DE
23110,CA
23111,CA
23112,CA
23113,US
23114,GB
23115,US
23116,GB
23117,GB
23118,CA
23119,US
23120,US
23121,US
23122,GB
23123,DE
23124,GB
23125,CA
23126,DE
23127,CA
23128,CA
23129,US
23130,CA
23131,CA
23132,US
23133,US
23134,US
23135,CA
23136,CA
23137,DE
23138,US
23139,GB
23140,US
23141,CA
23142,DE
23143,CA
23144,CA
23145,DE
23146,DE
23147,US
23148,US
23149,DE
23150,US
23151,GB
23152,CA
23153,CA
23154,DE
23155,CA
23156,GB
23157,DE
23158,CA
23159,GB
23160,DE
23161,GB
23162,US
23163,US
23164,GB
23165,GB
23166,US
23167,CA
23168,CA
23169,GB
23170,GB
23171,US
23172,GB
23173,CA
23174,DE
23175,US
23176,US
23177,DE
23178,DE
23179,GB
23180,US
23181,CA
23182,CA
23183,GB
23184,CA
23185,CA
23186,CA
23187,GB
23188,GB
23189,GB
23190,US
23191,CA
23192,CA
23193,GB
23194,CA
23195,DE
23196,DE
23197,US
23198,CA
23199,CA
23200,DE
23201,CA
23202,US
23203,CA
23204,DE
23205,DE
23206,GB
23207,DE
23208,US
23209,GB
23210,GB
23211,CA
23212,GB
23213,GB
23214,DE
23215,CA
23216,DE
23217,CA
23218,DE
23219,CA
23220,CA
23221,GB
23222,GB
23223,DE
23224,CA
23225,CA
23226,GB
23227,CA
23228,DE
23229,GB
23230,DE
23231,GB
23232,GB
23233,GB
23234,GB
23235,DE
23236,GB
23237,DE
23238,GB
23239,US
23240,CA
23241,US
23242,GB
23243,GB
23244,CA
23245,CA
23246,US
23247,GB
23248,CA
23249,US
23250,GB
23251,US
23252,CA
23253,US
23254,GB
23255,GB
23256,CA
23257,GB
23258,DE
23259,GB
23260,US
23261,CA
23262,GB
23263,CA
23264,US
23265,DE
23266,US
23267,DE
23268,GB
23269,GB
23270,US
23271,US
23272,GB
23273,DE
23274,CA
23275,DE
23276,DE
23277,US
23278,US
23279,DE
23280,GB
23281,DE
23282,GB
23283,DE
23284,DE
23285,CA
23286,CA
23287,GB
23288,DE
23289,US
23290,DE
23291,CA
23292,CA
23293,US
23294,DE
23295,US
23296,GB
23297,GB
23298,GB
23299,GB
23300,GB
23301,DE
23302,GB
23303,GB
23304,US
23305,GB
23306,GB
23307,CA
23308,DE
23309,US
23310,US
23311,US
23312,CA
23313,DE
23314,US
23315,DE
23316,CA
23317,US
23318,US
23319,US
23320,US
23321,GB
23322,GB
23323,US
23324,DE
23325,US
23326,DE
23327,CA
23328,DE
23329,CA
23330,US
23331,CA
23332,US
23333,GB
23334,US
23335,GB
23336,DE
23337,GB
23338,GB
23339,US
23340,GB
23341,GB
23342,CA
23343,US
23344,US
23345,CA
23346,GB
23347,CA
23348,CA
23349,CA
23350,US
23351,GB
23352,US
23353,GB
23354,DE
23355,US
23356,CA
23357,US
23358,CA
23359,US
23360,GB
23361,CA
23362,US
23363,DE
23364,GB
23365,CA
23366,GB
23367,DE
23368,GB
23369,GB
23370,DE
23371,DE
23372,US
23373,GB
23374,DE
23375,GB
23376,GB
23377,CA
23378,GB
23379,GB
23380,DE
23381,CA
23382,US
23383,CA
23384,US
23385,CA
23386,GB
23387,CA
23388,GB
23389,CA
23390,DE
23391,GB
23392,GB
23393,GB
23394,US
23395,US
23396,US
23397,GB
23398,GB
23399,US
23400,DE
23401,GB
23402,US
23403,US
23404,GB
23405,US
23406,US
23407,DE
23408,GB
23409,DE
23410,CA
23411,US
23412,CA
23413,DE
23414,DE
23415,CA
23416,CA
23417,DE
23418,CA
23419,DE
23420,CA
23421,CA
23422,GB
23423,CA
23424,GB
23425,US
23426,GB
23427,GB
23428,US
23429,CA
23430,US
23431,DE
23432,US
23433,GB
23434,CA
23435,DE
23436,DE
23437,GB
23438,US
23439,CA
23440,GB
23441,CA
23442,GB
23443,CA
23444,GB
23445,GB
23446,CA
23447,CA
23448,GB
23449,GB
23450,CA
23451,GB
23452,CA
23453,CA
23454,DE
23455,DE
23456,GB
23457,CA
23458,CA
23459,US
23460,US
23461,US
23462,CA
23463,US
23464,GB
23465,US
23466,GB
23467,DE
23468,GB
23469,CA
23470,GB
23471,DE
23472,CA
23473,GB
23474,US
23475,CA
23476,DE
23477,CA
23478,DE
23479,GB
23480,GB
23481,GB
23482,DE
23483,US
23484,CA
23485,DE
23486,DE
23487,US
23488,GB
23489,US
23490,CA
23491,US
23492,CA
23493,DE
23494,DE
23495,GB
23496,DE
23497,CA
23498,CA
23499,CA
23500,DE
23501,US
23502,CA
23503,DE
23504,GB
23505,CA
23506,US
23507,CA
23508,DE
23509,CA
23510,CA
23511,CA
23512,GB
23513,US
23514,US
23515,GB
23516,DE
23517,DE
23518,US
23519,DE
23520,CA
23521,CA
23522,US
23523,US
23524,CA
23525,CA
23526,DE
23527,GB
23528,CA
23529,GB
23530,CA
23531,DE
23532,DE
23533,US
23534,DE
23535,CA
23536,US
23537,US
23538,GB
23539,CA
23540,CA
23541,GB
23542,US
23543,DE
23544,US
23545,DE
23546,US
23547,DE
23548,US
23549,DE
23550,GB
23551,DE
23552,GB
23553,GB
23554,US
23555,GB
23556,CA
23557,GB
23558,GB
23559,CA
23560,US
23561,CA
23562,US
23563,GB
23564,GB
23565,GB
23566,DE
23567,CA
23568,US
23569,GB
23570,DE
23571,CA
23572,US
23573,DE
23574,US
23575,CA
23576,CA
23577,US
23578,US
23579,CA
23580,CA
23581,DE
23582,US
23583,US
23584,DE
23585,GB
23586,CA
23587,DE
23588,CA
23589,GB
23590,GB
23591,GB
23592,US
23593,CA
23594,DE
23595,GB
23596,US
23597,DE
23598,CA
23599,US
23600,GB
23601,CA
23602,GB
23603,CA
23604,GB
23605,US
23606,DE
23607,CA
23608,DE
23609,US
23610,GB
23611,CA
23612,GB
23613,DE
23614,DE
23615,GB
23616,CA
23617,CA
23618,US
23619,CA
23620,CA
23621,CA
23622,DE
23623,GB
23624,CA
23625,DE
23626,GB
23627,US
23628,DE
23629,US
23630,US
23631,GB
23632,CA
23633,GB
23634,CA
23635,CA
23636,US
23637,DE
23638,CA
23639,CA
23640,GB
23641,US
23642,DE
23643,DE
23644,DE
23645,GB
23646,US
23647,CA
23648,GB
23649,US
23650,US
23651,GB
23652,CA
23653,US
23654,GB
23655,GB
23656,US
23657,GB
23658,CA
23659,GB
23660,GB
23661,GB
23662,DE
23663,GB
23664,CA
23665,GB
23666,DE
23667,DE
23668,GB
23669,DE
23670,CA
23671,DE
23672,US
23673,DE
23674,GB
23675,CA
23676,GB
23677,CA
23678,US
23679,DE
23680,CA
23681,DE
23682,CA
23683,GB
23684,US
23685,CA
23686,GB
23687,CA
23688,GB
23689,DE
23690,CA
23691,CA
23692,DE
23693,DE
23694,CA
23695,US
23696,CA
23697,GB
23698,GB
23699,DE
23700,CA
23701,US
23702,CA
23703,GB
23704,CA
23705,US
23706,GB
23707,US
23708,US
23709,DE
23710,US
23711,GB
23712,US
23713,DE
23714,CA
23715,CA
23716,US
23717,GB
23718,DE
23719,GB
23720,DE
23721,CA
23722,DE
23723,CA
23724,GB
23725,US
23726,DE
23727,DE
23728,GB
23729,GB
23730,CA
23731,CA
23732,DE
23733,GB
23734,DE
23735,US
23736,CA
23737,DE
23738,GB
23739,US
23740,CA
23741,DE
23742,CA
23743,DE
23744,US
23745,US
23746,CA
23747,GB
23748,CA
23749,DE
23750,CA
23751,CA
23752,CA
23753,GB
23754,CA
23755,GB
23756,US
23757,GB
23758,US
23759,CA
23760,DE
23761,CA
23762,US
23763,US
23764,CA
23765,US
23766,GB
23767,US
23768,DE
23769,US
23770,GB
23771,US
23772,CA
23773,DE
23774,GB
23775,CA
23776,DE
23777,DE
23778,US
23779,CA
23780,GB
23781,GB
23782,CA
23783,DE
23784,US
23785,US
23786,DE
23787,GB
23788,GB
23789,US
23790,CA
23791,GB
23792,CA
23793,DE
23794,US
23795,DE
23796,GB
23797,GB
23798,CA
23799,GB
23800,US
23801,US
23802,GB
23803,GB
23804,GB
23805,DE
23806,CA
23807,US
23808,CA
23809,DE
23810,CA
23811,US
23812,GB
23813,GB
23814,DE
23815,CA
23816,DE
23817,DE
23818,CA
23819,US
23820,CA
23821,DE
23822,DE
23823,DE
23824,US
23825,US
23826,GB
23827,US
23828,GB
23829,US
23830,CA
23831,DE
23832,CA
23833,CA
23834,CA
23835,DE
23836,US
23837,DE
23838,DE
23839,US
23840,GB
23841,DE
23842,US
23843,CA
23844,US
23845,DE
23846,GB
23847,DE
23848,US
23849,US
23850,DE
23851,CA
23852,GB
23853,US
23854,CA
23855,CA
23856,GB
23857,GB
23858,US
23859,CA
23860,US
23861,US
23862,DE
23863,DE
23864,GB
23865,US
23866,GB
23867,DE
23868,DE
23869,DE
23870,GB
23871,US
23872,DE
23873,GB
23874,CA
23875,CA
23876,GB
23877,CA
23878,US
23879,GB
23880,CA
23881,GB
23882,US
23883,US
23884,GB
23885,CA
23886,US
23887,CA
23888,US
23889,GB
23890,DE
23891,US
23892,US
23893,GB
23894,DE
23895,CA
23896,GB
23897,GB
23898,US
23899,DE
23900,DE
23901,GB
23902,US
23903,US
23904,CA
23905,GB
23906,US
23907,US
23908,DE
23909,GB
23910,CA
23911,US
23912,DE
23913,DE
23914,US
23915,GB
23916,CA
23917,GB
23918,GB
23919,GB
23920,DE
23921,US
23922,US
23923,US
23924,CA
23925,GB
23926,DE
23927,DE
23928,CA
23929,CA
23930,US
23931,DE
23932,CA
23933,CA
23934,GB
23935,DE
23936,DE
23937,US
23938,DE
23939,US
23940,CA
23941,CA
23942,US
23943,GB
23944,DE
23945,DE
23946,DE
23947,CA
23948,US
23949,US
23950,CA
23951,DE
23952,CA
23953,DE
23954,US
23955,US
23956,DE
23957,CA
23958,CA
23959,US
23960,US
23961,GB
23962,DE
23963,DE
23964,DE
23965,US
23966,DE
23967,GB
23968,GB
23969,GB
23970,US
23971,US
23972,CA
23973,GB
23974,GB
23975,DE
23976,GB
23977,CA
23978,DE
23979,CA
23980,GB
23981,CA
23982,US
23983,US
23984,GB
23985,GB
23986,DE
23987,US
23988,GB
23989,US
23990,US
23991,DE
23992,US
23993,GB
23994,DE
23995,CA
23996,CA
23997,CA
23998,DE
23999,GB
24000,US
24001,DE
24002,CA
24003,DE
24004,GB
24005,US
24006,DE
24007,GB
24008,CA
24009,GB
24010,US
24011,CA
24012,CA
24013,CA
24014,CA
24015,GB
24016,DE
24017,CA
24018,CA
24019,US
24020,GB
24021,CA
24022,DE
24023,US
24024,GB
24025,GB
24026,GB
24027,GB
24028,GB
24029,DE
24030,DE
24031,US
24032,US
24033,DE
24034,US
24035,CA
24036,GB
24037,DE
24038,GB
24039,DE
24040,GB
24041,US
24042,CA
24043,US
24044,CA
24045,CA
24046,GB
24047,DE
24048,US
24049,DE
24050,US
24051,CA
24052,CA
24053,CA
24054,US
24055,CA
24056,CA
24057,US
24058,GB
24059,GB
24060,CA
24061,GB
24062,US
24063,US
24064,DE
24065,DE
24066,GB
24067,US
24068,US
24069,CA
24070,CA
24071,CA
24072,GB
24073,CA
24074,CA
24075,CA
24076,GB
24077,DE
24078,GB
24079,CA
24080,DE
24081,CA
24082,GB
24083,US
24084,GB
24085,DE
24086,CA
24087,GB
24088,DE
24089,GB
24090,CA
24091,CA
24092,DE
24093,US
24094,CA
24095,GB
24096,US
24097,GB
24098,DE
24099,CA
24100,CA
24101,DE
24102,GB
24103,US
24104,US
24105,US
24106,US
24107,GB
24108,US
24109,DE
24110,US
24111,GB
24112,DE
24113,CA
24114,GB
24115,DE
24116,DE
24117,GB
24118,CA
24119,CA
24120,US
24121,CA
24122,US
24123,CA
24124,CA
24125,CA
24126,DE
24127,CA
24128,US
24129,DE
24130,CA
24131,DE
24132,GB
24133,DE
24134,US
24135,CA
24136,DE
24137,US
24138,US
24139,DE
24140,GB
24141,DE
24142,DE
24143,CA
24144,GB
24145,GB
24146,DE
24147,GB
24148,GB
24149,CA
24150,US
24151,DE
24152,CA
24153,CA
24154,GB
24155,CA
24156,US
24157,US
24158,DE
24159,GB
24160,GB
24161,CA
24162,US
24163,GB
24164,GB
24165,GB
24166,US
24167,US
24168,GB
24169,US
24170,DE
24171,US
24172,CA
24173,CA
24174,CA
24175,US
24176,CA
24177,US
24178,US
24179,GB
24180,CA
24181,US
24182,CA
24183,US
24184,GB
24185,US
24186,US
24187,GB
24188,DE
24189,CA
24190,GB
24191,DE
24192,GB
24193,US
24194,US
24195,DE
24196,GB
24197,US
24198,CA
24199,DE
24200,DE
24201,GB
24202,DE
24203,US
24204,US
24205,US
24206,DE
24207,CA
24208,DE
24209,DE
24210,CA
24211,CA
24212,US
24213,CA
24214,US
24215,US
24216,US
24217,US
24218,CA
24219,US
24220,GB
24221,CA
24222,GB
24223,CA
24224,DE
24225,US
24226,CA
24227,CA
24228,US
24229,DE
24230,CA
24231,DE
24232,CA
24233,US
24234,DE
24235,GB
24236,CA
24237,DE
24238,CA
24239,DE
24240,GB
24241,CA
24242,US
24243,DE
24244,CA
24245,DE
24246,GB
24247,CA
24248,CA
24249,US
24250,DE
24251,GB
24252,GB
24253,DE
24254,GB
24255,GB
24256,GB
24257,CA
24258,CA
24259,DE
24260,GB
24261,CA
24262,GB
24263,US
24264,GB
24265,US
24266,DE
24267,GB
24268,DE
24269,CA
24270,DE
24271,DE
24272,DE
24273,GB
24274,CA
24275,CA
24276,US
24277,GB
24278,GB
24279,CA
24280,DE
24281,GB
24282,GB
24283,CA
24284,US
24285,CA
24286,GB
24287,GB
24288,GB
24289,GB
24290,US
24291,US
24292,GB
24293,US
24294,US
24295,US
24296,US
24297,GB
24298,US
24299,US
24300,DE
24301,DE
24302,DE
24303,US
24304,DE
24305,US
24306,US
24307,CA
24308,DE
24309,DE
24310,DE
24311,US
24312,GB
24313,GB
24314,DE
24315,DE
24316,DE
24317,US
24318,CA
24319,GB
24320,GB
24321,DE
24322,US
24323,GB
24324,GB
24325,GB
24326,GB
24327,GB
24328,US
24329,US
24330,DE
24331,CA
24332,US
24333,DE
24334,GB
24335,CA
24336,DE
24337,CA
24338,CA
24339,DE
24340,CA
24341,CA
24342,US
24343,CA
24344,GB
24345,DE
24346,US
24347,DE
24348,CA
24349,US
24350,US
24351,GB
24352,US
24353,GB
24354,GB
24355,US
24356,DE
24357,GB
24358,CA
24359,GB
24360,CA
24361,DE
24362,US
24363,DE
24364,GB
24365,US
24366,GB
24367,CA
24368,GB
24369,GB
24370,DE
24371,US
24372,CA
24373,GB
24374,US
24375,DE
24376,CA
24377,US
24378,US
24379,DE
24380,CA
24381,DE
24382,GB
24383,DE
24384,DE
24385,CA
24386,GB
24387,CA
24388,DE
24389,US
24390,GB
24391,GB
24392,DE
24393,CA
24394,GB
24395,GB
24396,US
24397,DE
24398,DE
24399,US
24400,CA
24401,DE
24402,DE
24403,DE
24404,CA
24405,US
24406,GB
24407,CA
24408,CA
24409,US
24410,CA
24411,DE
24412,GB
24413,GB
24414,US
24415,DE
24416,GB
24417,DE
24418,GB
24419,DE
24420,GB
24421,CA
24422,CA
24423,DE
24424,GB
24425,CA
24426,DE
24427,DE
24428,US
24429,US
24430,GB
24431,GB
24432,DE
24433,US
24434,GB
24435,GB
24436,CA
24437,CA
24438,US
24439,US
24440,DE
24441,GB
24442,DE
24443,DE
24444,GB
24445,US
24446,GB
24447,CA
24448,DE
24449,DE
24450,US
24451,US
24452,US
24453,DE
24454,CA
24455,US
24456,CA
24457,DE
24458,CA
24459,GB
24460,CA
24461,CA
24462,CA
24463,US
24464,US
24465,CA
24466,GB
24467,GB
24468,CA
24469,GB
24470,US
24471,US
24472,US
24473,US
24474,US
24475,GB
24476,US
24477,DE
24478,DE
24479,DE
24480,GB
24481,CA
24482,DE
24483,CA
24484,CA
24485,US
24486,CA
24487,US
24488,US
24489,GB
24490,DE
24491,CA
24492,CA
24493,GB
24494,CA
24495,CA
24496,US
24497,GB
24498,US
24499,US
24500,GB
24501,CA
24502,DE
24503,GB
24504,CA
24505,DE
24506,GB
24507,GB
24508,GB
24509,DE
24510,GB
24511,GB
24512,CA
24513,GB
24514,GB
24515,DE
24516,US
24517,CA
24518,CA
24519,US
24520,GB
24521,CA
24522,US
24523,DE
24524,US
24525,DE
24526,CA
24527,GB
24528,DE
24529,DE
24530,US
24531,DE
24532,US
24533,GB
24534,DE
24535,GB
24536,GB
24537,GB
24538,CA
24539,CA
24540,DE
24541,GB
24542,CA
24543,CA
24544,CA
24545,CA
24546,US
24547,US
24548,US
24549,CA
24550,CA
24551,CA
24552,GB
24553,CA
24554,DE
24555,US
24556,CA
24557,GB
24558,GB
24559,DE
24560,CA
24561,GB
24562,CA
24563,GB
24564,DE
24565,US
24566,DE
24567,US
24568,GB
24569,US
24570,US
24571,CA
24572,DE
24573,DE
24574,US
24575,DE
24576,US
24577,GB
24578,DE
24579,US
24580,CA
24581,CA
24582,US
24583,US
24584,DE
24585,US
24586,GB
24587,CA
24588,CA
24589,CA
24590,US
24591,US
24592,GB
24593,CA
24594,CA
24595,DE
24596,GB
24597,DE
24598,CA
24599,CA
24600,GB
24601,GB
24602,CA
24603,US
24604,DE
24605,GB
24606,DE
24607,DE
24608,US
24609,GB
24610,CA
24611,US
24612,DE
24613,CA
24614,US
24615,DE
24616,CA
24617,GB
24618,US
24619,CA
24620,GB
24621,US
24622,GB
24623,GB
24624,DE
24625,CA
24626,DE
24627,US
24628,CA
24629,US
24630,DE
24631,GB
24632,DE
24633,CA
24634,US
24635,GB
24636,GB
24637,CA
24638,DE
24639,DE
24640,DE
24641,DE
24642,GB
24643,CA
24644,GB
24645,CA
24646,CA
24647,DE
24648,GB
24649,GB
24650,US
24651,US
24652,US
24653,CA
24654,CA
24655,US
24656,US
24657,GB
24658,DE
24659,DE
24660,DE
24661,CA
24662,US
24663,DE
24664,GB
24665,GB
24666,DE
24667,GB
24668,DE
24669,DE
24670,US
24671,US
24672,DE
24673,US
24674,US
24675,US
24676,US
24677,CA
24678,DE
24679,CA
24680,CA
24681,GB
24682,CA
24683,DE
24684,US
24685,DE
24686,CA
24687,US
24688,GB
24689,US
24690,DE
24691,CA
24692,CA
24693,US
24694,GB
24695,DE
24696,CA
24697,CA
24698,CA
24699,GB
24700,US
24701,US
24702,CA
24703,US
24704,DE
24705,DE
24706,US
24707,CA
24708,GB
24709,DE
24710,GB
24711,CA
24712,US
24713,GB
24714,US
24715,US
24716,DE
24717,GB
24718,GB
24719,US
24720,US
24721,DE
24722,DE
24723,US
24724,DE
24725,DE
24726,GB
24727,US
24728,DE
24729,US
24730,CA
24731,GB
24732,US
24733,GB
24734,US
24735,DE
24736,CA
24737,GB
24738,US
24739,GB
24740,DE
24741,US
24742,US
24743,CA
24744,US
24745,GB
24746,US
24747,US
24748,GB
24749,DE
24750,CA
24751,DE
24752,DE
24753,DE
24754,DE
24755,DE
24756,GB
24757,DE
24758,DE
24759,GB
24760,CA
24761,CA
24762,CA
24763,US
24764,GB
24765,DE
24766,CA
24767,US
24768,US
24769,CA
24770,US
24771,CA
24772,GB
24773,DE
24774,CA
24775,GB
24776,DE
24777,CA
24778,CA
24779,US
24780,CA
24781,CA
24782,DE
24783,DE
24784,GB
24785,US
24786,CA
24787,GB
24788,GB
24789,CA
24790,DE
24791,CA
24792,CA
24793,GB
24794,GB
24795,DE
24796,US
24797,US
24798,US
24799,CA
24800,DE
24801,GB
24802,GB
24803,DE
24804,GB
24805,CA
24806,GB
24807,US
24808,CA
24809,US
24810,GB
24811,US
24812,US
24813,CA
24814,DE
24815,DE
24816,GB
24817,CA
24818,CA
24819,GB
24820,US
24821,DE
24822,GB
24823,US
24824,CA
24825,GB
24826,US
24827,GB
24828,US
24829,DE
24830,DE
24831,DE
24832,DE
24833,US
24834,CA
24835,DE
24836,GB
24837,DE
24838,DE
24839,DE
24840,CA
24841,US
24842,CA
24843,US
24844,CA
24845,DE
24846,DE
24847,GB
24848,DE
24849,CA
24850,GB
24851,DE
24852,GB
24853,GB
24854,DE
24855,DE
24856,GB
24857,GB
24858,CA
24859,US
24860,US
24861,DE
24862,GB
24863,DE
24864,DE
24865,CA
24866,DE
24867,US
24868,US
24869,CA
24870,DE
24871,CA
24872,CA
24873,US
24874,DE
24875,DE
24876,CA
24877,CA
24878,GB
24879,GB
24880,GB
24881,GB
24882,GB
24883,US
24884,DE
24885,DE
24886,GB
24887,GB
24888,DE
24889,DE
24890,GB
24891,GB
24892,US
24893,GB
24894,GB
24895,DE
24896,CA
24897,US
24898,US
24899,GB
24900,US
24901,US
24902,US
24903,CA
24904,CA
24905,CA
24906,US
24907,CA
24908,DE
24909,CA
24910,US
24911,US
24912,CA
24913,DE
24914,CA
24915,CA
24916,GB
24917,GB
24918,CA
24919,DE
24920,DE
24921,US
24922,GB
24923,GB
24924,DE
24925,GB
24926,GB
24927,US
24928,CA
24929,DE
24930,CA
24931,CA
24932,GB
24933,GB
24934,CA
24935,GB
24936,GB
24937,CA
24938,GB
24939,CA
24940,US
24941,CA
24942,DE
24943,GB
24944,GB
24945,CA
24946,DE
24947,DE
24948,DE
24949,DE
24950,GB
24951,US
24952,GB
24953,DE
24954,GB
24955,DE
24956,CA
24957,GB
24958,DE
24959,GB
24960,GB
24961,DE
24962,CA
24963,CA
24964,DE
24965,DE
24966,GB
24967,GB
24968,CA
24969,DE
24970,GB
24971,GB
24972,US
24973,DE
24974,CA
24975,GB
24976,DE
24977,US
24978,GB
24979,US
24980,DE
24981,GB
24982,CA
24983,CA
24984,DE
24985,DE
24986,DE
24987,GB
24988,CA
24989,CA
24990,GB
24991,GB
24992,DE
24993,US
24994,US
24995,GB
24996,DE
24997,CA
24998,DE
24999,DE
25000,CA
25001,DE
25002,US
25003,GB
25004,CA
25005,DE
25006,GB
25007,US
25008,US
25009,CA
25010,DE
25011,US
25012,DE
25013,US
25014,DE
25015,GB
25016,GB
25017,US
25018,US
25019,GB
25020,DE
25021,GB
25022,DE
25023,CA
25024,CA
25025,US
25026,CA
25027,CA
25028,CA
25029,US
25030,CA
25031,GB
25032,CA
25033,DE
25034,DE
25035,GB
25036,DE
25037,US
25038,CA
25039,US
25040,DE
25041,GB
25042,US
25043,US
25044,DE
25045,US
25046,GB
25047,DE
25048,GB
25049,CA
25050,GB
25051,US
25052,GB
25053,US
25054,CA
25055,CA
25056,GB
25057,CA
25058,DE
25059,DE
25060,GB
25061,US
25062,CA
25063,CA
25064,GB
25065,CA
25066,GB
25067,GB
25068,GB
25069,CA
25070,CA
25071,GB
25072,CA
25073,GB
25074,CA
25075,DE
25076,US
25077,DE
25078,US
25079,US
25080,DE
25081,DE
25082,DE
25083,DE
25084,GB
25085,CA
25086,DE
25087,GB
25088,DE
25089,CA
25090,US
25091,CA
25092,US
25093,US
25094,DE
25095,GB
25096,CA
25097,GB
25098,CA
25099,US
25100,GB
25101,CA
25102,CA
25103,GB
25104,US
25105,GB
25106,CA
25107,GB
25108,US
25109,GB
25110,GB
25111,US
25112,US
25113,GB
25114,DE
25115,GB
25116,DE
25117,CA
25118,CA
25119,US
25120,GB
25121,CA
25122,GB
25123,US
25124,GB
25125,GB
25126,GB
25127,GB
25128,CA
25129,CA
25130,GB
25131,GB
25132,DE
25133,US
25134,GB
25135,GB
25136,DE
25137,CA
25138,GB
25139,GB
25140,CA
25141,GB
25142,DE
25143,CA
25144,US
25145,DE
25146,GB
25147,CA
25148,US
25149,GB
25150,DE
25151,US
25152,GB
25153,GB
25154,DE
25155,DE
25156,DE
25157,CA
25158,US
25159,GB
25160,DE
25161,GB
25162,US
25163,DE
25164,GB
25165,GB
25166,US
25167,DE
25168,GB
25169,DE
25170,GB
25171,CA
25172,CA
25173,GB
25174,CA
25175,DE
25176,US
25177,CA
25178,DE
25179,DE
25180,DE
25181,US
25182,GB
25183,US
25184,DE
25185,GB
25186,GB
25187,CA
25188,CA
25189,DE
25190,CA
25191,CA
25192,US
25193,US
25194,US
25195,GB
25196,GB
25197,DE
25198,US
25199,DE
25200,GB
25201,GB
25202,DE
25203,DE
25204,CA
25205,DE
25206,CA
25207,GB
25208,CA
25209,CA
25210,DE
25211,US
25212,CA
25213,GB
25214,CA
25215,CA
25216,US
25217,CA
25218,US
25219,CA
25220,CA
25221,DE
25222,US
25223,CA
25224,DE
25225,DE
25226,GB
25227,DE
25228,DE
25229,US
25230,US
25231,US
25232,GB
25233,US
25234,US
25235,CA
25236,DE
25237,GB
25238,US
25239,CA
25240,GB
25241,DE
25242,CA
25243,GB
25244,DE
25245,DE
25246,CA
25247,DE
25248,US
25249,GB
25250,CA
25251,DE
25252,CA
25253,CA
25254,DE
25255,DE
25256,CA
25257,US
25258,CA
25259,DE
25260,DE
25261,US
25262,GB
25263,GB
25264,CA
25265,US
25266,DE
25267,CA
25268,DE
25269,US
25270,DE
25271,DE
25272,GB
25273,CA
25274,GB
25275,CA
25276,CA
25277,CA
25278,US
25279,DE
25280,GB
25281,US
25282,GB
25283,DE
25284,GB
25285,CA
25286,DE
25287,GB
25288,US
25289,CA
25290,CA
25291,US
25292,GB
25293,DE
25294,GB
25295,CA
25296,US
25297,GB
25298,CA
25299,DE
25300,US
25301,GB
25302,CA
25303,CA
25304,GB
25305,CA
25306,DE
25307,US
25308,CA
25309,US
25310,GB
25311,GB
25312,CA
25313,DE
25314,GB
25315,GB
25316,DE
25317,GB
25318,US
25319,US
25320,US
25321,US
25322,US
25323,GB
25324,DE
25325,CA
25326,DE
25327,GB
25328,GB
25329,CA
25330,US
25331,CA
25332,DE
25333,US
25334,DE
25335,US
25336,US
25337,US
25338,DE
25339,US
25340,CA
25341,US
25342,GB
25343,US
25344,GB
25345,US
25346,CA
25347,GB
25348,US
25349,DE
25350,US
25351,CA
25352,GB
25353,CA
25354,CA
25355,DE
25356,US
25357,US
25358,CA
25359,US
25360,CA
25361,US
25362,US
25363,CA
25364,GB
25365,GB
25366,DE
25367,CA
25368,DE
25369,US
25370,CA
25371,GB
25372,US
25373,GB
25374,DE
25375,CA
25376,DE
25377,DE
25378,DE
25379,CA
25380,DE
25381,GB
25382,US
25383,CA
25384,DE
25385,US
25386,DE
25387,CA
25388,US
25389,US
25390,DE
25391,GB
25392,CA
25393,US
25394,US
25395,DE
25396,US
25397,US
25398,CA
25399,US
25400,US
25401,US
25402,GB
25403,GB
25404,US
25405,CA
25406,US
25407,CA
25408,DE
25409,DE
25410,DE
25411,US
25412,GB
25413,US
25414,DE
25415,US
25416,GB
25417,DE
25418,DE
25419,DE
25420,US
25421,US
25422,CA
25423,DE
25424,US
25425,GB
25426,US
25427,GB
25428,DE
25429,DE
25430,US
25431,DE
25432,US
25433,US
25434,US
25435,CA
25436,GB
25437,DE
25438,CA
25439,US
25440,GB
25441,DE
25442,CA
25443,GB
25444,DE
25445,CA
25446,US
25447,GB
25448,US
25449,GB
25450,US
25451,DE
25452,US
25453,US
25454,DE
25455,GB
25456,GB
25457,GB
25458,CA
25459,GB
25460,DE
25461,US
25462,CA
25463,CA
25464,GB
25465,US
25466,GB
25467,GB
25468,CA
25469,CA
25470,DE
25471,GB
25472,CA
25473,DE
25474,US
25475,CA
25476,CA
25477,US
25478,CA
25479,CA
25480,CA
25481,GB
25482,US
25483,CA
25484,US
25485,DE
25486,GB
25487,US
25488,DE
25489,CA
25490,GB
25491,US
25492,CA
25493,GB
25494,CA
25495,GB
25496,GB
25497,CA
25498,CA
25499,DE
25500,GB
25501,GB
25502,DE
25503,CA
25504,DE
25505,US
25506,CA
25507,US
25508,GB
25509,DE
25510,DE
25511,GB
25512,CA
25513,DE
25514,US
25515,CA
25516,US
25517,DE
25518,US
25519,DE
25520,GB
25521,GB
25522,CA
25523,CA
25524,US
25525,DE
25526,US
25527,GB
25528,GB
25529,GB
25530,US
25531,CA
25532,US
25533,GB
25534,GB
25535,GB
25536,GB
25537,GB
25538,DE
25539,CA
25540,US
25541,GB
25542,GB
25543,GB
25544,GB
25545,DE
25546,CA
25547,US
25548,CA
25549,DE
25550,US
25551,CA
25552,DE
25553,CA
25554,DE
25555,CA
25556,DE
25557,CA
25558,DE
25559,CA
25560,US
25561,DE
25562,US
25563,US
25564,DE
25565,DE
25566,US
25567,GB
25568,US
25569,GB
25570,GB
25571,DE
25572,GB
25573,CA
25574,GB
25575,CA
25576,GB
25577,DE
25578,CA
25579,CA
25580,GB
25581,GB
25582,US
25583,DE
25584,DE
25585,US
25586,CA
25587,US
25588,GB
25589,DE
25590,DE
25591,CA
25592,CA
25593,GB
25594,CA
25595,GB
25596,DE
25597,GB
25598,CA
25599,CA
25600,US
25601,DE
25602,US
25603,GB
25604,CA
25605,US
25606,CA
25607,DE
25608,GB
25609,GB
25610,US
25611,GB
25612,DE
25613,GB
25614,DE
25615,GB
25616,GB
25617,CA
25618,DE
25619,DE
25620,DE
25621,US
25622,DE
25623,US
25624,CA
25625,DE
25626,GB
25627,CA
25628,US
25629,US
25630,GB
25631,CA
25632,US
25633,DE
25634,DE
25635,US
25636,GB
25637,US
25638,DE
25639,CA
25640,CA
25641,DE
25642,CA
25643,US
25644,GB
25645,CA
25646,US
25647,GB
25648,CA
25649,US
25650,GB
25651,DE
25652,DE
25653,CA
25654,DE
25655,GB
25656,US
25657,DE
25658,DE
25659,CA
25660,CA
25661,CA
25662,CA
25663,US
25664,US
25665,US
25666,CA
25667,US
25668,DE
25669,US
25670,US
25671,DE
25672,US
25673,DE
25674,CA
25675,GB
25676,CA
25677,DE
25678,DE
25679,CA
25680,DE
25681,GB
25682,DE
25683,GB
25684,US
25685,DE
25686,GB
25687,CA
25688,DE
25689,DE
25690,DE
25691,GB
25692,US
25693,GB
25694,DE
25695,CA
25696,DE
25697,GB
25698,US
25699,GB
25700,DE
25701,GB
25702,GB
25703,GB
25704,CA
25705,GB
25706,GB
25707,CA
25708,CA
25709,DE
25710,US
25711,DE
25712,CA
25713,US
25714,CA
25715,GB
25716,DE
25717,US
25718,GB
25719,US
25720,CA
25721,US
25722,GB
25723,DE
25724,DE
25725,CA
25726,DE
25727,US
25728,CA
25729,US
25730,CA
25731,US
25732,US
25733,CA
25734,CA
25735,US
25736,CA
25737,DE
25738,CA
25739,DE
25740,US
25741,GB
25742,CA
25743,GB
25744,CA
25745,CA
25746,GB
25747,US
25748,GB
25749,US
25750,US
25751,CA
25752,GB
25753,CA
25754,US
25755,US
25756,CA
25757,DE
25758,GB
25759,US
25760,GB
25761,US
25762,GB
25763,US
25764,US
25765,GB
25766,CA
25767,GB
25768,US
25769,CA
25770,GB
25771,US
25772,CA
25773,US
25774,CA
25775,CA
25776,GB
25777,GB
25778,GB
25779,GB
25780,GB
25781,CA
25782,CA
25783,DE
25784,CA
25785,DE
25786,DE
25787,DE
25788,US
25789,CA
25790,US
25791,CA
25792,US
25793,GB
25794,DE
25795,DE
25796,CA
25797,CA
25798,DE
25799,US
25800,DE
25801,US
25802,CA
25803,US
25804,CA
25805,DE
25806,DE
25807,US
25808,DE
25809,CA
25810,US
25811,US
25812,GB
25813,DE
25814,DE
25815,US
25816,DE
25817,DE
25818,US
25819,US
25820,GB
25821,CA
25822,CA
25823,DE
25824,GB
25825,DE
25826,US
25827,CA
25828,GB
25829,CA
25830,US
25831,GB
25832,DE
25833,GB
25834,DE
25835,GB
25836,DE
25837,CA
25838,GB
25839,CA
25840,GB
25841,CA
25842,US
25843,DE
25844,DE
25845,US
25846,US
25847,US
25848,GB
25849,DE
25850,GB
25851,DE
25852,US
25853,US
25854,GB
25855,GB
25856,DE
25857,US
25858,DE
25859,DE
25860,GB
25861,US
25862,DE
25863,CA
25864,US
25865,GB
25866,CA
25867,GB
25868,DE
25869,US
25870,US
25871,GB
25872,US
25873,DE
25874,US
25875,US
25876,CA
25877,GB
25878,CA
25879,CA
25880,DE
25881,GB
25882,GB
25883,CA
25884,US
25885,DE
25886,CA
25887,DE
25888,DE
25889,GB
25890,GB
25891,US
25892,GB
25893,GB
25894,DE
25895,DE
25896,US
25897,US
25898,DE
25899,DE
25900,DE
25901,US
25902,DE
25903,US
25904,CA
25905,CA
25906,DE
25907,CA
25908,GB
25909,CA
25910,DE
25911,GB
25912,DE
25913,US
25914,US
25915,US
25916,DE
25917,DE
25918,GB
25919,GB
25920,US
25921,US
25922,CA
25923,DE
25924,GB
25925,DE
25926,US
25927,DE
25928,US
25929,CA
25930,DE
25931,DE
25932,GB
25933,CA
25934,CA
25935,US
25936,CA
25937,CA
25938,US
25939,DE
25940,CA
25941,CA
25942,DE
25943,US
25944,DE
25945,GB
25946,GB
25947,US
25948,DE
25949,US
25950,DE
25951,GB
25952,CA
25953,US
25954,GB
25955,US
25956,DE
25957,CA
25958,CA
25959,GB
25960,DE
25961,GB
25962,DE
25963,GB
25964,CA
25965,US
25966,US
25967,US
25968,DE
25969,GB
25970,GB
25971,DE
25972,GB
25973,US
25974,DE
25975,DE
25976,DE
25977,CA
25978,DE
25979,GB
25980,CA
25981,US
25982,DE
25983,US
25984,US
25985,CA
25986,GB
25987,US
25988,US
25989,US
25990,DE
25991,GB
25992,GB
25993,DE
25994,US
25995,CA
25996,US
25997,CA
25998,US
25999,GB
26000,US
26001,US
26002,DE
26003,CA
26004,CA
26005,US
26006,GB
26007,DE
26008,US
26009,CA
26010,US
26011,DE
26012,DE
26013,CA
26014,US
26015,US
26016,CA
26017,DE
26018,GB
26019,US
26020,DE
26021,GB
26022,US
26023,GB
26024,CA
26025,DE
26026,GB
26027,CA
26028,DE
26029,DE
26030,DE
26031,DE
26032,CA
26033,CA
26034,CA
26035,GB
26036,US
26037,US
26038,US
26039,US
26040,DE
26041,DE
26042,US
26043,DE
26044,US
26045,US
26046,CA
26047,CA
26048,CA
26049,GB
26050,GB
26051,DE
26052,GB
26053,CA
26054,GB
26055,DE
26056,DE
26057,GB
26058,US
26059,CA
26060,US
26061,DE
26062,GB
26063,US
26064,US
26065,CA
26066,DE
26067,DE
26068,US
26069,DE
26070,US
26071,CA
26072,CA
26073,DE
26074,GB
26075,US
26076,CA
26077,CA
26078,CA
26079,US
26080,US
26081,DE
26082,DE
26083,CA
26084,DE
26085,US
26086,GB
26087,CA
26088,DE
26089,US
26090,GB
26091,DE
26092,CA
26093,DE
26094,DE
26095,DE
26096,CA
26097,GB
26098,US
26099,GB
26100,CA
26101,GB
26102,GB
26103,DE
26104,GB
26105,US
26106,CA
26107,CA
26108,DE
26109,US
26110,GB
26111,DE
26112,US
26113,GB
26114,DE
26115,GB
26116,DE
26117,US
26118,CA
26119,GB
26120,CA
26121,CA
26122,CA
26123,DE
26124,CA
26125,DE
26126,GB
26127,DE
26128,US
26129,CA
26130,DE
26131,DE
26132,DE
26133,DE
26134,US
26135,GB
26136,GB
26137,US
26138,DE
26139,US
26140,DE
26141,DE
26142,US
26143,GB
26144,US
26145,US
26146,CA
26147,CA
26148,DE
26149,GB
26150,CA
26151,US
26152,DE
26153,GB
26154,GB
26155,US
26156,CA
26157,CA
26158,DE
26159,CA
26160,GB
26161,DE
26162,CA
26163,US
26164,CA
26165,GB
26166,DE
26167,DE
26168,DE
26169,GB
26170,CA
26171,GB
26172,DE
26173,CA
26174,CA
26175,CA
26176,US
26177,DE
26178,DE
26179,GB
26180,GB
26181,DE
26182,GB
26183,GB
26184,CA
26185,CA
26186,US
26187,DE
26188,GB
26189,US
26190,DE
26191,DE
26192,GB
26193,GB
26194,CA
26195,DE
26196,GB
26197,DE
26198,GB
26199,US
26200,DE
26201,DE
26202,CA
26203,US
26204,GB
26205,US
26206,GB
26207,DE
26208,DE
26209,DE
26210,GB
26211,DE
26212,CA
26213,CA
26214,GB
26215,CA
26216,GB
26217,DE
26218,GB
26219,US
26220,GB
26221,CA
26222,CA
26223,DE
26224,GB
26225,DE
26226,CA
26227,DE
26228,CA
26229,GB
26230,US
26231,US
26232,CA
26233,US
26234,DE
26235,DE
26236,DE
26237,CA
26238,DE
26239,CA
26240,CA
26241,US
26242,CA
26243,DE
26244,GB
26245,GB
26246,DE
26247,CA
26248,DE
26249,GB
26250,DE
26251,DE
26252,CA
26253,DE
26254,GB
26255,GB
26256,CA
26257,GB
26258,DE
26259,GB
26260,GB
26261,DE
26262,GB
26263,US
26264,US
26265,US
26266,CA
26267,CA
26268,US
26269,DE
26270,DE
26271,US
26272,DE
26273,DE
26274,US
26275,US
26276,US
26277,US
26278,CA
26279,DE
26280,GB
26281,US
26282,CA
26283,DE
26284,CA
26285,US
26286,US
26287,GB
26288,DE
26289,US
26290,DE
26291,US
26292,CA
26293,DE
26294,GB
26295,CA
26296,DE
26297,DE
26298,GB
26299,DE
26300,DE
26301,GB
26302,GB
26303,US
26304,GB
26305,GB
26306,US
26307,US
26308,GB
26309,DE
26310,DE
26311,GB
26312,DE
26313,GB
26314,CA
26315,GB
26316,US
26317,DE
26318,DE
26319,DE
26320,GB
26321,GB
26322,GB
26323,GB
26324,US
26325,DE
26326,DE
26327,US
26328,CA
26329,GB
26330,CA
26331,DE
26332,DE
26333,CA
26334,DE
26335,CA
26336,DE
26337,DE
26338,GB
26339,DE
26340,CA
26341,US
26342,GB
26343,DE
26344,US
26345,US
26346,DE
26347,CA
26348,US
26349,GB
26350,US
26351,US
26352,DE
26353,GB
26354,DE
26355,US
26356,GB
26357,GB
26358,GB
26359,CA
26360,CA
26361,US
26362,GB
26363,GB
26364,GB
26365,GB
26366,DE
26367,GB
26368,DE
26369,CA
26370,CA
26371,GB
26372,GB
26373,GB
26374,CA
26375,US
26376,US
26377,CA
26378,GB
26379,US
26380,CA
26381,DE
26382,US
26383,US
26384,CA
26385,CA
26386,GB
26387,US
26388,DE
26389,DE
26390,CA
26391,US
26392,US
26393,CA
26394,DE
26395,CA
26396,CA
26397,GB
26398,DE
26399,GB
26400,CA
26401,GB
26402,DE
26403,DE
26404,DE
26405,US
26406,DE
26407,DE
26408,GB
26409,US
26410,GB
26411,CA
26412,US
26413,DE
26414,CA
26415,DE
26416,DE
26417,DE
26418,GB
26419,CA
26420,US
26421,DE
26422,US
26423,DE
26424,US
26425,US
26426,CA
26427,DE
26428,DE
26429,US
26430,US
26431,CA
26432,CA
26433,US
26434,GB
26435,US
26436,US
26437,US
26438,US
26439,DE
26440,US
26441,CA
26442,GB
26443,DE
26444,GB
26445,GB
26446,GB
26447,DE
26448,US
26449,DE
26450,DE
26451,US
26452,GB
26453,US
26454,CA
26455,CA
26456,GB
26457,US
26458,US
26459,DE
26460,DE
26461,CA
26462,US
26463,DE
26464,DE
26465,US
26466,DE
26467,US
26468,GB
26469,US
26470,CA
26471,DE
26472,GB
26473,DE
26474,GB
26475,DE
26476,DE
26477,CA
26478,CA
26479,CA
26480,US
26481,DE
26482,CA
26483,GB
26484,US
26485,US
26486,GB
26487,CA
26488,US
26489,CA
26490,US
26491,GB
26492,DE
26493,CA
26494,US
26495,CA
26496,CA
26497,CA
26498,DE
26499,US
26500,DE
26501,CA
26502,US
26503,CA
26504,GB
26505,US
26506,DE
26507,DE
26508,DE
26509,CA
26510,GB
26511,GB
26512,GB
26513,US
26514,GB
26515,DE
26516,DE
26517,GB
26518,US
26519,CA
26520,GB
26521,US
26522,DE
26523,CA
26524,DE
26525,DE
26526,CA
26527,CA
26528,DE
26529,CA
26530,DE
26531,GB
26532,GB
26533,DE
26534,DE
26535,GB
26536,CA
26537,DE
26538,GB
26539,GB
26540,US
26541,CA
26542,US
26543,US
26544,GB
26545,GB
26546,US
26547,US
26548,CA
26549,US
26550,DE
26551,CA
26552,DE
26553,CA
26554,DE
26555,CA
26556,CA
26557,CA
26558,DE
26559,CA
26560,CA
26561,US
26562,US
26563,US
26564,GB
26565,GB
26566,DE
26567,GB
26568,GB
26569,CA
26570,DE
26571,DE
26572,US
26573,CA
26574,GB
26575,GB
26576,US
26577,CA
26578,DE
26579,US
26580,GB
26581,GB
26582,US
26583,US
26584,DE
26585,DE
26586,GB
26587,CA
26588,CA
26589,DE
26590,CA
26591,CA
26592,CA
26593,CA
26594,CA
26595,DE
26596,DE
26597,US
26598,CA
26599,DE
26600,CA
26601,CA
26602,US
26603,US
26604,CA
26605,CA
26606,US
26607,CA
26608,DE
26609,GB
26610,DE
26611,CA
26612,CA
26613,GB
26614,DE
26615,US
26616,GB
26617,DE
26618,US
26619,US
26620,US
26621,DE
26622,US
26623,DE
26624,GB
26625,CA
26626,CA
26627,DE
26628,GB
26629,GB
26630,DE
26631,GB
26632,GB
26633,CA
26634,DE
26635,GB
26636,US
26637,GB
26638,CA
26639,CA
26640,US
26641,US
26642,GB
26643,US
26644,DE
26645,US
26646,CA
26647,US
26648,GB
26649,CA
26650,DE
26651,CA
26652,US
26653,US
26654,CA
26655,US
26656,DE
26657,GB
26658,CA
26659,US
26660,DE
26661,GB
26662,DE
26663,CA
26664,US
26665,CA
26666,DE
26667,GB
26668,US
26669,CA
26670,US
26671,US
26672,DE
26673,DE
26674,CA
26675,US
26676,DE
26677,DE
26678,US
26679,DE
26680,CA
26681,US
26682,US
26683,CA
26684,DE
26685,CA
26686,GB
26687,CA
26688,US
26689,CA
26690,GB
26691,DE
26692,US
26693,US
26694,DE
26695,CA
26696,GB
26697,US
26698,GB
26699,US
26700,DE
26701,DE
26702,GB
26703,GB
26704,DE
26705,DE
26706,DE
26707,GB
26708,GB
26709,US
26710,CA
26711,GB
26712,US
26713,DE
26714,DE
26715,CA
26716,CA
26717,CA
26718,CA
26719,GB
26720,US
26721,US
26722,US
26723,DE
26724,CA
26725,DE
26726,US
26727,DE
26728,DE
26729,US
26730,GB
26731,DE
26732,US
26733,CA
26734,DE
26735,US
26736,GB
26737,GB
26738,DE
26739,CA
26740,CA
26741,DE
26742,DE
26743,DE
26744,GB
26745,CA
26746,US
26747,DE
26748,CA
26749,US
26750,US
26751,GB
26752,GB
26753,US
26754,US
26755,DE
26756,DE
26757,US
26758,CA
26759,DE
26760,GB
26761,US
26762,CA
26763,US
26764,US
26765,CA
26766,US
26767,DE
26768,DE
26769,GB
26770,DE
26771,US
26772,DE
26773,US
26774,GB
26775,DE
26776,CA
26777,CA
26778,GB
26779,GB
26780,GB
26781,DE
26782,DE
26783,CA
26784,GB
26785,GB
26786,DE
26787,CA
26788,CA
26789,CA
26790,GB
26791,US
26792,CA
26793,DE
26794,CA
26795,CA
26796,CA
26797,CA
26798,US
26799,GB
26800,DE
26801,GB
26802,DE
26803,CA
26804,GB
26805,DE
26806,DE
26807,CA
26808,US
26809,DE
26810,CA
26811,CA
26812,GB
26813,CA
26814,GB
26815,GB
26816,DE
26817,DE
26818,US
26819,US
26820,GB
26821,DE
26822,DE
26823,CA
26824,GB
26825,CA
26826,CA
26827,GB
26828,CA
26829,GB
26830,US
26831,CA
26832,GB
26833,US
26834,DE
26835,GB
26836,US
26837,GB
26838,CA
26839,DE
26840,DE
26841,DE
26842,US
26843,GB
26844,US
26845,US
26846,US
26847,US
26848,US
26849,GB
26850,CA
26851,CA
26852,GB
26853,GB
26854,CA
26855,DE
26856,US
26857,US
26858,GB
26859,US
26860,GB
26861,DE
26862,GB
26863,US
26864,US
26865,CA
26866,US
26867,GB
26868,CA
26869,DE
26870,DE
26871,CA
26872,CA
26873,GB
26874,CA
26875,DE
26876,US
26877,US
26878,US
26879,US
26880,US
26881,GB
26882,CA
26883,US
26884,GB
26885,US
26886,GB
26887,US
26888,GB
26889,DE
26890,DE
26891,GB
26892,US
26893,US
26894,CA
26895,US
26896,GB
26897,US
26898,CA
26899,GB
26900,DE
26901,US
26902,CA
26903,DE
26904,CA
26905,US
26906,GB
26907,US
26908,CA
26909,US
26910,DE
26911,DE
26912,US
26913,US
26914,US
26915,DE
26916,DE
26917,US
26918,US
26919,US
26920,US
26921,DE
26922,CA
26923,US
26924,DE
26925,CA
26926,GB
26927,CA
26928,DE
26929,US
26930,CA
26931,DE
26932,DE
26933,DE
26934,CA
26935,DE
26936,DE
26937,CA
26938,DE
26939,GB
26940,US
26941,CA
26942,GB
26943,DE
26944,GB
26945,US
26946,DE
26947,US
26948,DE
26949,DE
26950,GB
26951,GB
26952,GB
26953,US
26954,DE
26955,US
26956,GB
26957,CA
26958,CA
26959,GB
26960,US
26961,DE
26962,GB
26963,US
26964,US
26965,DE
26966,DE
26967,CA
26968,DE
26969,CA
26970,GB
26971,US
26972,DE
26973,US
26974,GB
26975,US
26976,CA
26977,DE
26978,GB
26979,GB
26980,GB
26981,DE
26982,CA
26983,CA
26984,CA
26985,GB
26986,CA
26987,CA
26988,DE
26989,DE
26990,GB
26991,GB
26992,GB
26993,DE
26994,US
26995,GB
26996,CA
26997,US
26998,US
26999,US
27000,US
27001,CA
27002,GB
27003,GB
27004,US
27005,GB
27006,US
27007,GB
27008,DE
27009,CA
27010,US
27011,US
27012,US
27013,CA
27014,US
27015,CA
27016,DE
27017,GB
27018,DE
27019,US
27020,US
27021,DE
27022,CA
27023,DE
27024,CA
27025,GB
27026,US
27027,CA
27028,GB
27029,US
27030,CA
27031,CA
27032,GB
27033,US
27034,US
27035,GB
27036,US
27037,CA
27038,GB
27039,US
27040,CA
27041,GB
27042,US
27043,US
27044,CA
27045,US
27046,US
27047,CA
27048,GB
27049,CA
27050,DE
27051,DE
27052,CA
27053,CA
27054,GB
27055,GB
27056,GB
27057,DE
27058,DE
27059,DE
27060,CA
27061,DE
27062,DE
27063,GB
27064,DE
27065,US
27066,US
27067,GB
27068,GB
27069,GB
27070,US
27071,DE
27072,US
27073,DE
27074,US
27075,DE
27076,GB
27077,DE
27078,CA
27079,CA
27080,GB
27081,DE
27082,US
27083,GB
27084,DE
27085,GB
27086,US
27087,CA
27088,GB
27089,CA
27090,CA
27091,DE
27092,DE
27093,US
27094,DE
27095,CA
27096,DE
27097,DE
27098,DE
27099,CA
27100,CA
27101,CA
27102,DE
27103,GB
27104,US
27105,DE
27106,DE
27107,GB
27108,US
27109,GB
27110,CA
27111,GB
27112,CA
27113,DE
27114,CA
27115,GB
27116,GB
27117,GB
27118,DE
27119,DE
27120,DE
27121,CA
27122,GB
27123,CA
27124,US
27125,US
27126,GB
27127,CA
27128,DE
27129,GB
27130,CA
27131,US
27132,DE
27133,DE
27134,CA
27135,CA
27136,GB
27137,CA
27138,US
27139,US
27140,CA
27141,DE
27142,US
27143,DE
27144,GB
27145,US
27146,US
27147,GB
27148,US
27149,DE
27150,US
27151,DE
27152,GB
27153,GB
27154,GB
27155,CA
27156,DE
27157,DE
27158,GB
27159,GB
27160,GB
27161,CA
27162,US
27163,US
27164,DE
27165,US
27166,GB
27167,GB
27168,GB
27169,US
27170,US
27171,CA
27172,DE
27173,CA
27174,US
27175,CA
27176,CA
27177,GB
27178,CA
27179,GB
27180,CA
27181,DE
27182,GB
27183,DE
27184,DE
27185,DE
27186,CA
27187,US
27188,GB
27189,DE
27190,DE
27191,DE
27192,US
27193,US
27194,CA
27195,DE
27196,GB
27197,CA
27198,GB
27199,GB
27200,GB
27201,DE
27202,DE
27203,GB
27204,US
27205,CA
27206,DE
27207,CA
27208,US
27209,US
27210,CA
27211,DE
27212,US
27213,US
27214,US
27215,DE
27216,CA
27217,GB
27218,US
27219,GB
27220,GB
27221,DE
27222,CA
27223,CA
27224,CA
27225,US
27226,GB
27227,US
27228,CA
27229,US
27230,GB
27231,CA
27232,GB
27233,GB
27234,DE
27235,DE
27236,GB
27237,US
27238,US
27239,US
27240,US
27241,GB
27242,DE
27243,GB
27244,US
27245,US
27246,US
27247,GB
27248,CA
27249,DE
27250,US
27251,US
27252,GB
27253,CA
27254,GB
27255,CA
27256,GB
27257,US
27258,US
27259,US
27260,US
27261,GB
27262,US
27263,CA
27264,CA
27265,GB
27266,CA
27267,CA
27268,DE
27269,US
27270,US
27271,DE
27272,US
27273,GB
27274,GB
27275,DE
27276,US
27277,GB
27278,US
27279,DE
27280,DE
27281,GB
27282,GB
27283,GB
27284,GB
27285,US
27286,CA
27287,US
27288,US
27289,DE
27290,US
27291,US
27292,US
27293,DE
27294,DE
27295,US
27296,CA
27297,GB
27298,CA
27299,GB
27300,DE
27301,GB
27302,CA
27303,CA
27304,DE
27305,US
27306,DE
27307,GB
27308,GB
27309,CA
27310,CA
27311,US
27312,CA
27313,GB
27314,US
27315,CA
27316,CA
27317,GB
27318,GB
27319,DE
27320,US
27321,US
27322,US
27323,CA
27324,CA
27325,GB
27326,US
27327,GB
27328,GB
27329,CA
27330,GB
27331,CA
27332,US
27333,DE
27334,CA
27335,US
27336,CA
27337,DE
27338,GB
27339,CA
27340,DE
27341,CA
27342,CA
27343,CA
27344,US
27345,GB
27346,US
27347,GB
27348,DE
27349,CA
27350,US
27351,GB
27352,US
27353,GB
27354,US
27355,DE
27356,US
27357,GB
27358,GB
27359,DE
27360,CA
27361,DE
27362,US
27363,US
27364,DE
27365,US
27366,CA
27367,CA
27368,US
27369,DE
27370,US
27371,CA
27372,DE
27373,CA
27374,GB
27375,GB
27376,DE
27377,DE
27378,US
27379,GB
27380,US
27381,DE
27382,CA
27383,DE
27384,GB
27385,US
27386,US
27387,US
27388,DE
27389,DE
27390,US
27391,DE
27392,CA
27393,GB
27394,DE
27395,GB
27396,GB
27397,GB
27398,GB
27399,GB
27400,US
27401,US
27402,DE
27403,CA
27404,DE
27405,US
27406,DE
27407,GB
27408,US
27409,DE
27410,DE
27411,DE
27412,US
27413,US
27414,CA
27415,DE
27416,CA
27417,DE
27418,GB
27419,GB
27420,DE
27421,DE
27422,DE
27423,US
27424,CA
27425,US
27426,CA
27427,DE
27428,GB
27429,CA
27430,DE
27431,GB
27432,US
27433,DE
27434,DE
27435,CA
27436,CA
27437,CA
27438,US
27439,US
27440,GB
27441,CA
27442,GB
27443,CA
27444,US
27445,CA
27446,GB
27447,CA
27448,DE
27449,CA
27450,CA
27451,CA
27452,DE
27453,DE
27454,CA
27455,GB
27456,CA
27457,US
27458,DE
27459,GB
27460,DE
27461,US
27462,DE
27463,US
27464,DE
27465,GB
27466,DE
27467,GB
27468,CA
27469,CA
27470,GB
27471,US
27472,US
27473,US
27474,CA
27475,GB
27476,CA
27477,DE
27478,US
27479,GB
27480,US
27481,US
27482,DE
27483,CA
27484,DE
27485,CA
27486,US
27487,CA
27488,GB
27489,US
27490,US
27491,CA
27492,GB
27493,GB
27494,GB
27495,US
27496,CA
27497,CA
27498,CA
27499,DE
27500,GB
27501,US
27502,CA
27503,GB
27504,CA
27505,DE
27506,US
27507,DE
27508,GB
27509,CA
27510,CA
27511,GB
27512,US
27513,US
27514,US
27515,CA
27516,CA
27517,DE
27518,US
27519,DE
27520,US
27521,CA
27522,DE
27523,GB
27524,US
27525,GB
27526,US
27527,US
27528,DE
27529,DE
27530,GB
27531,DE
27532,CA
27533,DE
27534,GB
27535,GB
27536,US
27537,CA
27538,US
27539,DE
27540,US
27541,GB
27542,CA
27543,CA
27544,CA
27545,CA
27546,GB
27547,CA
27548,CA
27549,CA
27550,CA
27551,US
27552,GB
27553,GB
27554,CA
27555,GB
27556,DE
27557,DE
27558,GB
27559,CA
27560,US
27561,US
27562,DE
27563,DE
27564,DE
27565,US
27566,US
27567,CA
27568,CA
27569,DE
27570,DE
27571,DE
27572,GB
27573,US
27574,CA
27575,GB
27576,CA
27577,US
27578,CA
27579,CA
27580,US
27581,DE
27582,GB
27583,CA
27584,DE
27585,CA
27586,GB
27587,GB
27588,US
27589,DE
27590,US
27591,US
27592,CA
27593,CA
27594,DE
27595,DE
27596,US
27597,GB
27598,GB
27599,DE
27600,DE
27601,US
27602,CA
27603,GB
27604,US
27605,CA
27606,US
27607,GB
27608,US
27609,US
27610,GB
27611,CA
27612,US
27613,GB
27614,DE
27615,GB
27616,GB
27617,DE
27618,DE
27619,CA
27620,CA
27621,DE
27622,US
27623,CA
27624,DE
27625,GB
27626,US
27627,GB
27628,CA
27629,CA
27630,CA
27631,US
27632,GB
27633,GB
27634,GB
27635,DE
27636,DE
27637,GB
27638,DE
27639,CA
27640,GB
27641,US
27642,GB
27643,GB
27644,CA
27645,CA
27646,DE
27647,DE
27648,US
27649,US
27650,CA
27651,US
27652,CA
27653,US
27654,CA
27655,DE
27656,US
27657,CA
27658,GB
27659,CA
27660,DE
27661,DE
27662,CA
27663,CA
27664,DE
27665,DE
27666,DE
27667,DE
27668,CA
27669,DE
27670,DE
27671,CA
27672,CA
27673,US
27674,GB
27675,US
27676,US
27677,GB
27678,US
27679,DE
27680,CA
27681,GB
27682,US
27683,CA
27684,DE
27685,GB
27686,GB
27687,CA
27688,CA
27689,GB
27690,US
27691,US
27692,CA
27693,GB
27694,US
27695,DE
27696,US
27697,GB
27698,GB
27699,GB
27700,US
27701,DE
27702,DE
27703,GB
27704,DE
27705,CA
27706,GB
27707,CA
27708,US
27709,US
27710,US
27711,GB
27712,DE
27713,CA
27714,CA
27715,CA
27716,US
27717,GB
27718,DE
27719,US
27720,GB
27721,DE
27722,DE
27723,GB
27724,DE
27725,CA
27726,GB
27727,CA
27728,US
27729,DE
27730,CA
27731,US
27732,GB
27733,GB
27734,GB
27735,DE
27736,US
27737,DE
27738,GB
27739,CA
27740,US
27741,CA
27742,US
27743,GB
27744,GB
27745,CA
27746,CA
27747,US
27748,US
27749,CA
27750,DE
27751,DE
27752,GB
27753,US
27754,GB
27755,DE
27756,GB
27757,CA
27758,US
27759,US
27760,US
27761,DE
27762,US
27763,DE
27764,GB
27765,DE
27766,US
27767,US
27768,US
27769,DE
27770,CA
27771,CA
27772,US
27773,GB
27774,CA
27775,CA
27776,CA
27777,CA
27778,DE
27779,GB
27780,DE
27781,CA
27782,GB
27783,DE
27784,CA
27785,US
27786,GB
27787,DE
27788,GB
27789,GB
27790,GB
27791,CA
27792,GB
27793,CA
27794,DE
27795,DE
27796,US
27797,CA
27798,CA
27799,US
27800,CA
27801,GB
27802,DE
27803,GB
27804,GB
27805,CA
27806,CA
27807,GB
27808,CA
27809,US
27810,DE
27811,DE
27812,US
27813,US
27814,DE
27815,CA
27816,GB
27817,CA
27818,GB
27819,GB
27820,US
27821,US
27822,CA
27823,GB
27824,US
27825,US
27826,US
27827,GB
27828,DE
27829,DE
27830,DE
27831,GB
27832,DE
27833,GB
27834,CA
27835,GB
27836,GB
27837,DE
27838,DE
27839,GB
27840,US
27841,DE
27842,GB
27843,GB
27844,US
27845,CA
27846,GB
27847,US
27848,CA
27849,GB
27850,US
27851,CA
27852,US
27853,DE
27854,US
27855,DE
27856,GB
27857,GB
27858,GB
27859,CA
27860,GB
27861,CA
27862,US
27863,GB
27864,DE
27865,CA
27866,GB
27867,US
27868,DE
27869,GB
27870,GB
27871,DE
27872,GB
27873,US
27874,DE
27875,GB
27876,US
27877,DE
27878,CA
27879,US
27880,CA
27881,GB
27882,GB
27883,DE
27884,CA
27885,US
27886,DE
27887,CA
27888,US
27889,GB
27890,US
27891,US
27892,DE
27893,US
27894,DE
27895,GB
27896,GB
27897,US
27898,US
27899,CA
27900,GB
27901,CA
27902,CA
27903,GB
27904,US
27905,US
27906,CA
27907,US
27908,US
27909,CA
27910,DE
27911,CA
27912,GB
27913,US
27914,US
27915,US
27916,US
27917,GB
27918,GB
27919,GB
27920,GB
27921,GB
27922,CA
27923,US
27924,US
27925,GB
27926,DE
27927,CA
27928,GB
27929,GB
27930,US
27931,CA
27932,DE
27933,DE
27934,US
27935,GB
27936,US
27937,GB
27938,CA
27939,GB
27940,GB
27941,GB
27942,CA
27943,US
27944,US
27945,US
27946,US
27947,CA
27948,CA
27949,GB
27950,CA
27951,CA
27952,US
27953,US
27954,GB
27955,US
27956,CA
27957,GB
27958,GB
27959,GB
27960,CA
27961,DE
27962,CA
27963,US
27964,GB
27965,GB
27966,DE
27967,DE
27968,DE
27969,DE
27970,DE
27971,DE
27972,DE
27973,CA
27974,US
27975,CA
27976,US
27977,CA
27978,DE
27979,CA
27980,GB
27981,GB
27982,DE
27983,GB
27984,DE
27985,DE
27986,CA
27987,CA
27988,US
27989,CA
27990,GB
27991,CA
27992,DE
27993,DE
27994,CA
27995,US
27996,DE
27997,GB
27998,CA
27999,GB
28000,GB
28001,DE
28002,GB
28003,US
28004,GB
28005,GB
28006,DE
28007,US
28008,US
28009,DE
28010,CA
28011,DE
28012,GB
28013,US
28014,DE
28015,CA
28016,US
28017,DE
28018,US
28019,US
28020,DE
28021,DE
28022,DE
28023,CA
28024,CA
28025,GB
28026,US
28027,GB
28028,DE
28029,CA
28030,CA
28031,DE
28032,US
28033,US
28034,GB
28035,CA
28036,CA
28037,US
28038,CA
28039,DE
28040,DE
28041,GB
28042,DE
28043,DE
28044,CA
28045,DE
28046,DE
28047,US
28048,US
28049,GB
28050,CA
28051,CA
28052,GB
28053,CA
28054,GB
28055,GB
28056,GB
28057,CA
28058,US
28059,GB
28060,CA
28061,US
28062,GB
28063,DE
28064,DE
28065,CA
28066,GB
28067,DE
28068,DE
28069,DE
28070,CA
28071,GB
28072,GB
28073,US
28074,US
28075,DE
28076,US
28077,GB
28078,DE
28079,GB
28080,GB
28081,DE
28082,CA
28083,DE
28084,US
28085,GB
28086,CA
28087,CA
28088,DE
28089,US
28090,GB
28091,CA
28092,GB
28093,GB
28094,GB
28095,DE
28096,CA
28097,GB
28098,CA
28099,CA
28100,US
28101,DE
28102,DE
28103,US
28104,CA
28105,US
28106,US
28107,GB
28108,US
28109,DE
28110,CA
28111,US
28112,DE
28113,CA
28114,DE
28115,CA
28116,DE
28117,GB
28118,GB
28119,DE
28120,DE
28121,US
28122,US
28123,DE
28124,GB
28125,CA
28126,DE
28127,CA
28128,CA
28129,US
28130,US
28131,GB
28132,CA
28133,US
28134,GB
28135,GB
28136,DE
28137,CA
28138,GB
28139,CA
28140,DE
28141,US
28142,DE
28143,GB
28144,US
28145,DE
28146,US
28147,CA
28148,GB
28149,US
28150,GB
28151,GB
28152,CA
28153,CA
28154,GB
28155,CA
28156,CA
28157,DE
28158,CA
28159,GB
28160,GB
28161,US
28162,GB
28163,US
28164,DE
28165,US
28166,CA
28167,US
28168,CA
28169,GB
28170,DE
28171,DE
28172,US
28173,US
28174,DE
28175,DE
28176,GB
28177,US
28178,US
28179,CA
28180,US
28181,CA
28182,GB
28183,US
28184,DE
28185,DE
28186,US
28187,US
28188,GB
28189,GB
28190,GB
28191,DE
28192,DE
28193,CA
28194,US
28195,DE
28196,GB
28197,DE
28198,GB
28199,DE
28200,CA
28201,DE
28202,CA
28203,US
28204,US
28205,DE
28206,CA
28207,US
28208,GB
28209,CA
28210,CA
28211,US
28212,DE
28213,DE
28214,GB
28215,US
28216,US
28217,DE
28218,DE
28219,DE
28220,CA
28221,DE
28222,GB
28223,DE
28224,DE
28225,CA
28226,DE
28227,DE
28228,US
28229,DE
28230,GB
28231,DE
28232,CA
28233,CA
28234,GB
28235,GB
28236,US
28237,GB
28238,US
28239,GB
28240,CA
28241,DE
28242,DE
28243,DE
28244,CA
28245,DE
28246,US
28247,GB
28248,US
28249,US
28250,GB
28251,GB
28252,US
28253,GB
28254,US
28255,GB
28256,US
28257,DE
28258,GB
28259,US
28260,DE
28261,GB
28262,DE
28263,GB
28264,US
28265,CA
28266,GB
28267,DE
28268,CA
28269,DE
28270,DE
28271,DE
28272,GB
28273,DE
28274,DE
28275,GB
28276,CA
28277,GB
28278,DE
28279,CA
28280,DE
28281,GB
28282,CA
28283,CA
28284,CA
28285,US
28286,US
28287,CA
28288,US
28289,DE
28290,DE
28291,US
28292,CA
28293,GB
28294,GB
28295,GB
28296,DE
28297,US
28298,CA
28299,US
28300,CA
28301,DE
28302,DE
28303,GB
28304,GB
28305,GB
28306,GB
28307,GB
28308,US
28309,US
28310,GB
28311,CA
28312,GB
28313,CA
28314,GB
28315,US
28316,US
28317,US
28318,DE
28319,US
28320,DE
28321,GB
28322,CA
28323,GB
28324,US
28325,GB
28326,GB
28327,US
28328,GB
28329,CA
28330,CA
28331,US
28332,CA
28333,DE
28334,US
28335,DE
28336,CA
28337,GB
28338,GB
28339,GB
28340,GB
28341,US
28342,GB
28343,US
28344,US
28345,CA
28346,GB
28347,GB
28348,GB
28349,GB
28350,DE
28351,DE
28352,GB
28353,DE
28354,DE
28355,CA
28356,US
28357,CA
28358,US
28359,GB
28360,DE
28361,DE
28362,DE
28363,GB
28364,DE
28365,US
28366,DE
28367,DE
28368,CA
28369,US
28370,DE
28371,GB
28372,US
28373,US
28374,US
28375,CA
28376,US
28377,GB
28378,DE
28379,GB
28380,US
28381,GB
28382,CA
28383,CA
28384,CA
28385,US
28386,CA
28387,GB
28388,CA
28389,CA
28390,GB
28391,CA
28392,CA
28393,DE
28394,CA
28395,DE
28396,CA
28397,DE
28398,DE
28399,DE
28400,GB
28401,CA
28402,CA
28403,CA
28404,US
28405,DE
28406,DE
28407,DE
28408,US
28409,US
28410,CA
28411,GB
28412,GB
28413,GB
28414,GB
28415,CA
28416,DE
28417,GB
28418,GB
28419,CA
28420,US
28421,DE
28422,GB
28423,DE
28424,GB
28425,CA
28426,DE
28427,US
28428,CA
28429,US
28430,US
28431,CA
28432,CA
28433,CA
28434,US
28435,DE
28436,US
28437,DE
28438,CA
28439,DE
28440,DE
28441,DE
28442,DE
28443,GB
28444,GB
28445,CA
28446,DE
28447,GB
28448,US
28449,US
28450,CA
28451,CA
28452,US
28453,GB
28454,US
28455,CA
28456,DE
28457,US
28458,US
28459,CA
28460,US
28461,DE
28462,DE
28463,CA
28464,DE
28465,US
28466,US
28467,DE
28468,CA
28469,GB
28470,US
28471,GB
28472,CA
28473,CA
28474,DE
28475,DE
28476,CA
28477,DE
28478,CA
28479,GB
28480,DE
28481,US
28482,CA
28483,CA
28484,GB
28485,GB
28486,DE
28487,GB
28488,CA
28489,CA
28490,GB
28491,US
28492,DE
28493,DE
28494,GB
28495,GB
28496,CA
28497,US
28498,US
28499,GB
28500,GB
28501,GB
28502,CA
28503,CA
28504,US
28505,CA
28506,US
28507,US
28508,GB
28509,CA
28510,US
28511,GB
28512,CA
28513,GB
28514,CA
28515,CA
28516,CA
28517,CA
28518,DE
28519,US
28520,US
28521,CA
28522,CA
28523,DE
28524,CA
28525,DE
28526,GB
28527,DE
28528,GB
28529,GB
28530,CA
28531,US
28532,GB
28533,GB
28534,US
28535,DE
28536,CA
28537,US
28538,GB
28539,GB
28540,US
28541,DE
28542,GB
28543,DE
28544,US
28545,GB
28546,CA
28547,DE
28548,GB
28549,US
28550,DE
28551,DE
28552,US
28553,DE
28554,US
28555,DE
28556,CA
28557,GB
28558,DE
28559,GB
28560,US
28561,CA
28562,DE
28563,CA
28564,US
28565,DE
28566,CA
28567,GB
28568,GB
28569,US
28570,CA
28571,DE
28572,US
28573,US
28574,GB
28575,GB
28576,DE
28577,CA
28578,US
28579,US
28580,CA
28581,US
28582,GB
28583,US
28584,CA
28585,CA
28586,US
28587,GB
28588,US
28589,US
28590,GB
28591,GB
28592,DE
28593,US
28594,DE
28595,DE
28596,GB
28597,GB
28598,CA
28599,DE
28600,CA
28601,GB
28602,DE
28603,GB
28604,US
28605,US
28606,DE
28607,DE
28608,DE
28609,US
28610,US
28611,DE
28612,GB
28613,US
28614,GB
28615,DE
28616,US
28617,DE
28618,US
28619,GB
28620,DE
28621,DE
28622,GB
28623,CA
28624,GB
28625,CA
28626,CA
28627,GB
28628,DE
28629,GB
28630,CA
28631,CA
28632,CA
28633,DE
28634,DE
28635,GB
28636,GB
28637,DE
28638,CA
28639,GB
28640,US
28641,CA
28642,US
28643,GB
28644,GB
28645,GB
28646,US
28647,CA
28648,DE
28649,CA
28650,DE
28651,CA
28652,GB
28653,GB
28654,US
28655,CA
28656,CA
28657,GB
28658,GB
28659,DE
28660,US
28661,GB
28662,GB
28663,GB
28664,GB
28665,CA
28666,DE
28667,GB
28668,US
28669,CA
28670,CA
28671,DE
28672,DE
28673,DE
28674,DE
28675,CA
28676,US
28677,CA
28678,GB
28679,CA
28680,GB
28681,CA
28682,GB
28683,DE
28684,US
28685,DE
28686,DE
28687,CA
28688,DE
28689,DE
28690,CA
28691,US
28692,US
28693,GB
28694,GB
28695,US
28696,DE
28697,US
28698,CA
28699,CA
28700,CA
28701,US
28702,CA
28703,CA
28704,CA
28705,GB
28706,DE
28707,US
28708,GB
28709,GB
28710,DE
28711,DE
28712,US
28713,US
28714,DE
28715,GB
28716,GB
28717,DE
28718,CA
28719,CA
28720,GB
28721,US
28722,US
28723,DE
28724,GB
28725,CA
28726,CA
28727,GB
28728,US
28729,CA
28730,GB
28731,DE
28732,GB
28733,US
28734,CA
28735,US
28736,CA
28737,CA
28738,CA
28739,GB
28740,CA
28741,GB
28742,DE
28743,US
28744,GB
28745,US
28746,GB
28747,US
28748,US
28749,DE
28750,DE
28751,US
28752,US
28753,GB
28754,CA
28755,DE
28756,US
28757,CA
28758,CA
28759,CA
28760,DE
28761,US
28762,GB
28763,US
28764,CA
28765,DE
28766,DE
28767,GB
28768,US
28769,GB
28770,GB
28771,US
28772,DE
28773,US
28774,DE
28775,DE
28776,DE
28777,GB
28778,CA
28779,GB
28780,CA
28781,DE
28782,DE
28783,US
28784,CA
28785,CA
28786,GB
28787,US
28788,DE
28789,US
28790,US
28791,GB
28792,DE
28793,CA
28794,DE
28795,US
28796,GB
28797,DE
28798,DE
28799,GB
28800,US
28801,GB
28802,DE
28803,US
28804,CA
28805,CA
28806,GB
28807,US
28808,DE
28809,US
28810,GB
28811,DE
28812,DE
28813,CA
28814,CA
28815,DE
28816,DE
28817,GB
28818,DE
28819,US
28820,GB
28821,GB
28822,US
28823,US
28824,CA
28825,CA
28826,CA
28827,DE
28828,DE
28829,GB
28830,CA
28831,DE
28832,US
28833,GB
28834,CA
28835,DE
28836,US
28837,US
28838,CA
28839,US
28840,CA
28841,DE
28842,US
28843,CA
28844,US
28845,GB
28846,DE
28847,US
28848,CA
28849,DE
28850,GB
28851,US
28852,GB
28853,US
28854,DE
28855,CA
28856,GB
28857,CA
28858,DE
28859,GB
28860,DE
28861,DE
28862,GB
28863,GB
28864,DE
28865,US
28866,DE
28867,DE
28868,GB
28869,GB
28870,DE
28871,CA
28872,DE
28873,DE
28874,US
28875,GB
28876,GB
28877,US
28878,DE
28879,CA
28880,DE
28881,CA
28882,DE
28883,DE
28884,CA
28885,GB
28886,GB
28887,DE
28888,US
28889,CA
28890,DE
28891,CA
28892,DE
28893,GB
28894,US
28895,CA
28896,DE
28897,US
28898,DE
28899,DE
28900,CA
28901,DE
28902,US
28903,US
28904,CA
28905,GB
28906,DE
28907,GB
28908,GB
28909,GB
28910,CA
28911,US
28912,GB
28913,GB
28914,GB
28915,CA
28916,US
28917,US
28918,DE
28919,GB
28920,GB
28921,DE
28922,GB
28923,DE
28924,GB
28925,DE
28926,GB
28927,CA
28928,CA
28929,GB
28930,GB
28931,US
28932,US
28933,CA
28934,US
28935,GB
28936,GB
28937,CA
28938,US
28939,DE
28940,CA
28941,CA
28942,US
28943,US
28944,GB
28945,DE
28946,GB
28947,CA
28948,CA
28949,US
28950,DE
28951,CA
28952,US
28953,GB
28954,US
28955,DE
28956,CA
28957,GB
28958,US
28959,US
28960,CA
28961,US
28962,US
28963,DE
28964,GB
28965,US
28966,GB
28967,GB
28968,GB
28969,US
28970,GB
28971,US
28972,CA
28973,GB
28974,US
28975,US
28976,CA
28977,DE
28978,US
28979,GB
28980,DE
28981,DE
28982,US
28983,US
28984,GB
28985,US
28986,GB
28987,CA
28988,CA
28989,GB
28990,GB
28991,CA
28992,CA
28993,GB
28994,US
28995,CA
28996,DE
28997,DE
28998,CA
28999,DE
29000,GB
29001,GB
29002,DE
29003,DE
29004,US
29005,CA
29006,US
29007,DE
29008,US
29009,US
29010,GB
29011,CA
29012,DE
29013,GB
29014,CA
29015,GB
29016,US
29017,CA
29018,US
29019,DE
29020,US
29021,GB
29022,DE
29023,DE
29024,US
29025,DE
29026,GB
29027,US
29028,US
29029,DE
29030,GB
29031,GB
29032,GB
29033,CA
29034,GB
29035,GB
29036,GB
29037,CA
29038,CA
29039,CA
29040,US
29041,GB
29042,GB
29043,CA
29044,US
29045,GB
29046,US
29047,DE
29048,CA
29049,US
29050,DE
29051,GB
29052,US
29053,CA
29054,CA
29055,US
29056,CA
29057,CA
29058,DE
29059,GB
29060,GB
29061,DE
29062,GB
29063,DE
29064,DE
29065,DE
29066,CA
29067,US
29068,CA
29069,US
29070,US
29071,CA
29072,DE
29073,US
29074,US
29075,US
29076,US
29077,CA
29078,US
29079,GB
29080,GB
29081,US
29082,GB
29083,US
29084,GB
29085,US
29086,DE
29087,CA
29088,US
29089,CA
29090,GB
29091,DE
29092,CA
29093,CA
29094,US
29095,GB
29096,DE
29097,DE
29098,CA
29099,DE
29100,GB
29101,GB
29102,GB
29103,GB
29104,CA
29105,CA
29106,DE
29107,DE
29108,CA
29109,DE
29110,GB
29111,DE
29112,US
29113,GB
29114,DE
29115,GB
29116,GB
29117,DE
29118,DE
29119,DE
29120,DE
29121,DE
29122,GB
29123,CA
29124,US
29125,GB
29126,DE
29127,US
29128,US
29129,CA
29130,US
29131,US
29132,CA
29133,CA
29134,CA
29135,CA
29136,CA
29137,GB
29138,DE
29139,DE
29140,DE
29141,GB
29142,GB
29143,US
29144,GB
29145,CA
29146,US
29147,DE
29148,DE
29149,GB
29150,US
29151,CA
29152,US
29153,DE
29154,CA
29155,US
29156,GB
29157,GB
29158,US
29159,DE
29160,US
29161,DE
29162,CA
29163,GB
29164,US
29165,GB
29166,GB
29167,CA
29168,DE
29169,CA
29170,US
29171,US
29172,DE
29173,GB
29174,US
29175,GB
29176,GB
29177,CA
29178,DE
29179,GB
29180,GB
29181,GB
29182,US
29183,CA
29184,US
29185,US
29186,CA
29187,DE
29188,GB
29189,US
29190,GB
29191,US
29192,US
29193,US
29194,US
29195,US
29196,CA
29197,CA
29198,US
29199,DE
29200,US
29201,CA
29202,US
29203,CA
29204,GB
29205,DE
29206,DE
29207,US
29208,CA
29209,DE
29210,DE
29211,DE
29212,CA
29213,US
29214,DE
29215,CA
29216,US
29217,CA
29218,GB
29219,US
29220,US
29221,GB
29222,US
29223,CA
29224,CA
29225,GB
29226,US
29227,GB
29228,DE
29229,GB
29230,CA
29231,CA
29232,DE
29233,CA
29234,GB
29235,DE
29236,DE
29237,DE
29238,CA
29239,CA
29240,CA
29241,CA
29242,US
29243,CA
29244,GB
29245,GB
29246,DE
29247,DE
29248,US
29249,GB
29250,CA
29251,GB
29252,DE
29253,US
29254,US
29255,US
29256,DE
29257,GB
29258,GB
29259,GB
29260,US
29261,CA
29262,DE
29263,CA
29264,DE
29265,US
29266,CA
29267,CA
29268,US
29269,CA
29270,GB
29271,CA
29272,US
29273,GB
29274,DE
29275,US
29276,US
29277,GB
29278,GB
29279,GB
29280,CA
29281,CA
29282,US
29283,DE
29284,GB
29285,US
29286,CA
29287,DE
29288,CA
29289,GB
29290,DE
29291,CA
29292,GB
29293,CA
29294,CA
29295,GB
29296,US
29297,DE
29298,GB
29299,CA
29300,CA
29301,GB
29302,CA
29303,CA
29304,US
29305,GB
29306,GB
29307,DE
29308,DE
29309,US
29310,CA
29311,CA
29312,GB
29313,CA
29314,US
29315,US
29316,US
29317,US
29318,CA
29319,US
29320,CA
29321,CA
29322,CA
29323,DE
29324,GB
29325,DE
29326,US
29327,GB
29328,DE
29329,GB
29330,GB
29331,CA
29332,CA
29333,CA
29334,US
29335,GB
29336,GB
29337,DE
29338,CA
29339,DE
29340,GB
29341,GB
29342,US
29343,CA
29344,CA
29345,US
29346,GB
29347,DE
29348,GB
29349,GB
29350,DE
29351,US
29352,DE
29353,DE
29354,US
29355,US
29356,DE
29357,DE
29358,GB
29359,US
29360,DE
29361,GB
29362,GB
29363,CA
29364,CA
29365,CA
29366,DE
29367,GB
29368,CA
29369,GB
29370,CA
29371,GB
29372,US
29373,GB
29374,CA
29375,US
29376,DE
29377,CA
29378,GB
29379,US
29380,DE
29381,US
29382,DE
29383,DE
29384,DE
29385,US
29386,US
29387,GB
29388,DE
29389,GB
29390,DE
29391,GB
29392,US
29393,US
29394,GB
29395,US
29396,DE
29397,US
29398,CA
29399,US
29400,CA
29401,DE
29402,GB
29403,US
29404,CA
29405,GB
29406,DE
29407,CA
29408,US
29409,US
29410,US
29411,CA
29412,US
29413,DE
29414,DE
29415,CA
29416,CA
29417,CA
29418,GB
29419,US
29420,CA
29421,US
29422,GB
29423,CA
29424,DE
29425,GB
29426,CA
29427,DE
29428,DE
29429,US
29430,US
29431,DE
29432,GB
29433,US
29434,US
29435,GB
29436,US
29437,DE
29438,CA
29439,GB
29440,US
29441,CA
29442,CA
29443,CA
29444,CA
29445,DE
29446,CA
29447,DE
29448,US
29449,US
29450,DE
29451,GB
29452,GB
29453,CA
29454,US
29455,DE
29456,GB
29457,US
29458,DE
29459,US
29460,GB
29461,CA
29462,DE
29463,DE
29464,DE
29465,CA
29466,CA
29467,DE
29468,DE
29469,DE
29470,DE
29471,CA
29472,DE
29473,GB
29474,US
29475,DE
29476,US
29477,CA
29478,DE
29479,US
29480,US
29481,US
29482,DE
29483,GB
29484,CA
29485,GB
29486,CA
29487,US
29488,GB
29489,DE
29490,US
29491,US
29492,DE
29493,GB
29494,CA
29495,DE
29496,US
29497,DE
29498,DE
29499,CA
29500,CA
29501,DE
29502,DE
29503,CA
29504,CA
29505,DE
29506,DE
29507,CA
29508,CA
29509,GB
29510,US
29511,CA
29512,DE
29513,DE
29514,DE
29515,GB
29516,CA
29517,US
29518,CA
29519,DE
29520,US
29521,GB
29522,DE
29523,GB
29524,DE
29525,US
29526,CA
29527,US
29528,CA
29529,US
29530,GB
29531,CA
29532,CA
29533,GB
29534,US
29535,US
29536,GB
29537,CA
29538,GB
29539,GB
29540,DE
29541,CA
29542,DE
29543,GB
29544,CA
29545,GB
29546,DE
29547,DE
29548,US
29549,CA
29550,DE
29551,GB
29552,CA
29553,CA
29554,US
29555,CA
29556,CA
29557,GB
29558,GB
29559,DE
29560,US
29561,CA
29562,DE
29563,DE
29564,GB
29565,US
29566,CA
29567,US
29568,CA
29569,GB
29570,DE
29571,DE
29572,CA
29573,US
29574,DE
29575,US
29576,GB
29577,DE
29578,GB
29579,CA
29580,CA
29581,DE
29582,GB
29583,US
29584,US
29585,DE
29586,CA
29587,DE
29588,DE
29589,US
29590,CA
29591,US
29592,US
29593,CA
29594,DE
29595,DE
29596,CA
29597,US
29598,CA
29599,DE
29600,GB
29601,GB
29602,CA
29603,US
29604,GB
29605,CA
29606,GB
29607,DE
29608,DE
29609,US
29610,US
29611,US
29612,GB
29613,GB
29614,CA
29615,GB
29616,DE
29617,US
29618,GB
29619,DE
29620,US
29621,US
29622,GB
29623,GB
29624,DE
29625,US
29626,US
29627,DE
29628,DE
29629,DE
29630,DE
29631,CA
29632,US
29633,US
29634,CA
29635,GB
29636,GB
29637,CA
29638,DE
29639,CA
29640,GB
29641,CA
29642,US
29643,DE
29644,DE
29645,CA
29646,DE
29647,GB
29648,CA
29649,DE
29650,GB
29651,CA
29652,GB
29653,CA
29654,DE
29655,DE
29656,DE
29657,CA
29658,US
29659,US
29660,DE
29661,GB
29662,DE
29663,GB
29664,CA
29665,US
29666,CA
29667,CA
29668,CA
29669,US
29670,GB
29671,CA
29672,CA
29673,GB
29674,GB
29675,US
29676,CA
29677,DE
29678,US
29679,GB
29680,CA
29681,DE
29682,US
29683,CA
29684,CA
29685,GB
29686,DE
29687,CA
29688,GB
29689,US
29690,GB
29691,GB
29692,DE
29693,CA
29694,US
29695,DE
29696,US
29697,DE
29698,GB
29699,DE
29700,CA
29701,GB
29702,GB
29703,DE
29704,DE
29705,US
29706,CA
29707,DE
29708,CA
29709,CA
29710,CA
29711,DE
29712,US
29713,US
29714,GB
29715,CA
29716,CA
29717,DE
29718,US
29719,GB
29720,CA
29721,CA
29722,US
29723,GB
29724,DE
29725,DE
29726,CA
29727,CA
29728,US
29729,CA
29730,US
29731,US
29732,GB
29733,CA
29734,DE
29735,GB
29736,GB
29737,DE
29738,GB
29739,CA
29740,US
29741,US
29742,CA
29743,CA
29744,CA
29745,GB
29746,CA
29747,CA
29748,US
29749,US
29750,GB
29751,US
29752,CA
29753,DE
29754,US
29755,CA
29756,US
29757,CA
29758,GB
29759,GB
29760,US
29761,US
29762,CA
29763,DE
29764,GB
29765,DE
29766,GB
29767,DE
29768,DE
29769,CA
29770,CA
29771,US
29772,GB
29773,CA
29774,DE
29775,CA
29776,US
29777,US
29778,GB
29779,GB
29780,DE
29781,CA
29782,DE
29783,US
29784,DE
29785,GB
29786,US
29787,GB
29788,CA
29789,US
29790,GB
29791,CA
29792,GB
29793,GB
29794,US
29795,DE
29796,GB
29797,US
29798,US
29799,US
29800,DE
29801,DE
29802,US
29803,GB
29804,DE
29805,CA
29806,US
29807,US
29808,GB
29809,CA
29810,CA
29811,US
29812,CA
29813,GB
29814,GB
29815,GB
29816,CA
29817,US
29818,US
29819,US
29820,US
29821,GB
29822,CA
29823,GB
29824,DE
29825,CA
29826,CA
29827,DE
29828,CA
29829,GB
29830,CA
29831,US
29832,GB
29833,CA
29834,DE
29835,US
29836,CA
29837,DE
29838,GB
29839,US
29840,CA
29841,GB
29842,US
29843,GB
29844,CA
29845,DE
29846,US
29847,DE
29848,GB
29849,CA
29850,DE
29851,US
29852,DE
29853,GB
29854,DE
29855,US
29856,GB
29857,GB
29858,US
29859,US
29860,DE
29861,DE
29862,US
29863,US
29864,GB
29865,US
29866,CA
29867,DE
29868,CA
29869,DE
29870,GB
29871,US
29872,GB
29873,CA
29874,CA
29875,DE
29876,CA
29877,GB
29878,US
29879,CA
29880,DE
29881,CA
29882,US
29883,GB
29884,GB
29885,DE
29886,US
29887,US
29888,CA
29889,GB
29890,US
29891,US
29892,CA
29893,US
29894,GB
29895,GB
29896,CA
29897,DE
29898,US
29899,DE
29900,US
29901,DE
29902,DE
29903,GB
29904,US
29905,GB
29906,DE
29907,DE
29908,DE
29909,CA
29910,DE
29911,CA
29912,CA
29913,CA
29914,DE
29915,US
29916,US
29917,GB
29918,CA
29919,US
29920,US
29921,US
29922,US
29923,DE
29924,US
29925,DE
29926,CA
29927,CA
29928,CA
29929,US
29930,GB
29931,US
29932,GB
29933,US
29934,US
29935,GB
29936,DE
29937,CA
29938,GB
29939,CA
29940,US
29941,US
29942,US
29943,CA
29944,US
29945,US
29946,DE
29947,GB
29948,US
29949,US
29950,CA
29951,CA
29952,DE
29953,CA
29954,GB
29955,GB
29956,DE
29957,DE
29958,GB
29959,US
29960,DE
29961,DE
29962,DE
29963,US
29964,US
29965,US
29966,US
29967,DE
29968,GB
29969,CA
29970,US
29971,DE
29972,GB
29973,US
29974,CA
29975,CA
29976,CA
29977,US
29978,CA
29979,GB
29980,GB
29981,US
29982,DE
29983,US
29984,DE
29985,US
29986,CA
29987,GB
29988,GB
29989,GB
29990,DE
29991,US
29992,GB
29993,DE
29994,GB
29995,US
29996,GB
29997,US
29998,CA
29999,GB
30000,DE
30001,CA
30002,GB
30003,GB
30004,GB
30005,GB
30006,DE
30007,DE
30008,CA
30009,GB
30010,DE
30011,CA
30012,US
30013,CA
30014,DE
30015,US
30016,GB
30017,CA
30018,CA
30019,CA
30020,GB
30021,DE
30022,GB
30023,GB
30024,GB
30025,GB
30026,CA
30027,CA
30028,CA
30029,DE
30030,GB
30031,CA
30032,CA
30033,US
30034,US
30035,CA
30036,GB
30037,US
30038,GB
30039,GB
30040,CA
30041,DE
30042,GB
30043,DE
30044,GB
30045,DE
30046,GB
30047,GB
30048,CA
30049,CA
30050,GB
30051,US
30052,DE
30053,US
30054,DE
30055,GB
30056,GB
30057,DE
30058,CA
30059,CA
30060,CA
30061,DE
30062,GB
30063,GB
30064,CA
30065,DE
30066,CA
30067,DE
30068,CA
30069,DE
30070,GB
30071,GB
30072,GB
30073,DE
30074,US
30075,DE
30076,CA
30077,GB
30078,CA
30079,CA
30080,DE
30081,US
30082,CA
30083,US
30084,GB
30085,GB
30086,US
30087,CA
30088,DE
30089,US
30090,US
30091,US
30092,DE
30093,GB
30094,US
30095,GB
30096,DE
30097,GB
30098,CA
30099,CA
30100,US
30101,US
30102,CA
30103,CA
30104,US
30105,DE
30106,CA
30107,GB
30108,US
30109,US
30110,GB
30111,CA
30112,DE
30113,GB
30114,CA
30115,GB
30116,DE
30117,US
30118,CA
30119,DE
30120,DE
30121,US
30122,CA
30123,DE
30124,CA
30125,CA
30126,CA
30127,US
30128,CA
30129,DE
30130,US
30131,US
30132,US
30133,GB
30134,US
30135,DE
30136,CA
30137,CA
30138,US
30139,GB
30140,GB
30141,CA
30142,US
30143,US
30144,US
30145,GB
30146,DE
30147,DE
30148,GB
30149,DE
30150,US
30151,DE
30152,DE
30153,CA
30154,DE
30155,GB
30156,CA
30157,CA
30158,CA
30159,DE
30160,US
30161,DE
30162,GB
30163,DE
30164,US
30165,DE
30166,GB
30167,CA
30168,CA
30169,GB
30170,US
30171,CA
30172,DE
30173,DE
30174,US
30175,DE
30176,GB
30177,CA
30178,GB
30179,DE
30180,DE
30181,GB
30182,CA
30183,US
30184,CA
30185,CA
30186,US
30187,GB
30188,US
30189,CA
30190,US
30191,GB
30192,US
30193,US
30194,DE
30195,GB
30196,US
30197,DE
30198,CA
30199,US
30200,US
30201,DE
30202,US
30203,DE
30204,GB
30205,CA
30206,DE
30207,US
30208,US
30209,US
30210,US
30211,CA
30212,US
30213,US
30214,DE
30215,GB
30216,CA
30217,US
30218,GB
30219,GB
30220,US
30221,GB
30222,GB
30223,DE
30224,US
30225,DE
30226,DE
30227,US
30228,CA
30229,DE
30230,GB
30231,GB
30232,DE
30233,US
30234,GB
30235,GB
30236,GB
30237,GB
30238,US
30239,US
30240,US
30241,CA
30242,US
30243,DE
30244,DE
30245,GB
30246,DE
30247,US
30248,CA
30249,CA
30250,DE
30251,US
30252,GB
30253,DE
30254,US
30255,DE
30256,DE
30257,GB
30258,GB
30259,US
30260,US
30261,DE
30262,GB
30263,DE
30264,DE
30265,CA
30266,GB
30267,CA
30268,DE
30269,DE
30270,CA
30271,DE
30272,US
30273,DE
30274,GB
30275,CA
30276,GB
30277,GB
30278,CA
30279,GB
30280,CA
30281,CA
30282,DE
30283,DE
30284,DE
30285,CA
30286,CA
30287,US
30288,US
30289,DE
30290,GB
30291,US
30292,US
30293,CA
30294,DE
30295,CA
30296,GB
30297,US
30298,GB
30299,CA
30300,CA
30301,DE
30302,US
30303,US
30304,CA
30305,DE
30306,US
30307,US
30308,US
30309,US
30310,GB
30311,US
30312,DE
30313,GB
30314,DE
30315,US
30316,DE
30317,CA
30318,DE
30319,GB
30320,DE
30321,CA
30322,DE
30323,US
30324,GB
30325,CA
30326,US
30327,CA
30328,GB
30329,CA
30330,GB
30331,US
30332,DE
30333,CA
30334,DE
30335,GB
30336,GB
30337,CA
30338,US
30339,CA
30340,DE
30341,CA
30342,GB
30343,GB
30344,DE
30345,GB
30346,US
30347,CA
30348,GB
30349,GB
30350,DE
30351,CA
30352,GB
30353,GB
30354,CA
30355,CA
30356,GB
30357,GB
30358,US
30359,CA
30360,CA
30361,US
30362,DE
30363,DE
30364,GB
30365,CA
30366,US
30367,CA
30368,CA
30369,US
30370,CA
30371,US
30372,CA
30373,GB
30374,DE
30375,GB
30376,DE
30377,US
30378,DE
30379,GB
30380,US
30381,US
30382,US
30383,CA
30384,US
30385,US
30386,US
30387,GB
30388,CA
30389,US
30390,US
30391,GB
30392,DE
30393,US
30394,DE
30395,DE
30396,GB
30397,GB
30398,CA
30399,DE
30400,GB
30401,US
30402,GB
30403,DE
30404,GB
30405,GB
30406,GB
30407,DE
30408,US
30409,DE
30410,GB
30411,US
30412,US
30413,US
30414,GB
30415,DE
30416,DE
30417,DE
30418,GB
30419,US
30420,US
30421,DE
30422,DE
30423,DE
30424,US
30425,GB
30426,CA
30427,CA
30428,US
30429,US
30430,CA
30431,CA
30432,US
30433,DE
30434,DE
30435,CA
30436,GB
30437,US
30438,US
30439,CA
30440,DE
30441,CA
30442,CA
30443,CA
30444,GB
30445,US
30446,DE
30447,US
30448,US
30449,CA
30450,US
30451,DE
30452,US
30453,DE
30454,GB
30455,US
30456,GB
30457,DE
30458,GB
30459,GB
30460,GB
30461,US
30462,DE
30463,CA
30464,CA
30465,GB
30466,US
30467,DE
30468,US
30469,DE
30470,GB
30471,US
30472,GB
30473,DE
30474,GB
30475,US
30476,CA
30477,DE
30478,US
30479,GB
30480,DE
30481,DE
30482,GB
30483,CA
30484,CA
30485,US
30486,DE
30487,GB
30488,CA
30489,CA
30490,CA
30491,GB
30492,CA
30493,CA
30494,DE
30495,CA
30496,GB
30497,US
30498,DE
30499,US
30500,US
30501,CA
30502,GB
30503,GB
30504,GB
30505,CA
30506,GB
30507,US
30508,DE
30509,US
30510,DE
30511,DE
30512,DE
30513,GB
30514,US
30515,DE
30516,DE
30517,DE
30518,CA
30519,GB
30520,DE
30521,DE
30522,GB
30523,DE
30524,GB
30525,US
30526,GB
30527,GB
30528,US
30529,CA
30530,CA
30531,DE
30532,CA
30533,US
30534,CA
30535,CA
30536,GB
30537,US
30538,US
30539,DE
30540,US
30541,US
30542,DE
30543,US
30544,DE
30545,US
30546,GB
30547,DE
30548,GB
30549,GB
30550,US
30551,GB
30552,CA
30553,CA
30554,DE
30555,GB
30556,DE
30557,CA
30558,CA
30559,DE
30560,GB
30561,US
30562,US
30563,DE
30564,US
30565,DE
30566,GB
30567,US
30568,GB
30569,CA
30570,US
30571,GB
30572,CA
30573,CA
30574,DE
30575,CA
30576,US
30577,DE
30578,DE
30579,GB
30580,CA
30581,DE
30582,US
30583,DE
30584,CA
30585,US
30586,US
30587,DE
30588,DE
30589,US
30590,US
30591,DE
30592,CA
30593,US
30594,DE
30595,GB
30596,DE
30597,GB
30598,DE
30599,CA
30600,CA
30601,CA
30602,GB
30603,CA
30604,DE
30605,DE
30606,DE
30607,GB
30608,CA
30609,CA
30610,CA
30611,US
30612,GB
30613,GB
30614,CA
30615,US
30616,DE
30617,US
30618,DE
30619,DE
30620,US
30621,US
30622,DE
30623,GB
30624,CA
30625,DE
30626,US
30627,CA
30628,CA
30629,GB
30630,US
30631,US
30632,DE
30633,US
30634,CA
30635,US
30636,CA
30637,DE
30638,CA
30639,CA
30640,DE
30641,US
30642,CA
30643,DE
30644,CA
30645,GB
30646,DE
30647,GB
30648,DE
30649,US
30650,DE
30651,DE
30652,US
30653,DE
30654,GB
30655,US
30656,DE
30657,DE
30658,US
30659,GB
30660,US
30661,US
30662,US
30663,DE
30664,DE
30665,DE
30666,US
30667,GB
30668,DE
30669,GB
30670,US
30671,GB
30672,CA
30673,DE
30674,GB
30675,DE
30676,GB
30677,US
30678,US
30679,DE
30680,US
30681,DE
30682,DE
30683,DE
30684,GB
30685,GB
30686,CA
30687,GB
30688,US
30689,GB
30690,GB
30691,GB
30692,US
30693,CA
30694,DE
30695,GB
30696,US
30697,US
30698,DE
30699,GB
30700,CA
30701,GB
30702,GB
30703,US
30704,DE
30705,CA
30706,DE
30707,DE
30708,GB
30709,GB
30710,US
30711,GB
30712,GB
30713,GB
30714,US
30715,GB
30716,DE
30717,CA
30718,DE
30719,GB
30720,CA
30721,DE
30722,US
30723,DE
30724,GB
30725,US
30726,CA
30727,CA
30728,DE
30729,GB
30730,CA
30731,GB
30732,DE
30733,US
30734,DE
30735,CA
30736,DE
30737,CA
30738,GB
30739,GB
30740,GB
30741,US
30742,GB
30743,CA
30744,GB
30745,US
30746,CA
30747,GB
30748,US
30749,US
30750,US
30751,DE
30752,US
30753,DE
30754,DE
30755,GB
30756,GB
30757,US
30758,US
30759,GB
30760,CA
30761,US
30762,CA
30763,GB
30764,US
30765,CA
30766,CA
30767,US
30768,US
30769,CA
30770,CA
30771,GB
30772,US
30773,US
30774,DE
30775,CA
30776,CA
30777,CA
30778,DE
30779,US
30780,CA
30781,GB
30782,CA
30783,CA
30784,US
30785,CA
30786,GB
30787,DE
30788,US
30789,US
30790,US
30791,CA
30792,DE
30793,DE
30794,DE
30795,DE
30796,CA
30797,CA
30798,GB
30799,GB
30800,US
30801,US
30802,GB
30803,CA
30804,CA
30805,CA
30806,GB
30807,DE
30808,DE
30809,DE
30810,DE
30811,GB
30812,CA
30813,CA
30814,GB
30815,US
30816,GB
30817,CA
30818,DE
30819,GB
30820,US
30821,CA
30822,US
30823,DE
30824,CA
30825,DE
30826,CA
30827,US
30828,CA
30829,GB
30830,DE
30831,CA
30832,US
30833,US
30834,DE
30835,CA
30836,US
30837,CA
30838,US
30839,CA
30840,US
30841,DE
30842,DE
30843,US
30844,US
30845,US
30846,CA
30847,GB
30848,CA
30849,CA
30850,US
30851,DE
30852,US
30853,DE
30854,DE
30855,GB
30856,GB
30857,US
30858,DE
30859,CA
30860,GB
30861,GB
30862,DE
30863,DE
30864,CA
30865,US
30866,GB
30867,GB
30868,CA
30869,CA
30870,CA
30871,US
30872,CA
30873,CA
30874,DE
30875,GB
30876,DE
30877,DE
30878,GB
30879,GB
30880,DE
30881,GB
30882,US
30883,US
30884,DE
30885,DE
30886,GB
30887,US
30888,US
30889,CA
30890,DE
30891,DE
30892,US
30893,US
30894,CA
30895,US
30896,CA
30897,US
30898,US
30899,CA
30900,DE
30901,CA
30902,US
30903,US
30904,CA
30905,US
30906,GB
30907,CA
30908,US
30909,DE
30910,CA
30911,CA
30912,DE
30913,US
30914,DE
30915,US
30916,DE
30917,DE
30918,US
30919,DE
30920,US
30921,CA
30922,CA
30923,DE
30924,GB
30925,GB
30926,GB
30927,US
30928,GB
30929,GB
30930,GB
30931,CA
30932,US
30933,US
30934,GB
30935,DE
30936,US
30937,CA
30938,US
30939,DE
30940,GB
30941,DE
30942,GB
30943,DE
30944,CA
30945,US
30946,GB
30947,DE
30948,US
30949,GB
30950,US
30951,CA
30952,GB
30953,CA
30954,US
30955,GB
30956,DE
30957,DE
30958,DE
30959,CA
30960,GB
30961,DE
30962,GB
30963,US
30964,US
30965,GB
30966,US
30967,US
30968,GB
30969,GB
30970,US
30971,DE
30972,CA
30973,GB
30974,GB
30975,US
30976,GB
30977,GB
30978,CA
30979,GB
30980,GB
30981,CA
30982,CA
30983,CA
30984,DE
30985,CA
30986,GB
30987,GB
30988,GB
30989,CA
30990,CA
30991,GB
30992,US
30993,GB
30994,GB
30995,GB
30996,DE
30997,DE
30998,US
30999,CA
31000,DE
31001,CA
31002,GB
31003,US
31004,US
31005,GB
31006,DE
31007,GB
31008,US
31009,GB
31010,CA
31011,US
31012,CA
31013,CA
31014,CA
31015,DE
31016,CA
31017,GB
31018,GB
31019,CA
31020,CA
31021,GB
31022,US
31023,US
31024,GB
31025,GB
31026,DE
31027,US
31028,CA
31029,GB
31030,GB
31031,US
31032,US
31033,CA
31034,GB
31035,US
31036,US
31037,US
31038,CA
31039,DE
31040,DE
31041,CA
31042,CA
31043,GB
31044,DE
31045,US
31046,US
31047,US
31048,DE
31049,CA
31050,CA
31051,DE
31052,CA
31053,DE
31054,US
31055,DE
31056,CA
31057,DE
31058,US
31059,DE
31060,DE
31061,CA
31062,DE
31063,US
31064,DE
31065,US
31066,DE
31067,US
31068,DE
31069,CA
31070,CA
31071,GB
31072,US
31073,DE
31074,CA
31075,GB
31076,GB
31077,US
31078,GB
31079,US
31080,CA
31081,DE
31082,CA
31083,US
31084,DE
31085,DE
31086,CA
31087,DE
31088,CA
31089,DE
31090,DE
31091,CA
31092,GB
31093,CA
31094,CA
31095,GB
31096,US
31097,GB
31098,US
31099,GB
31100,DE
31101,CA
31102,CA
31103,CA
31104,US
31105,GB
31106,CA
31107,CA
31108,GB
31109,GB
31110,CA
31111,GB
31112,DE
31113,DE
31114,GB
31115,GB
31116,GB
31117,CA
31118,GB
31119,CA
31120,CA
31121,CA
31122,CA
31123,US
31124,DE
31125,CA
31126,CA
31127,GB
31128,DE
31129,US
31130,US
31131,US
31132,DE
31133,CA
31134,DE
31135,US
31136,GB
31137,CA
31138,US
31139,US
31140,GB
31141,CA
31142,DE
31143,DE
31144,US
31145,DE
31146,DE
31147,CA
31148,DE
31149,US
31150,GB
31151,CA
31152,US
31153,GB
31154,CA
31155,GB
31156,DE
31157,CA
31158,GB
31159,DE
31160,CA
31161,DE
31162,US
31163,CA
31164,US
31165,CA
31166,GB
31167,CA
31168,DE
31169,GB
31170,US
31171,DE
31172,CA
31173,US
31174,US
31175,CA
31176,US
31177,US
31178,CA
31179,US
31180,CA
31181,US
31182,CA
31183,US
31184,CA
31185,GB
31186,US
31187,US
31188,DE
31189,GB
31190,DE
31191,DE
31192,US
31193,CA
31194,CA
31195,DE
31196,GB
31197,GB
31198,GB
31199,GB
31200,US
31201,GB
31202,GB
31203,CA
31204,CA
31205,US
31206,US
31207,GB
31208,US
31209,GB
31210,US
31211,GB
31212,DE
31213,US
31214,CA
31215,DE
31216,DE
31217,GB
31218,CA
31219,GB
31220,CA
31221,GB
31222,US
31223,GB
31224,DE
31225,CA
31226,DE
31227,DE
31228,GB
31229,CA
31230,GB
31231,CA
31232,GB
31233,GB
31234,CA
31235,GB
31236,CA
31237,GB
31238,GB
31239,CA
31240,US
31241,CA
31242,CA
31243,GB
31244,GB
31245,DE
31246,US
31247,CA
31248,DE
31249,GB
31250,DE
31251,GB
31252,CA
31253,DE
31254,US
31255,DE
31256,US
31257,GB
31258,DE
31259,CA
31260,CA
31261,CA
31262,CA
31263,CA
31264,GB
31265,DE
31266,US
31267,CA
31268,GB
31269,CA
31270,CA
31271,GB
31272,DE
31273,CA
31274,US
31275,GB
31276,CA
31277,DE
31278,US
31279,DE
31280,DE
31281,US
31282,CA
31283,US
31284,DE
31285,GB
31286,DE
31287,DE
31288,DE
31289,GB
31290,GB
31291,CA
31292,DE
31293,DE
31294,DE
31295,DE
31296,CA
31297,CA
31298,GB
31299,US
31300,CA
31301,CA
31302,DE
31303,CA
31304,DE
31305,DE
31306,US
31307,DE
31308,US
31309,GB
31310,CA
31311,GB
31312,GB
31313,US
31314,CA
31315,CA
31316,DE
31317,CA
31318,CA
31319,US
31320,US
31321,US
31322,DE
31323,CA
31324,DE
31325,DE
31326,CA
31327,CA
31328,DE
31329,GB
31330,US
31331,US
31332,US
31333,GB
31334,DE
31335,GB
31336,CA
31337,CA
31338,US
31339,GB
31340,CA
31341,GB
31342,DE
31343,CA
31344,CA
31345,GB
31346,DE
31347,US
31348,DE
31349,CA
31350,US
31351,US
31352,US
31353,GB
31354,CA
31355,CA
31356,US
31357,DE
31358,DE
31359,GB
31360,CA
31361,CA
31362,US
31363,DE
31364,DE
31365,US
31366,US
31367,US
31368,US
31369,CA
31370,GB
31371,GB
31372,CA
31373,CA
31374,CA
31375,DE
31376,CA
31377,CA
31378,GB
31379,GB
31380,US
31381,DE
31382,US
31383,US
31384,DE
31385,GB
31386,CA
31387,DE
31388,CA
31389,DE
31390,DE
31391,DE
31392,DE
31393,CA
31394,DE
31395,US
31396,US
31397,DE
31398,CA
31399,DE
31400,DE
31401,GB
31402,DE
31403,GB
31404,CA
31405,DE
31406,GB
31407,GB
31408,CA
31409,GB
31410,DE
31411,US
31412,CA
31413,GB
31414,US
31415,US
31416,CA
31417,GB
31418,CA
31419,CA
31420,CA
31421,US
31422,CA
31423,CA
31424,DE
31425,DE
31426,DE
31427,CA
31428,GB
31429,DE
31430,GB
31431,GB
31432,US
31433,DE
31434,US
31435,DE
31436,GB
31437,GB
31438,CA
31439,GB
31440,US
31441,GB
31442,US
31443,GB
31444,DE
31445,DE
31446,US
31447,US
31448,CA
31449,CA
31450,US
31451,GB
31452,US
31453,US
31454,US
31455,US
31456,CA
31457,DE
31458,DE
31459,CA
31460,GB
31461,DE
31462,CA
31463,GB
31464,GB
31465,DE
31466,CA
31467,GB
31468,DE
31469,CA
31470,DE
31471,CA
31472,CA
31473,DE
31474,US
31475,DE
31476,GB
31477,GB
31478,CA
31479,DE
31480,GB
31481,US
31482,GB
31483,CA
31484,DE
31485,DE
31486,US
31487,CA
31488,GB
31489,US
31490,GB
31491,CA
31492,DE
31493,US
31494,GB
31495,GB
31496,DE
31497,GB
31498,GB
31499,US
31500,GB
31501,GB
31502,GB
31503,US
31504,US
31505,US
31506,DE
31507,US
31508,CA
31509,GB
31510,CA
31511,DE
31512,DE
31513,CA
31514,US
31515,CA
31516,US
31517,GB
31518,DE
31519,GB
31520,DE
31521,DE
31522,DE
31523,CA
31524,CA
31525,GB
31526,CA
31527,US
31528,GB
31529,US
31530,CA
31531,DE
31532,CA
31533,GB
31534,US
31535,US
31536,DE
31537,GB
31538,GB
31539,GB
31540,DE
31541,GB
31542,GB
31543,DE
31544,US
31545,CA
31546,GB
31547,US
31548,DE
31549,GB
31550,US
31551,CA
31552,US
31553,DE
31554,GB
31555,GB
31556,GB
31557,DE
31558,DE
31559,GB
31560,US
31561,GB
31562,GB
31563,CA
31564,CA
31565,GB
31566,GB
31567,US
31568,US
31569,DE
31570,DE
31571,DE
31572,CA
31573,US
31574,US
31575,CA
31576,DE
31577,DE
31578,US
31579,DE
31580,GB
31581,DE
31582,DE
31583,GB
31584,DE
31585,GB
31586,US
31587,GB
31588,DE
31589,US
31590,US
31591,US
31592,US
31593,GB
31594,US
31595,GB
31596,US
31597,GB
31598,DE
31599,DE
31600,US
31601,GB
31602,CA
31603,GB
31604,CA
31605,DE
31606,GB
31607,US
31608,GB
31609,US
31610,DE
31611,DE
31612,CA
31613,CA
31614,US
31615,US
31616,CA
31617,GB
31618,CA
31619,GB
31620,GB
31621,DE
31622,DE
31623,GB
31624,DE
31625,GB
31626,DE
31627,GB
31628,GB
31629,DE
31630,US
31631,GB
31632,GB
31633,DE
31634,GB
31635,US
31636,US
31637,US
31638,CA
31639,DE
31640,DE
31641,GB
31642,US
31643,US
31644,CA
31645,US
31646,CA
31647,CA
31648,GB
31649,DE
31650,DE
31651,GB
31652,US
31653,GB
31654,US
31655,CA
31656,US
31657,CA
31658,DE
31659,US
31660,CA
31661,US
31662,GB
31663,CA
31664,GB
31665,GB
31666,GB
31667,GB
31668,US
31669,DE
31670,GB
31671,GB
31672,DE
31673,CA
31674,GB
31675,DE
31676,GB
31677,DE
31678,GB
31679,US
31680,CA
31681,US
31682,CA
31683,US
31684,DE
31685,DE
31686,US
31687,DE
31688,US
31689,CA
31690,DE
31691,CA
31692,DE
31693,US
31694,US
31695,US
31696,GB
31697,CA
31698,DE
31699,DE
31700,DE
31701,GB
31702,CA
31703,GB
31704,CA
31705,CA
31706,DE
31707,DE
31708,US
31709,GB
31710,GB
31711,GB
31712,US
31713,DE
31714,US
31715,DE
31716,US
31717,US
31718,DE
31719,GB
31720,GB
31721,US
31722,GB
31723,GB
31724,DE
31725,DE
31726,CA
31727,DE
31728,CA
31729,CA
31730,US
31731,US
31732,US
31733,US
31734,CA
31735,DE
31736,US
31737,GB
31738,CA
31739,CA
31740,GB
31741,CA
31742,DE
31743,GB
31744,US
31745,CA
31746,US
31747,GB
31748,CA
31749,DE
31750,DE
31751,DE
31752,US
31753,GB
31754,CA
31755,GB
31756,DE
31757,CA
31758,DE
31759,GB
31760,US
31761,CA
31762,US
31763,DE
31764,GB
31765,US
31766,US
31767,CA
31768,US
31769,US
31770,CA
31771,CA
31772,US
31773,US
31774,DE
31775,US
31776,DE
31777,CA
31778,US
31779,CA
31780,DE
31781,US
31782,DE
31783,DE
31784,DE
31785,GB
31786,US
31787,DE
31788,DE
31789,DE
31790,US
31791,DE
31792,GB
31793,DE
31794,US
31795,US
31796,DE
31797,CA
31798,US
31799,CA
31800,US
31801,GB
31802,DE
31803,GB
31804,DE
31805,DE
31806,GB
31807,US
31808,DE
31809,CA
31810,US
31811,US
31812,CA
31813,CA
31814,CA
31815,US
31816,GB
31817,US
31818,CA
31819,DE
31820,GB
31821,CA
31822,US
31823,CA
31824,DE
31825,DE
31826,GB
31827,CA
31828,CA
31829,CA
31830,DE
31831,US
31832,GB
31833,US
31834,US
31835,US
31836,DE
31837,DE
31838,DE
31839,DE
31840,CA
31841,DE
31842,DE
31843,GB
31844,US
31845,GB
31846,DE
31847,CA
31848,DE
31849,US
31850,DE
31851,DE
31852,GB
31853,US
31854,CA
31855,US
31856,US
31857,GB
31858,US
31859,CA
31860,US
31861,CA
31862,US
31863,DE
31864,CA
31865,CA
31866,DE
31867,GB
31868,CA
31869,US
31870,GB
31871,DE
31872,DE
31873,DE
31874,US
31875,US
31876,CA
31877,US
31878,US
31879,DE
31880,GB
31881,DE
31882,US
31883,DE
31884,CA
31885,DE
31886,CA
31887,CA
31888,DE
31889,US
31890,DE
31891,US
31892,US
31893,GB
31894,US
31895,GB
31896,US
31897,GB
31898,DE
31899,GB
31900,US
31901,CA
31902,DE
31903,DE
31904,CA
31905,CA
31906,US
31907,US
31908,GB
31909,US
31910,GB
31911,US
31912,DE
31913,CA
31914,US
31915,CA
31916,CA
31917,DE
31918,DE
31919,CA
31920,DE
31921,GB
31922,US
31923,GB
31924,DE
31925,DE
31926,US
31927,DE
31928,DE
31929,US
31930,DE
31931,DE
31932,US
31933,US
31934,US
31935,CA
31936,CA
31937,US
31938,GB
31939,US
31940,GB
31941,GB
31942,US
31943,DE
31944,GB
31945,CA
31946,DE
31947,US
31948,CA
31949,US
31950,DE
31951,US
31952,GB
31953,DE
31954,US
31955,US
31956,US
31957,US
31958,GB
31959,GB
31960,DE
31961,US
31962,US
31963,GB
31964,CA
31965,GB
31966,DE
31967,US
31968,DE
31969,GB
31970,US
31971,GB
31972,DE
31973,DE
31974,CA
31975,CA
31976,GB
31977,DE
31978,DE
31979,GB
31980,US
31981,US
31982,US
31983,GB
31984,DE
31985,US
31986,GB
31987,GB
31988,GB
31989,US
31990,DE
31991,GB
31992,DE
31993,GB
31994,CA
31995,US
31996,CA
31997,GB
31998,DE
31999,DE
32000,GB
32001,US
32002,GB
32003,DE
32004,CA
32005,US
32006,DE
32007,US
32008,GB
32009,US
32010,US
32011,DE
32012,DE
32013,GB
32014,GB
32015,US
32016,CA
32017,GB
32018,US
32019,CA
32020,GB
32021,CA
32022,GB
32023,GB
32024,DE
32025,GB
32026,US
32027,DE
32028,DE
32029,GB
32030,US
32031,GB
32032,CA
32033,CA
32034,DE
32035,DE
32036,DE
32037,GB
32038,DE
32039,GB
32040,US
32041,US
32042,US
32043,DE
32044,DE
32045,CA
32046,DE
32047,DE
32048,US
32049,GB
32050,GB
32051,GB
32052,CA
32053,US
32054,DE
32055,CA
32056,DE
32057,GB
32058,GB
32059,GB
32060,GB
32061,CA
32062,GB
32063,DE
32064,CA
32065,DE
32066,GB
32067,DE
32068,US
32069,GB
32070,DE
32071,US
32072,GB
32073,GB
32074,DE
32075,CA
32076,US
32077,US
32078,GB
32079,US
32080,US
32081,CA
32082,GB
32083,US
32084,DE
32085,US
32086,GB
32087,GB
32088,US
32089,US
32090,CA
32091,US
32092,CA
32093,US
32094,CA
32095,US
32096,CA
32097,DE
32098,US
32099,GB
32100,DE
32101,CA
32102,GB
32103,CA
32104,CA
32105,DE
32106,GB
32107,GB
32108,CA
32109,US
32110,US
32111,DE
32112,DE
32113,US
32114,DE
32115,DE
32116,GB
32117,DE
32118,GB
32119,CA
32120,GB
32121,DE
32122,DE
32123,DE
32124,CA
32125,CA
32126,US
32127,CA
32128,DE
32129,CA
32130,DE
32131,DE
32132,US
32133,US
32134,GB
32135,DE
32136,CA
32137,CA
32138,GB
32139,CA
32140,DE
32141,DE
32142,CA
32143,GB
32144,DE
32145,DE
32146,GB
32147,US
32148,DE
32149,DE
32150,CA
32151,CA
32152,GB
32153,US
32154,CA
32155,DE
32156,GB
32157,US
32158,DE
32159,DE
32160,GB
32161,US
32162,US
32163,US
32164,US
32165,DE
32166,US
32167,DE
32168,CA
32169,GB
32170,US
32171,GB
32172,US
32173,US
32174,US
32175,CA
32176,DE
32177,US
32178,US
32179,GB
32180,GB
32181,DE
32182,DE
32183,DE
32184,US
32185,GB
32186,CA
32187,CA
32188,DE
32189,US
32190,US
32191,US
32192,GB
32193,DE
32194,CA
32195,CA
32196,US
32197,CA
32198,US
32199,US
32200,GB
32201,GB
32202,CA
32203,US
32204,US
32205,US
32206,GB
32207,CA
32208,US
32209,US
32210,DE
32211,GB
32212,GB
32213,DE
32214,GB
32215,US
32216,CA
32217,GB
32218,GB
32219,DE
32220,GB
32221,GB
32222,US
32223,US
32224,DE
32225,US
32226,DE
32227,US
32228,US
32229,GB
32230,DE
32231,CA
32232,DE
32233,DE
32234,CA
32235,GB
32236,GB
32237,CA
32238,DE
32239,CA
32240,CA
32241,DE
32242,DE
32243,DE
32244,DE
32245,GB
32246,US
32247,US
32248,CA
32249,US
32250,US
32251,US
32252,US
32253,DE
32254,US
32255,DE
32256,GB
32257,GB
32258,GB
32259,GB
32260,GB
32261,US
32262,GB
32263,CA
32264,GB
32265,GB
32266,US
32267,CA
32268,GB
32269,US
32270,CA
32271,CA
32272,GB
32273,US
32274,US
32275,US
32276,DE
32277,DE
32278,GB
32279,US
32280,GB
32281,US
32282,DE
32283,DE
32284,GB
32285,CA
32286,US
32287,US
32288,DE
32289,DE
32290,US
32291,US
32292,DE
32293,GB
32294,GB
32295,CA
32296,CA
32297,GB
32298,CA
32299,CA
32300,GB
32301,DE
32302,GB
32303,US
32304,DE
32305,CA
32306,US
32307,GB
32308,GB
32309,GB
32310,CA
32311,GB
32312,US
32313,GB
32314,CA
32315,US
32316,CA
32317,DE
32318,US
32319,GB
32320,DE
32321,CA
32322,CA
32323,CA
32324,GB
32325,CA
32326,GB
32327,US
32328,US
32329,DE
32330,US
32331,DE
32332,DE
32333,GB
32334,DE
32335,CA
32336,GB
32337,US
32338,US
32339,US
32340,DE
32341,US
32342,US
32343,GB
32344,CA
32345,CA
32346,GB
32347,GB
32348,CA
32349,CA
32350,CA
32351,US
32352,DE
32353,DE
32354,GB
32355,GB
32356,DE
32357,CA
32358,DE
32359,US
32360,US
32361,GB
32362,US
32363,GB
32364,US
32365,US
32366,US
32367,GB
32368,GB
32369,GB
32370,US
32371,US
32372,GB
32373,US
32374,GB
32375,US
32376,CA
32377,US
32378,GB
32379,DE
32380,US
32381,GB
32382,GB
32383,DE
32384,US
32385,US
32386,DE
32387,CA
32388,CA
32389,GB
32390,GB
32391,US
32392,US
32393,DE
32394,DE
32395,US
32396,GB
32397,DE
32398,DE
32399,US
32400,GB
32401,US
32402,CA
32403,DE
32404,CA
32405,DE
32406,GB
32407,DE
32408,DE
32409,CA
32410,CA
32411,US
32412,US
32413,CA
32414,US
32415,CA
32416,US
32417,DE
32418,GB
32419,CA
32420,CA
32421,GB
32422,GB
32423,GB
32424,DE
32425,DE
32426,GB
32427,US
32428,GB
32429,US
32430,DE
32431,CA
32432,CA
32433,CA
32434,CA
32435,CA
32436,DE
32437,US
32438,DE
32439,DE
32440,GB
32441,CA
32442,CA
32443,DE
32444,DE
32445,US
32446,US
32447,GB
32448,DE
32449,DE
32450,CA
32451,CA
32452,US
32453,GB
32454,CA
32455,US
32456,GB
32457,GB
32458,US
32459,GB
32460,GB
32461,DE
32462,DE
32463,DE
32464,GB
32465,DE
32466,GB
32467,CA
32468,DE
32469,GB
32470,DE
32471,CA
32472,US
32473,DE
32474,CA
32475,US
32476,US
32477,GB
32478,US
32479,GB
32480,US
32481,GB
32482,CA
32483,GB
32484,DE
32485,US
32486,DE
32487,DE
32488,GB
32489,US
32490,GB
32491,DE
32492,CA
32493,GB
32494,DE
32495,DE
32496,US
32497,GB
32498,US
32499,CA
32500,CA
32501,US
32502,CA
32503,DE
32504,CA
32505,US
32506,CA
32507,CA
32508,DE
32509,DE
32510,CA
32511,GB
32512,CA
32513,US
32514,US
32515,CA
32516,CA
32517,DE
32518,US
32519,US
32520,DE
32521,DE
32522,DE
32523,GB
32524,CA
32525,US
32526,US
32527,US
32528,GB
32529,US
32530,DE
32531,GB
32532,DE
32533,GB
32534,US
32535,CA
32536,US
32537,DE
32538,CA
32539,US
32540,GB
32541,DE
32542,GB
32543,CA
32544,CA
32545,DE
32546,US
32547,US
32548,US
32549,CA
32550,US
32551,DE
32552,CA
32553,US
32554,CA
32555,DE
32556,DE
32557,CA
32558,CA
32559,DE
32560,US
32561,DE
32562,CA
32563,US
32564,CA
32565,US
32566,DE
32567,CA
32568,DE
32569,US
32570,DE
32571,US
32572,DE
32573,US
32574,CA
32575,GB
32576,CA
32577,DE
32578,GB
32579,CA
32580,GB
32581,DE
32582,DE
32583,GB
32584,CA
32585,CA
32586,US
32587,US
32588,DE
32589,DE
32590,US
32591,CA
32592,GB
32593,CA
32594,US
32595,GB
32596,CA
32597,CA
32598,GB
32599,GB
32600,DE
32601,CA
32602,DE
32603,DE
32604,US
32605,CA
32606,GB
32607,US
32608,CA
32609,DE
32610,US
32611,GB
32612,DE
32613,US
32614,DE
32615,DE
32616,US
32617,CA
32618,US
32619,DE
32620,DE
32621,DE
32622,GB
32623,GB
32624,GB
32625,DE
32626,CA
32627,GB
32628,DE
32629,CA
32630,GB
32631,US
32632,US
32633,DE
32634,DE
32635,DE
32636,GB
32637,GB
32638,CA
32639,GB
32640,CA
32641,DE
32642,CA
32643,DE
32644,DE
32645,US
32646,US
32647,US
32648,GB
32649,DE
32650,CA
32651,US
32652,CA
32653,GB
32654,DE
32655,CA
32656,GB
32657,GB
32658,CA
32659,GB
32660,CA
32661,DE
32662,US
32663,GB
32664,DE
32665,CA
32666,GB
32667,GB
32668,US
32669,CA
32670,CA
32671,DE
32672,US
32673,CA
32674,GB
32675,DE
32676,DE
32677,GB
32678,DE
32679,CA
32680,US
32681,DE
32682,GB
32683,US
32684,US
32685,DE
32686,GB
32687,CA
32688,US
32689,GB
32690,US
32691,CA
32692,GB
32693,US
32694,US
32695,DE
32696,DE
32697,DE
32698,US
32699,US
32700,DE
32701,GB
32702,GB
32703,DE
32704,GB
32705,US
32706,CA
32707,GB
32708,US
32709,DE
32710,CA
32711,CA
32712,US
32713,CA
32714,DE
32715,GB
32716,GB
32717,GB
32718,CA
32719,DE
32720,CA
32721,CA
32722,CA
32723,CA
32724,DE
32725,GB
32726,US
32727,GB
32728,DE
32729,US
32730,CA
32731,CA
32732,CA
32733,DE
32734,US
32735,GB
32736,CA
32737,DE
32738,GB
32739,DE
32740,CA
32741,DE
32742,DE
32743,GB
32744,CA
32745,US
32746,CA
32747,US
32748,CA
32749,DE
32750,US
32751,GB
32752,CA
32753,CA
32754,GB
32755,DE
32756,US
32757,DE
32758,DE
32759,US
32760,US
32761,CA
32762,DE
32763,DE
32764,CA
32765,US
32766,GB
32767,US
32768,CA
32769,US
32770,US
32771,GB
32772,US
32773,GB
32774,GB
32775,US
32776,US
32777,GB
32778,GB
32779,US
32780,US
32781,US
32782,GB
32783,DE
32784,US
32785,GB
32786,DE
32787,DE
32788,US
32789,GB
32790,US
32791,GB
32792,GB
32793,US
32794,US
32795,GB
32796,GB
32797,US
32798,GB
32799,US
32800,US
32801,DE
32802,GB
32803,US
32804,DE
32805,CA
32806,CA
32807,CA
32808,CA
32809,CA
32810,US
32811,DE
32812,GB
32813,GB
32814,GB
32815,GB
32816,CA
32817,GB
32818,DE
32819,DE
32820,US
32821,DE
32822,US
32823,GB
32824,DE
32825,GB
32826,GB
32827,GB
32828,GB
32829,GB
32830,DE
32831,DE
32832,GB
32833,CA
32834,GB
32835,US
32836,DE
32837,US
32838,DE
32839,DE
32840,DE
32841,GB
32842,CA
32843,US
32844,US
32845,DE
32846,US
32847,US
32848,DE
32849,CA
32850,DE
32851,DE
32852,GB
32853,CA
32854,DE
32855,CA
32856,US
32857,US
32858,DE
32859,GB
32860,US
32861,US
32862,DE
32863,GB
32864,US
32865,CA
32866,DE
32867,DE
32868,DE
32869,CA
32870,GB
32871,GB
32872,US
32873,CA
32874,CA
32875,DE
32876,GB
32877,CA
32878,DE
32879,DE
32880,GB
32881,GB
32882,CA
32883,US
32884,CA
32885,US
32886,CA
32887,DE
32888,US
32889,CA
32890,DE
32891,US
32892,DE
32893,GB
32894,CA
32895,US
32896,GB
32897,CA
32898,DE
32899,DE
32900,CA
32901,US
32902,US
32903,DE
32904,DE
32905,GB
32906,US
32907,US
32908,US
32909,GB
32910,US
32911,US
32912,US
32913,CA
32914,GB
32915,GB
32916,GB
32917,GB
32918,DE
32919,DE
32920,CA
32921,CA
32922,CA
32923,US
32924,CA
32925,GB
32926,DE
32927,CA
32928,CA
32929,CA
32930,GB
32931,US
32932,US
32933,CA
32934,DE
32935,CA
32936,GB
32937,GB
32938,DE
32939,US
32940,DE
32941,DE
32942,GB
32943,US
32944,CA
32945,DE
32946,GB
32947,GB
32948,CA
32949,DE
32950,GB
32951,DE
32952,GB
32953,GB
32954,GB
32955,CA
32956,CA
32957,GB
32958,GB
32959,CA
32960,US
32961,US
32962,US
32963,DE
32964,DE
32965,CA
32966,CA
32967,GB
32968,CA
32969,CA
32970,GB
32971,US
32972,GB
32973,CA
32974,DE
32975,CA
32976,US
32977,CA
32978,DE
32979,DE
32980,GB
32981,US
32982,CA
32983,DE
32984,GB
32985,DE
32986,GB
32987,CA
32988,GB
32989,GB
32990,GB
32991,DE
32992,CA
32993,GB
32994,US
32995,DE
32996,US
32997,CA
32998,DE
32999,DE
33000,GB
33001,CA
33002,DE
33003,DE
33004,DE
33005,DE
33006,GB
33007,DE
33008,CA
33009,GB
33010,DE
33011,CA
33012,CA
33013,US
33014,DE
33015,GB
33016,US
33017,US
33018,GB
33019,DE
33020,CA
33021,GB
33022,DE
33023,DE
33024,GB
33025,DE
33026,GB
33027,US
33028,US
33029,US
33030,US
33031,US
33032,GB
33033,DE
33034,DE
33035,DE
33036,DE
33037,DE
33038,US
33039,GB
33040,CA
33041,DE
33042,DE
33043,CA
33044,CA
33045,GB
33046,CA
33047,GB
33048,DE
33049,CA
33050,GB
33051,DE
33052,CA
33053,GB
33054,CA
33055,CA
33056,DE
33057,DE
33058,US
33059,CA
33060,DE
33061,GB
33062,US
33063,US
33064,US
33065,CA
33066,CA
33067,CA
33068,CA
33069,GB
33070,CA
33071,CA
33072,DE
33073,GB
33074,US
33075,GB
33076,DE
33077,DE
33078,DE
33079,GB
33080,DE
33081,DE
33082,GB
33083,DE
33084,US
33085,CA
33086,DE
33087,CA
33088,US
33089,DE
33090,CA
33091,CA
33092,CA
33093,US
33094,DE
33095,CA
33096,GB
33097,DE
33098,GB
33099,DE
33100,DE
33101,US
33102,US
33103,DE
33104,GB
33105,CA
33106,US
33107,US
33108,GB
33109,US
33110,DE
33111,US
33112,DE
33113,DE
33114,CA
33115,US
33116,GB
33117,DE
33118,CA
33119,GB
33120,US
33121,DE
33122,CA
33123,DE
33124,US
33125,DE
33126,GB
33127,DE
33128,US
33129,CA
33130,CA
33131,CA
33132,GB
33133,DE
33134,CA
33135,DE
33136,GB
33137,US
33138,CA
33139,CA
33140,GB
33141,DE
33142,US
33143,CA
33144,US
33145,DE
33146,GB
33147,US
33148,GB
33149,US
33150,GB
33151,CA
33152,DE
33153,US
33154,GB
33155,US
33156,GB
33157,DE
33158,DE
33159,GB
33160,US
33161,US
33162,DE
33163,GB
33164,CA
33165,DE
33166,US
33167,US
33168,US
33169,GB
33170,CA
33171,GB
33172,CA
33173,GB
33174,DE
33175,US
33176,GB
33177,US
33178,DE
33179,CA
33180,US
33181,DE
33182,CA
33183,US
33184,GB
33185,CA
33186,DE
33187,CA
33188,DE
33189,DE
33190,CA
33191,DE
33192,DE
33193,US
33194,US
33195,GB
33196,GB
33197,GB
33198,US
33199,CA
33200,US
33201,US
33202,US
33203,CA
33204,US
33205,GB
33206,US
33207,GB
33208,US
33209,GB
33210,US
33211,GB
33212,CA
33213,GB
33214,DE
33215,DE
33216,DE
33217,CA
33218,DE
33219,US
33220,GB
33221,GB
33222,US
33223,DE
33224,DE
33225,US
33226,CA
33227,US
33228,GB
33229,US
33230,CA
33231,DE
33232,DE
33233,GB
33234,DE
33235,US
33236,DE
33237,CA
33238,CA
33239,US
33240,US
33241,US
33242,GB
33243,US
33244,GB
33245,DE
33246,GB
33247,US
33248,GB
33249,CA
33250,GB
33251,CA
33252,CA
33253,US
33254,CA
33255,US
33256,CA
33257,GB
33258,GB
33259,DE
33260,US
33261,DE
33262,DE
33263,GB
33264,CA
33265,CA
33266,DE
33267,US
33268,US
33269,US
33270,GB
33271,DE
33272,GB
33273,DE
33274,DE
33275,CA
33276,DE
33277,DE
33278,DE
33279,US
33280,CA
33281,GB
33282,DE
33283,GB
33284,GB
33285,GB
33286,US
33287,DE
33288,CA
33289,GB
33290,CA
33291,CA
33292,CA
33293,CA
33294,CA
33295,GB
33296,DE
33297,GB
33298,DE
33299,US
33300,US
33301,DE
33302,DE
33303,US
33304,DE
33305,GB
33306,CA
33307,US
33308,CA
33309,US
33310,DE
33311,GB
33312,GB
33313,GB
33314,US
33315,DE
33316,CA
33317,CA
33318,DE
33319,US
33320,GB
33321,US
33322,GB
33323,DE
33324,CA
33325,GB
33326,CA
33327,CA
33328,US
33329,US
33330,CA
33331,GB
33332,DE
33333,US
33334,US
33335,US
33336,DE
33337,CA
33338,GB
33339,CA
33340,CA
33341,GB
33342,US
33343,CA
33344,DE
33345,CA
33346,DE
33347,DE
33348,DE
33349,US
33350,CA
33351,US
33352,GB
33353,GB
33354,US
33355,US
33356,DE
33357,CA
33358,CA
33359,DE
33360,US
33361,GB
33362,GB
33363,CA
33364,GB
33365,DE
33366,CA
33367,DE
33368,DE
33369,CA
33370,DE
33371,DE
33372,CA
33373,CA
33374,CA
33375,DE
33376,GB
33377,DE
33378,CA
33379,GB
33380,GB
33381,DE
33382,GB
33383,CA
33384,DE
33385,US
33386,GB
33387,GB
33388,GB
33389,DE
33390,GB
33391,US
33392,CA
33393,US
33394,US
33395,DE
33396,CA
33397,GB
33398,GB
33399,US
33400,DE
33401,CA
33402,US
33403,US
33404,US
33405,DE
33406,CA
33407,GB
33408,CA
33409,US
33410,DE
33411,CA
33412,US
33413,US
33414,DE
33415,GB
33416,US
33417,DE
33418,GB
33419,GB
33420,CA
33421,DE
33422,CA
33423,DE
33424,US
33425,US
33426,DE
33427,DE
33428,US
33429,CA
33430,DE
33431,CA
33432,CA
33433,CA
33434,DE
33435,US
33436,GB
33437,US
33438,CA
33439,US
33440,US
33441,DE
33442,GB
33443,GB
33444,CA
33445,CA
33446,CA
33447,US
33448,DE
33449,CA
33450,US
33451,DE
33452,GB
33453,GB
33454,GB
33455,GB
33456,CA
33457,GB
33458,GB
33459,US
33460,US
33461,GB
33462,GB
33463,CA
33464,CA
33465,CA
33466,US
33467,GB
33468,DE
33469,DE
33470,CA
33471,GB
33472,CA
33473,DE
33474,CA
33475,GB
33476,US
33477,US
33478,GB
33479,DE
33480,US
33481,GB
33482,DE
33483,DE
33484,US
33485,DE
33486,US
33487,DE
33488,US
33489,CA
33490,US
33491,US
33492,CA
33493,CA
33494,US
33495,DE
33496,CA
33497,GB
33498,DE
33499,GB
33500,US
33501,CA
33502,DE
33503,US
33504,GB
33505,CA
33506,DE
33507,DE
33508,DE
33509,CA
33510,US
33511,GB
33512,DE
33513,DE
33514,US
33515,US
33516,CA
33517,CA
33518,DE
33519,US
33520,GB
33521,US
33522,GB
33523,DE
33524,GB
33525,US
33526,GB
33527,DE
33528,US
33529,US
33530,US
33531,GB
33532,DE
33533,GB
33534,DE
33535,DE
33536,DE
33537,CA
33538,DE
33539,CA
33540,CA
33541,GB
33542,US
33543,GB
33544,DE
33545,US
33546,CA
33547,US
33548,DE
33549,DE
33550,CA
33551,DE
33552,GB
33553,DE
33554,CA
33555,DE
33556,US
33557,CA
33558,US
33559,CA
33560,CA
33561,DE
33562,CA
33563,CA
33564,US
33565,GB
33566,CA
33567,DE
33568,GB
33569,CA
33570,GB
33571,US
33572,CA
33573,DE
33574,DE
33575,CA
33576,GB
33577,DE
33578,DE
33579,DE
33580,GB
33581,GB
33582,CA
33583,US
33584,DE
33585,GB
33586,GB
33587,DE
33588,GB
33589,US
33590,GB
33591,GB
33592,CA
33593,CA
33594,DE
33595,DE
33596,DE
33597,CA
33598,US
33599,CA
33600,GB
33601,CA
33602,CA
33603,CA
33604,CA
33605,GB
33606,GB
33607,GB
33608,DE
33609,GB
33610,DE
33611,US
33612,GB
33613,CA
33614,DE
33615,CA
33616,GB
33617,US
33618,DE
33619,US
33620,CA
33621,DE
33622,GB
33623,DE
33624,DE
33625,GB
33626,US
33627,GB
33628,CA
33629,DE
33630,DE
33631,US
33632,CA
33633,GB
33634,DE
33635,DE
33636,GB
33637,CA
33638,GB
33639,DE
33640,GB
33641,GB
33642,CA
33643,US
33644,CA
33645,DE
33646,GB
33647,GB
33648,DE
33649,CA
33650,DE
33651,CA
33652,GB
33653,US
33654,US
33655,DE
33656,US
33657,CA
33658,CA
33659,US
33660,CA
33661,CA
33662,GB
33663,DE
33664,CA
33665,CA
33666,GB
33667,DE
33668,DE
33669,US
33670,DE
33671,US
33672,DE
33673,GB
33674,CA
33675,GB
33676,US
33677,GB
33678,DE
33679,US
33680,US
33681,GB
33682,GB
33683,CA
33684,DE
33685,GB
33686,CA
33687,GB
33688,CA
33689,GB
33690,DE
33691,US
33692,US
33693,DE
33694,CA
33695,DE
33696,DE
33697,GB
33698,DE
33699,GB
33700,DE
33701,DE
33702,CA
33703,CA
33704,DE
33705,GB
33706,GB
33707,CA
33708,CA
33709,US
33710,CA
33711,US
33712,CA
33713,DE
33714,GB
33715,GB
33716,CA
33717,CA
33718,US
33719,US
33720,DE
33721,GB
33722,US
33723,CA
33724,US
33725,US
33726,DE
33727,GB
33728,GB
33729,DE
33730,DE
33731,US
33732,US
33733,US
33734,US
33735,DE
33736,GB
33737,CA
33738,GB
33739,DE
33740,US
33741,GB
33742,US
33743,US
33744,US
33745,US
33746,DE
33747,GB
33748,CA
33749,CA
33750,DE
33751,GB
33752,GB
33753,CA
33754,CA
33755,US
33756,GB
33757,US
33758,GB
33759,GB
33760,US
33761,GB
33762,CA
33763,CA
33764,CA
33765,GB
33766,DE
33767,US
33768,CA
33769,DE
33770,CA
33771,GB
33772,DE
33773,CA
33774,US
33775,GB
33776,US
33777,US
33778,DE
33779,US
33780,GB
33781,CA
33782,US
33783,DE
33784,DE
33785,CA
33786,GB
33787,GB
33788,US
33789,DE
33790,DE
33791,DE
33792,DE
33793,DE
33794,CA
33795,US
33796,US
33797,GB
33798,DE
33799,CA
33800,US
33801,GB
33802,US
33803,DE
33804,GB
33805,GB
33806,GB
33807,US
33808,DE
33809,US
33810,CA
33811,CA
33812,US
33813,CA
33814,US
33815,US
33816,CA
33817,GB
33818,GB
33819,US
33820,DE
33821,CA
33822,DE
33823,CA
33824,GB
33825,US
33826,CA
33827,US
33828,CA
33829,US
33830,CA
33831,US
33832,CA
33833,GB
33834,CA
33835,CA
33836,CA
33837,CA
33838,US
33839,GB
33840,CA
33841,CA
33842,CA
33843,US
33844,CA
33845,US
33846,DE
33847,US
33848,DE
33849,CA
33850,GB
33851,US
33852,GB
33853,DE
33854,CA
33855,DE
33856,DE
33857,US
33858,CA
33859,CA
33860,US
33861,GB
33862,CA
33863,GB
33864,CA
33865,DE
33866,DE
33867,US
33868,US
33869,GB
33870,CA
33871,GB
33872,GB
33873,CA
33874,CA
33875,DE
33876,DE
33877,CA
33878,GB
33879,US
33880,GB
33881,US
33882,US
33883,DE
33884,DE
33885,GB
33886,CA
33887,CA
33888,US
33889,US
33890,US
33891,GB
33892,GB
33893,GB
33894,US
33895,GB
33896,DE
33897,US
33898,GB
33899,DE
33900,US
33901,GB
33902,DE
33903,DE
33904,US
33905,CA
33906,CA
33907,GB
33908,CA
33909,DE
33910,US
33911,CA
33912,DE
33913,GB
33914,DE
33915,DE
33916,DE
33917,GB
33918,CA
33919,DE
33920,GB
33921,US
33922,DE
33923,GB
33924,DE
33925,CA
33926,CA
33927,GB
33928,CA
33929,GB
33930,GB
33931,CA
33932,CA
33933,GB
33934,CA
33935,GB
33936,US
33937,GB
33938,GB
33939,US
33940,CA
33941,US
33942,DE
33943,GB
33944,CA
33945,GB
33946,GB
33947,DE
33948,US
33949,DE
33950,US
33951,US
33952,CA
33953,CA
33954,DE
33955,GB
33956,DE
33957,US
33958,CA
33959,GB
33960,DE
33961,US
33962,CA
33963,US
33964,CA
33965,GB
33966,DE
33967,DE
33968,CA
33969,DE
33970,DE
33971,DE
33972,DE
33973,DE
33974,CA
33975,US
33976,US
33977,CA
33978,GB
33979,US
33980,US
33981,DE
33982,GB
33983,CA
33984,CA
33985,DE
33986,GB
33987,US
33988,GB
33989,GB
33990,GB
33991,US
33992,GB
33993,GB
33994,CA
33995,DE
33996,CA
33997,CA
33998,GB
33999,GB
34000,US
34001,CA
34002,DE
34003,GB
34004,US
34005,US
34006,US
34007,US
34008,US
34009,US
34010,GB
34011,GB
34012,US
34013,GB
34014,CA
34015,DE
34016,CA
34017,GB
34018,CA
34019,DE
34020,GB
34021,US
34022,GB
34023,GB
34024,GB
34025,CA
34026,DE
34027,GB
34028,DE
34029,CA
34030,US
34031,DE
34032,US
34033,US
34034,DE
34035,DE
34036,GB
34037,CA
34038,US
34039,US
34040,US
34041,DE
34042,DE
34043,CA
34044,US
34045,US
34046,GB
34047,US
34048,CA
34049,DE
34050,GB
34051,US
34052,DE
34053,US
34054,US
34055,CA
34056,GB
34057,DE
34058,DE
34059,GB
34060,US
34061,US
34062,DE
34063,DE
34064,US
34065,DE
34066,DE
34067,US
34068,US
34069,CA
34070,US
34071,CA
34072,US
34073,DE
34074,US
34075,US
34076,DE
34077,US
34078,US
34079,DE
34080,US
34081,CA
34082,US
34083,US
34084,DE
34085,GB
34086,US
34087,CA
34088,US
34089,GB
34090,DE
34091,CA
34092,US
34093,DE
34094,GB
34095,GB
34096,DE
34097,CA
34098,GB
34099,DE
34100,CA
34101,CA
34102,US
34103,CA
34104,GB
34105,GB
34106,CA
34107,CA
34108,DE
34109,DE
34110,GB
34111,US
34112,GB
34113,GB
34114,CA
34115,US
34116,US
34117,CA
34118,CA
34119,GB
34120,CA
34121,GB
34122,US
34123,GB
34124,CA
34125,US
34126,CA
34127,GB
34128,GB
34129,CA
34130,GB
34131,GB
34132,DE
34133,US
34134,DE
34135,GB
34136,DE
34137,GB
34138,GB
34139,GB
34140,DE
34141,GB
34142,US
34143,US
34144,US
34145,DE
34146,DE
34147,CA
34148,US
34149,DE
34150,DE
34151,DE
34152,US
34153,GB
34154,CA
34155,US
34156,GB
34157,DE
34158,DE
34159,DE
34160,US
34161,GB
34162,US
34163,DE
34164,CA
34165,US
34166,DE
34167,CA
34168,CA
34169,GB
34170,US
34171,DE
34172,CA
34173,GB
34174,US
34175,GB
34176,CA
34177,DE
34178,GB
34179,DE
34180,US
34181,CA
34182,GB
34183,GB
34184,US
34185,CA
34186,DE
34187,CA
34188,US
34189,US
34190,GB
34191,CA
34192,DE
34193,DE
34194,DE
34195,DE
34196,CA
34197,US
34198,US
34199,US
34200,CA
34201,US
34202,US
34203,DE
34204,DE
34205,GB
34206,GB
34207,GB
34208,US
34209,GB
34210,US
34211,DE
34212,CA
34213,US
34214,DE
34215,CA
34216,CA
34217,DE
34218,US
34219,DE
34220,US
34221,DE
34222,DE
34223,US
34224,DE
34225,CA
34226,DE
34227,US
34228,CA
34229,GB
34230,CA
34231,US
34232,CA
34233,DE
34234,CA
34235,US
34236,CA
34237,DE
34238,CA
34239,US
34240,GB
34241,US
34242,US
34243,US
34244,US
34245,DE
34246,US
34247,US
34248,US
34249,GB
34250,CA
34251,US
34252,US
34253,US
34254,GB
34255,US
34256,DE
34257,GB
34258,GB
34259,US
34260,GB
34261,CA
34262,CA
34263,CA
34264,CA
34265,CA
34266,DE
34267,GB
34268,DE
34269,GB
34270,DE
34271,US
34272,CA
34273,DE
34274,US
34275,DE
34276,CA
34277,GB
34278,DE
34279,US
34280,US
34281,DE
34282,US
34283,DE
34284,DE
34285,DE
34286,GB
34287,GB
34288,GB
34289,US
34290,DE
34291,US
34292,US
34293,DE
34294,US
34295,GB
34296,GB
34297,US
34298,CA
34299,US
34300,US
34301,GB
34302,DE
34303,GB
34304,US
34305,CA
34306,US
34307,DE
34308,GB
34309,US
34310,GB
34311,GB
34312,DE
34313,DE
34314,CA
34315,US
34316,GB
34317,CA
34318,GB
34319,US
34320,CA
34321,GB
34322,US
34323,DE
34324,GB
34325,DE
34326,CA
34327,GB
34328,CA
34329,DE
34330,US
34331,DE
34332,GB
34333,CA
34334,DE
34335,US
34336,CA
34337,CA
34338,CA
34339,US
34340,US
34341,CA
34342,US
34343,DE
34344,CA
34345,DE
34346,CA
34347,GB
34348,US
34349,GB
34350,CA
34351,DE
34352,CA
34353,CA
34354,GB
34355,GB
34356,GB
34357,CA
34358,US
34359,US
34360,CA
34361,DE
34362,GB
34363,GB
34364,US
34365,CA
34366,GB
34367,GB
34368,GB
34369,US
34370,US
34371,US
34372,GB
34373,DE
34374,DE
34375,GB
34376,US
34377,DE
34378,CA
34379,GB
34380,CA
34381,DE
34382,DE
34383,GB
34384,US
34385,CA
34386,DE
34387,US
34388,GB
34389,GB
34390,DE
34391,US
34392,DE
34393,CA
34394,GB
34395,DE
34396,CA
34397,DE
34398,US
34399,GB
34400,DE
34401,GB
34402,DE
34403,CA
34404,US
34405,DE
34406,DE
34407,GB
34408,GB
34409,GB
34410,GB
34411,GB
34412,GB
34413,US
34414,CA
34415,DE
34416,GB
34417,GB
34418,DE
34419,US
34420,GB
34421,GB
34422,CA
34423,CA
34424,US
34425,GB
34426,US
34427,US
34428,GB
34429,GB
34430,CA
34431,DE
34432,DE
34433,CA
34434,CA
34435,GB
34436,US
34437,CA
34438,US
34439,DE
34440,CA
34441,DE
34442,US
34443,US
34444,DE
34445,DE
34446,GB
34447,CA
34448,CA
34449,DE
34450,CA
34451,CA
34452,GB
34453,CA
34454,CA
34455,DE
34456,GB
34457,CA
34458,US
34459,US
34460,DE
34461,US
34462,GB
34463,DE
34464,DE
34465,CA
34466,DE
34467,CA
34468,GB
34469,CA
34470,CA
34471,GB
34472,CA
34473,GB
34474,DE
34475,US
34476,GB
34477,US
34478,CA
34479,DE
34480,DE
34481,DE
34482,GB
34483,GB
34484,GB
34485,DE
34486,CA
34487,US
34488,GB
34489,GB
34490,DE
34491,CA
34492,US
34493,GB
34494,CA
34495,DE
34496,US
34497,US
34498,CA
34499,GB
34500,DE
34501,GB
34502,CA
34503,GB
34504,US
34505,US
34506,US
34507,DE
34508,CA
34509,GB
34510,GB
34511,GB
34512,CA
34513,CA
34514,US
34515,GB
34516,US
34517,DE
34518,CA
34519,GB
34520,US
34521,US
34522,DE
34523,US
34524,US
34525,CA
34526,CA
34527,DE
34528,CA
34529,CA
34530,GB
34531,DE
34532,CA
34533,US
34534,GB
34535,CA
34536,US
34537,DE
34538,GB
34539,US
34540,CA
34541,GB
34542,CA
34543,GB
34544,US
34545,DE
34546,US
34547,DE
34548,DE
34549,CA
34550,DE
34551,US
34552,GB
34553,GB
34554,DE
34555,CA
34556,GB
34557,GB
34558,GB
34559,GB
34560,CA
34561,CA
34562,GB
34563,GB
34564,GB
34565,DE
34566,US
34567,GB
34568,US
34569,DE
34570,US
34571,CA
34572,CA
34573,GB
34574,DE
34575,CA
34576,CA
34577,CA
34578,GB
34579,DE
34580,CA
34581,CA
34582,CA
34583,GB
34584,CA
34585,GB
34586,US
34587,CA
34588,GB
34589,DE
34590,GB
34591,US
34592,US
34593,US
34594,GB
34595,GB
34596,GB
34597,US
34598,US
34599,DE
34600,DE
34601,DE
34602,GB
34603,CA
34604,CA
34605,GB
34606,CA
34607,US
34608,GB
34609,DE
34610,GB
34611,GB
34612,GB
34613,GB
34614,US
34615,DE
34616,DE
34617,US
34618,CA
34619,US
34620,DE
34621,GB
34622,CA
34623,CA
34624,CA
34625,DE
34626,US
34627,GB
34628,GB
34629,GB
34630,DE
34631,DE
34632,GB
34633,CA
34634,CA
34635,US
34636,GB
34637,GB
34638,CA
34639,DE
34640,DE
34641,DE
34642,CA
34643,DE
34644,CA
34645,GB
34646,US
34647,CA
34648,CA
34649,GB
34650,US
34651,DE
34652,DE
34653,GB
34654,US
34655,DE
34656,GB
34657,DE
34658,US
34659,GB
34660,DE
34661,US
34662,CA
34663,DE
34664,US
34665,CA
34666,GB
34667,GB
34668,CA
34669,GB
34670,US
34671,GB
34672,GB
34673,DE
34674,GB
34675,DE
34676,GB
34677,DE
34678,DE
34679,CA
34680,US
34681,CA
34682,GB
34683,DE
34684,US
34685,DE
34686,CA
34687,CA
34688,US
34689,US
34690,GB
34691,CA
34692,US
34693,CA
34694,CA
34695,US
34696,CA
34697,GB
34698,CA
34699,DE
34700,DE
34701,US
34702,GB
34703,GB
34704,CA
34705,CA
34706,CA
34707,CA
34708,CA
34709,CA
34710,GB
34711,CA
34712,GB
34713,GB
34714,CA
34715,CA
34716,GB
34717,GB
34718,US
34719,CA
34720,GB
34721,CA
34722,DE
34723,CA
34724,GB
34725,CA
34726,GB
34727,DE
34728,DE
34729,GB
34730,GB
34731,DE
34732,DE
34733,DE
34734,CA
34735,CA
34736,GB
34737,US
34738,DE
34739,DE
34740,GB
34741,DE
34742,US
34743,GB
34744,DE
34745,DE
34746,US
34747,GB
34748,DE
34749,GB
34750,GB
34751,DE
34752,GB
34753,US
34754,CA
34755,GB
34756,DE
34757,US
34758,US
34759,DE
34760,GB
34761,US
34762,CA
34763,US
34764,DE
34765,CA
34766,GB
34767,GB
34768,GB
34769,US
34770,CA
34771,GB
34772,US
34773,CA
34774,CA
34775,GB
34776,CA
34777,GB
34778,CA
34779,GB
34780,CA
34781,CA
34782,GB
34783,DE
34784,US
34785,GB
34786,US
34787,CA
34788,DE
34789,DE
34790,DE
34791,US
34792,GB
34793,US
34794,US
34795,US
34796,CA
34797,US
34798,DE
34799,DE
34800,US
34801,US
34802,DE
34803,CA
34804,CA
34805,US
34806,GB
34807,GB
34808,DE
34809,CA
34810,US
34811,GB
34812,GB
34813,GB
34814,DE
34815,DE
34816,CA
34817,US
34818,GB
34819,US
34820,DE
34821,GB
34822,US
34823,CA
34824,DE
34825,DE
34826,GB
34827,GB
34828,CA
34829,GB
34830,GB
34831,GB
34832,CA
34833,GB
34834,CA
34835,GB
34836,CA
34837,GB
34838,US
34839,CA
34840,GB
34841,CA
34842,CA
34843,CA
34844,DE
34845,US
34846,CA
34847,US
34848,DE
34849,CA
34850,DE
34851,US
34852,GB
34853,DE
34854,US
34855,CA
34856,DE
34857,DE
34858,CA
34859,CA
34860,US
34861,DE
34862,CA
34863,US
34864,CA
34865,CA
34866,CA
34867,GB
34868,GB
34869,CA
34870,US
34871,CA
34872,GB
34873,GB
34874,CA
34875,CA
34876,US
34877,US
34878,DE
34879,US
34880,GB
34881,DE
34882,DE
34883,CA
34884,US
34885,US
34886,GB
34887,DE
34888,GB
34889,CA
34890,US
34891,CA
34892,DE
34893,DE
34894,CA
34895,CA
34896,GB
34897,US
34898,CA
34899,CA
34900,CA
34901,CA
34902,DE
34903,DE
34904,CA
34905,US
34906,GB
34907,DE
34908,CA
34909,US
34910,US
34911,GB
34912,DE
34913,CA
34914,CA
34915,US
34916,US
34917,GB
34918,GB
34919,GB
34920,GB
34921,GB
34922,GB
34923,DE
34924,CA
34925,US
34926,DE
34927,GB
34928,CA
34929,GB
34930,GB
34931,CA
34932,US
34933,CA
34934,CA
34935,CA
34936,CA
34937,GB
34938,GB
34939,GB
34940,DE
34941,GB
34942,GB
34943,US
34944,DE
34945,DE
34946,DE
34947,DE
34948,US
34949,DE
34950,CA
34951,DE
34952,DE
34953,DE
34954,US
34955,CA
34956,US
34957,GB
34958,CA
34959,US
34960,CA
34961,CA
34962,GB
34963,GB
34964,GB
34965,CA
34966,GB
34967,CA
34968,DE
34969,US
34970,GB
34971,DE
34972,CA
34973,GB
34974,DE
34975,DE
34976,GB
34977,US
34978,US
34979,DE
34980,GB
34981,GB
34982,DE
34983,CA
34984,US
34985,DE
34986,US
34987,DE
34988,GB
34989,GB
34990,CA
34991,US
34992,US
34993,DE
34994,GB
34995,CA
34996,CA
34997,GB
34998,DE
34999,GB
35000,US
35001,US
35002,US
35003,DE
35004,CA
35005,US
35006,DE
35007,DE
35008,CA
35009,CA
35010,DE
35011,GB
35012,DE
35013,CA
35014,GB
35015,CA
35016,US
35017,GB
35018,DE
35019,GB
35020,DE
35021,US
35022,DE
35023,US
35024,GB
35025,GB
35026,CA
35027,CA
35028,GB
35029,DE
35030,GB
35031,DE
35032,CA
35033,DE
35034,DE
35035,DE
35036,DE
35037,US
35038,CA
35039,DE
35040,GB
35041,GB
35042,CA
35043,GB
35044,US
35045,CA
35046,CA
35047,CA
35048,US
35049,US
35050,US
35051,DE
35052,DE
35053,CA
35054,CA
35055,CA
35056,GB
35057,GB
35058,GB
35059,US
35060,US
35061,GB
35062,GB
35063,DE
35064,US
35065,GB
35066,GB
35067,CA
35068,CA
35069,CA
35070,DE
35071,US
35072,DE
35073,GB
35074,US
35075,CA
35076,CA
35077,US
35078,GB
35079,US
35080,US
35081,CA
35082,DE
35083,US
35084,DE
35085,GB
35086,DE
35087,CA
35088,US
35089,DE
35090,DE
35091,CA
35092,US
35093,DE
35094,DE
35095,GB
35096,US
35097,US
35098,DE
35099,GB
35100,DE
35101,CA
35102,DE
35103,DE
35104,DE
35105,DE
35106,DE
35107,GB
35108,US
35109,DE
35110,GB
35111,US
35112,CA
35113,GB
35114,DE
35115,GB
35116,CA
35117,DE
35118,CA
35119,GB
35120,US
35121,US
35122,GB
35123,GB
35124,CA
35125,US
35126,US
35127,DE
35128,US
35129,US
35130,CA
35131,DE
35132,GB
35133,DE
35134,GB
35135,CA
35136,GB
35137,US
35138,CA
35139,GB
35140,CA
35141,GB
35142,CA
35143,US
35144,US
35145,US
35146,US
35147,DE
35148,CA
35149,US
35150,CA
35151,DE
35152,GB
35153,DE
35154,DE
35155,GB
35156,US
35157,GB
35158,GB
35159,GB
35160,GB
35161,CA
35162,DE
35163,GB
35164,US
35165,US
35166,GB
35167,CA
35168,DE
35169,DE
35170,DE
35171,CA
35172,US
35173,CA
35174,CA
35175,GB
35176,US
35177,CA
35178,DE
35179,US
35180,DE
35181,US
35182,GB
35183,US
35184,CA
35185,CA
35186,DE
35187,GB
35188,DE
35189,GB
35190,DE
35191,DE
35192,CA
35193,US
35194,CA
35195,CA
35196,US
35197,CA
35198,CA
35199,DE
35200,CA
35201,CA
35202,GB
35203,DE
35204,US
35205,DE
35206,GB
35207,US
35208,GB
35209,DE
35210,GB
35211,CA
35212,US
35213,CA
35214,CA
35215,US
35216,US
35217,US
35218,GB
35219,CA
35220,GB
35221,CA
35222,DE
35223,CA
35224,CA
35225,CA
35226,GB
35227,GB
35228,US
35229,US
35230,US
35231,US
35232,GB
35233,GB
35234,DE
35235,DE
35236,US
35237,US
35238,CA
35239,US
35240,US
35241,US
35242,CA
35243,GB
35244,DE
35245,GB
35246,GB
35247,GB
35248,DE
35249,CA
35250,DE
35251,DE
35252,GB
35253,DE
35254,GB
35255,US
35256,CA
35257,US
35258,DE
35259,CA
35260,CA
35261,DE
35262,US
35263,DE
35264,GB
35265,CA
35266,DE
35267,CA
35268,CA
35269,DE
35270,CA
35271,US
35272,US
35273,CA
35274,GB
35275,DE
35276,DE
35277,US
35278,US
35279,US
35280,US
35281,CA
35282,DE
35283,US
35284,US
35285,DE
35286,US
35287,DE
35288,CA
35289,US
35290,GB
35291,GB
35292,US
35293,DE
35294,DE
35295,US
35296,US
35297,DE
35298,CA
35299,CA
35300,DE
35301,DE
35302,GB
35303,US
35304,US
35305,DE
35306,US
35307,DE
35308,US
35309,US
35310,US
35311,GB
35312,CA
35313,US
35314,GB
35315,GB
35316,DE
35317,DE
35318,US
35319,DE
35320,GB
35321,CA
35322,US
35323,DE
35324,US
35325,US
35326,GB
35327,CA
35328,DE
35329,US
35330,CA
35331,CA
35332,GB
35333,DE
35334,CA
35335,DE
35336,GB
35337,CA
35338,US
35339,CA
35340,GB
35341,US
35342,GB
35343,US
35344,CA
35345,GB
35346,CA
35347,US
35348,DE
35349,US
35350,US
35351,CA
35352,CA
35353,CA
35354,CA
35355,CA
35356,DE
35357,GB
35358,CA
35359,DE
35360,GB
35361,GB
35362,DE
35363,DE
35364,GB
35365,GB
35366,GB
35367,GB
35368,GB
35369,US
35370,CA
35371,DE
35372,DE
35373,US
35374,DE
35375,CA
35376,US
35377,CA
35378,US
35379,DE
35380,CA
35381,GB
35382,DE
35383,CA
35384,DE
35385,DE
35386,CA
35387,DE
35388,GB
35389,CA
35390,CA
35391,GB
35392,CA
35393,CA
35394,US
35395,US
35396,DE
35397,CA
35398,DE
35399,CA
35400,US
35401,GB
35402,GB
35403,GB
35404,GB
35405,GB
35406,DE
35407,GB
35408,DE
35409,US
35410,DE
35411,GB
35412,CA
35413,GB
35414,US
35415,GB
35416,GB
35417,GB
35418,US
35419,US
35420,GB
35421,US
35422,GB
35423,US
35424,CA
35425,CA
35426,GB
35427,GB
35428,CA
35429,DE
35430,US
35431,US
35432,CA
35433,CA
35434,DE
35435,DE
35436,US
35437,CA
35438,GB
35439,DE
35440,DE
35441,CA
35442,DE
35443,GB
35444,CA
35445,DE
35446,US
35447,DE
35448,DE
35449,DE
35450,CA
35451,DE
35452,GB
35453,CA
35454,GB
35455,DE
35456,CA
35457,US
35458,CA
35459,GB
35460,US
35461,DE
35462,GB
35463,GB
35464,CA
35465,CA
35466,US
35467,US
35468,US
35469,GB
35470,DE
35471,GB
35472,DE
35473,CA
35474,US
35475,DE
35476,CA
35477,US
35478,US
35479,GB
35480,GB
35481,GB
35482,US
35483,US
35484,GB
35485,US
35486,DE
35487,DE
35488,CA
35489,DE
35490,US
35491,US
35492,DE
35493,GB
35494,DE
35495,CA
35496,GB
35497,DE
35498,GB
35499,CA
35500,US
35501,GB
35502,CA
35503,US
35504,US
35505,US
35506,CA
35507,US
35508,CA
35509,GB
35510,CA
35511,DE
35512,CA
35513,GB
35514,GB
35515,CA
35516,CA
35517,GB
35518,GB
35519,CA
35520,US
35521,GB
35522,US
35523,GB
35524,CA
35525,GB
35526,US
35527,CA
35528,US
35529,GB
35530,GB
35531,US
35532,DE
35533,GB
35534,GB
35535,DE
35536,CA
35537,GB
35538,US
35539,GB
35540,GB
35541,US
35542,CA
35543,US
35544,US
35545,US
35546,GB
35547,DE
35548,US
35549,GB
35550,GB
35551,US
35552,US
35553,US
35554,GB
35555,US
35556,DE
35557,GB
35558,GB
35559,DE
35560,DE
35561,CA
35562,US
35563,CA
35564,US
35565,DE
35566,DE
35567,US
35568,CA
35569,CA
35570,US
35571,DE
35572,CA
35573,DE
35574,CA
35575,DE
35576,CA
35577,GB
35578,CA
35579,US
35580,GB
35581,CA
35582,GB
35583,GB
35584,DE
35585,GB
35586,US
35587,CA
35588,US
35589,GB
35590,DE
35591,US
35592,US
35593,CA
35594,CA
35595,DE
35596,GB
35597,US
35598,US
35599,DE
35600,DE
35601,GB
35602,US
35603,GB
35604,CA
35605,DE
35606,US
35607,CA
35608,DE
35609,CA
35610,DE
35611,DE
35612,US
35613,DE
35614,DE
35615,US
35616,CA
35617,US
35618,US
35619,DE
35620,DE
35621,CA
35622,DE
35623,CA
35624,CA
35625,US
35626,GB
35627,US
35628,DE
35629,DE
35630,GB
35631,GB
35632,DE
35633,DE
35634,US
35635,CA
35636,GB
35637,DE
35638,DE
35639,DE
35640,CA
35641,CA
35642,CA
35643,US
35644,CA
35645,CA
35646,US
35647,CA
35648,GB
35649,DE
35650,CA
35651,CA
35652,US
35653,DE
35654,DE
35655,DE
35656,GB
35657,CA
35658,DE
35659,DE
35660,CA
35661,GB
35662,US
35663,DE
35664,US
35665,US
35666,DE
35667,DE
35668,CA
35669,US
35670,DE
35671,US
35672,CA
35673,GB
35674,GB
35675,GB
35676,CA
35677,CA
35678,GB
35679,US
35680,DE
35681,DE
35682,DE
35683,GB
35684,US
35685,GB
35686,CA
35687,US
35688,CA
35689,DE
35690,GB
35691,US
35692,DE
35693,DE
35694,US
35695,CA
35696,GB
35697,CA
35698,DE
35699,GB
35700,GB
35701,CA
35702,DE
35703,DE
35704,DE
35705,US
35706,CA
35707,US
35708,US
35709,US
35710,DE
35711,CA
35712,DE
35713,CA
35714,GB
35715,US
35716,GB
35717,DE
35718,DE
35719,GB
35720,DE
35721,DE
35722,US
35723,DE
35724,DE
35725,US
35726,US
35727,CA
35728,CA
35729,DE
35730,CA
35731,GB
35732,GB
35733,DE
35734,DE
35735,DE
35736,CA
35737,GB
35738,US
35739,US
35740,US
35741,US
35742,GB
35743,US
35744,GB
35745,US
35746,US
35747,US
35748,US
35749,GB
35750,DE
35751,CA
35752,CA
35753,GB
35754,US
35755,GB
35756,GB
35757,US
35758,US
35759,US
35760,CA
35761,CA
35762,US
35763,CA
35764,US
35765,US
35766,CA
35767,CA
35768,CA
35769,US
35770,DE
35771,DE
35772,DE
35773,CA
35774,DE
35775,US
35776,GB
35777,GB
35778,US
35779,US
35780,CA
35781,GB
35782,US
35783,CA
35784,DE
35785,GB
35786,CA
35787,GB
35788,DE
35789,DE
35790,CA
35791,US
35792,GB
35793,DE
35794,DE
35795,DE
35796,CA
35797,GB
35798,CA
35799,US
35800,US
35801,CA
35802,DE
35803,US
35804,DE
35805,GB
35806,US
35807,US
35808,GB
35809,DE
35810,DE
35811,CA
35812,US
35813,US
35814,CA
35815,GB
35816,DE
35817,US
35818,US
35819,CA
35820,GB
35821,GB
35822,GB
35823,GB
35824,CA
35825,GB
35826,DE
35827,US
35828,DE
35829,GB
35830,DE
35831,DE
35832,US
35833,US
35834,CA
35835,CA
35836,US
35837,GB
35838,GB
35839,GB
35840,GB
35841,CA
35842,GB
35843,DE
35844,GB
35845,DE
35846,CA
35847,US
35848,DE
35849,GB
35850,GB
35851,GB
35852,CA
35853,DE
35854,US
35855,DE
35856,US
35857,US
35858,DE
35859,CA
35860,GB
35861,GB
35862,DE
35863,US
35864,DE
35865,US
35866,US
35867,CA
35868,DE
35869,CA
35870,US
35871,DE
35872,US
35873,US
35874,GB
35875,CA
35876,GB
35877,GB
35878,DE
35879,GB
35880,US
35881,US
35882,US
35883,CA
35884,DE
35885,DE
35886,CA
35887,US
35888,US
35889,GB
35890,US
35891,CA
35892,DE
35893,GB
35894,CA
35895,CA
35896,CA
35897,US
35898,GB
35899,GB
35900,DE
35901,CA
35902,GB
35903,GB
35904,DE
35905,CA
35906,GB
35907,CA
35908,US
35909,US
35910,GB
35911,US
35912,GB
35913,CA
35914,DE
35915,CA
35916,CA
35917,US
35918,CA
35919,US
35920,US
35921,CA
35922,GB
35923,DE
35924,CA
35925,US
35926,CA
35927,CA
35928,DE
35929,US
35930,GB
35931,GB
35932,CA
35933,CA
35934,GB
35935,GB
35936,DE
35937,US
35938,DE
35939,US
35940,DE
35941,DE
35942,GB
35943,GB
35944,US
35945,DE
35946,GB
35947,GB
35948,GB
35949,GB
35950,CA
35951,US
35952,GB
35953,CA
35954,CA
35955,DE
35956,DE
35957,CA
35958,GB
35959,DE
35960,CA
35961,GB
35962,GB
35963,GB
35964,CA
35965,DE
35966,US
35967,US
35968,US
35969,CA
35970,GB
35971,US
35972,GB
35973,US
35974,CA
35975,US
35976,US
35977,GB
35978,CA
35979,DE
35980,GB
35981,GB
35982,US
35983,US
35984,US
35985,US
35986,DE
35987,US
35988,CA
35989,CA
35990,GB
35991,GB
35992,US
35993,US
35994,DE
35995,US
35996,GB
35997,DE
35998,GB
35999,GB
36000,CA
36001,DE
36002,DE
36003,DE
36004,DE
36005,US
36006,US
36007,CA
36008,US
36009,DE
36010,CA
36011,US
36012,GB
36013,GB
36014,GB
36015,DE
36016,US
36017,GB
36018,CA
36019,DE
36020,US
36021,GB
36022,US
36023,CA
36024,US
36025,DE
36026,GB
36027,DE
36028,GB
36029,US
36030,US
36031,DE
36032,US
36033,GB
36034,GB
36035,DE
36036,DE
36037,GB
36038,GB
36039,US
36040,GB
36041,DE
36042,DE
36043,CA
36044,CA
36045,US
36046,CA
36047,US
36048,CA
36049,DE
36050,US
36051,US
36052,GB
36053,DE
36054,US
36055,CA
36056,GB
36057,GB
36058,DE
36059,GB
36060,US
36061,CA
36062,CA
36063,GB
36064,US
36065,GB
36066,CA
36067,DE
36068,GB
36069,DE
36070,CA
36071,GB
36072,CA
36073,GB
36074,US
36075,GB
36076,GB
36077,GB
36078,CA
36079,CA
36080,CA
36081,GB
36082,US
36083,CA
36084,CA
36085,US
36086,DE
36087,CA
36088,GB
36089,CA
36090,GB
36091,US
36092,GB
36093,CA
36094,DE
36095,DE
36096,CA
36097,DE
36098,CA
36099,US
36100,DE
36101,US
36102,GB
36103,CA
36104,US
36105,US
36106,CA
36107,US
36108,CA
36109,CA
36110,GB
36111,US
36112,DE
36113,CA
36114,CA
36115,GB
36116,GB
36117,GB
36118,CA
36119,US
36120,DE
36121,US
36122,DE
36123,DE
36124,DE
36125,CA
36126,US
36127,DE
36128,GB
36129,GB
36130,CA
36131,CA
36132,GB
36133,DE
36134,CA
36135,DE
36136,GB
36137,CA
36138,CA
36139,GB
36140,DE
36141,DE
36142,CA
36143,GB
36144,US
36145,CA
36146,GB
36147,CA
36148,US
36149,CA
36150,CA
36151,DE
36152,GB
36153,CA
36154,CA
36155,DE
36156,DE
36157,GB
36158,US
36159,GB
36160,GB
36161,GB
36162,GB
36163,US
36164,CA
36165,DE
36166,DE
36167,US
36168,DE
36169,US
36170,CA
36171,DE
36172,US
36173,CA
36174,US
36175,CA
36176,CA
36177,CA
36178,GB
36179,CA
36180,US
36181,US
36182,CA
36183,DE
36184,CA
36185,DE
36186,US
36187,DE
36188,GB
36189,US
36190,CA
36191,DE
36192,CA
36193,GB
36194,DE
36195,DE
36196,CA
36197,GB
36198,GB
36199,CA
36200,CA
36201,DE
36202,GB
36203,GB
36204,US
36205,US
36206,GB
36207,CA
36208,CA
36209,US
36210,DE
36211,US
36212,US
36213,DE
36214,DE
36215,GB
36216,DE
36217,CA
36218,GB
36219,US
36220,CA
36221,US
36222,CA
36223,GB
36224,DE
36225,US
36226,CA
36227,CA
36228,DE
36229,CA
36230,DE
36231,GB
36232,GB
36233,US
36234,US
36235,US
36236,US
36237,CA
36238,CA
36239,GB
36240,GB
36241,DE
36242,GB
36243,CA
36244,US
36245,CA
36246,DE
36247,US
36248,CA
36249,CA
36250,CA
36251,US
36252,US
36253,GB
36254,DE
36255,US
36256,GB
36257,CA
36258,CA
36259,CA
36260,US
36261,CA
36262,DE
36263,GB
36264,DE
36265,CA
36266,GB
36267,DE
36268,GB
36269,GB
36270,CA
36271,CA
36272,GB
36273,DE
36274,CA
36275,DE
36276,CA
36277,US
36278,CA
36279,DE
36280,CA
36281,US
36282,US
36283,DE
36284,CA
36285,GB
36286,US
36287,GB
36288,US
36289,GB
36290,GB
36291,GB
36292,US
36293,DE
36294,CA
36295,GB
36296,CA
36297,US
36298,DE
36299,GB
36300,GB
36301,GB
36302,US
36303,DE
36304,CA
36305,US
36306,GB
36307,CA
36308,US
36309,US
36310,DE
36311,GB
36312,US
36313,CA
36314,CA
36315,GB
36316,CA
36317,DE
36318,GB
36319,US
36320,US
36321,CA
36322,US
36323,GB
36324,GB
36325,US
36326,GB
36327,US
36328,US
36329,US
36330,DE
36331,GB
36332,GB
36333,GB
36334,US
36335,GB
36336,GB
36337,US
36338,GB
36339,US
36340,CA
36341,US
36342,GB
36343,GB
36344,US
36345,GB
36346,GB
36347,US
36348,GB
36349,GB
36350,GB
36351,DE
36352,DE
36353,DE
36354,GB
36355,DE
36356,US
36357,DE
36358,CA
36359,US
36360,US
36361,GB
36362,GB
36363,US
36364,DE
36365,DE
36366,GB
36367,DE
36368,US
36369,DE
36370,DE
36371,US
36372,DE
36373,US
36374,GB
36375,CA
36376,GB
36377,US
36378,DE
36379,US
36380,US
36381,US
36382,GB
36383,DE
36384,US
36385,US
36386,CA
36387,CA
36388,DE
36389,US
36390,DE
36391,GB
36392,US
36393,DE
36394,CA
36395,DE
36396,CA
36397,GB
36398,DE
36399,CA
36400,GB
36401,CA
36402,GB
36403,US
36404,US
36405,CA
36406,GB
36407,US
36408,GB
36409,GB
36410,GB
36411,DE
36412,GB
36413,DE
36414,US
36415,US
36416,CA
36417,GB
36418,US
36419,DE
36420,DE
36421,DE
36422,CA
36423,GB
36424,US
36425,DE
36426,GB
36427,US
36428,GB
36429,CA
36430,CA
36431,DE
36432,DE
36433,DE
36434,US
36435,DE
36436,DE
36437,US
36438,DE
36439,US
36440,US
36441,US
36442,US
36443,GB
36444,US
36445,GB
36446,GB
36447,GB
36448,US
36449,GB
36450,GB
36451,CA
36452,US
36453,DE
36454,US
36455,CA
36456,CA
36457,US
36458,GB
36459,US
36460,DE
36461,GB
36462,CA
36463,DE
36464,DE
36465,CA
36466,DE
36467,GB
36468,US
36469,CA
36470,US
36471,GB
36472,DE
36473,CA
36474,US
36475,CA
36476,GB
36477,US
36478,DE
36479,US
36480,GB
36481,GB
36482,US
36483,CA
36484,DE
36485,US
36486,CA
36487,DE
36488,US
36489,GB
36490,US
36491,CA
36492,DE
36493,DE
36494,CA
36495,US
36496,CA
36497,US
36498,GB
36499,CA
36500,GB
36501,CA
36502,CA
36503,DE
36504,GB
36505,CA
36506,US
36507,CA
36508,GB
36509,GB
36510,US
36511,DE
36512,CA
36513,CA
36514,US
36515,US
36516,DE
36517,CA
36518,GB
36519,US
36520,CA
36521,US
36522,GB
36523,CA
36524,GB
36525,CA
36526,US
36527,GB
36528,CA
36529,GB
36530,CA
36531,US
36532,DE
36533,GB
36534,GB
36535,CA
36536,US
36537,US
36538,GB
36539,US
36540,GB
36541,GB
36542,US
36543,CA
36544,GB
36545,GB
36546,DE
36547,DE
36548,US
36549,DE
36550,GB
36551,GB
36552,US
36553,GB
36554,US
36555,CA
36556,GB
36557,GB
36558,US
36559,GB
36560,DE
36561,GB
36562,DE
36563,DE
36564,GB
36565,US
36566,CA
36567,US
36568,DE
36569,CA
36570,GB
36571,GB
36572,DE
36573,US
36574,GB
36575,GB
36576,DE
36577,CA
36578,DE
36579,DE
36580,US
36581,GB
36582,DE
36583,DE
36584,CA
36585,GB
36586,US
36587,CA
36588,GB
36589,GB
36590,CA
36591,DE
36592,DE
36593,DE
36594,GB
36595,CA
36596,CA
36597,DE
36598,US
36599,DE
36600,DE
36601,US
36602,DE
36603,DE
36604,US
36605,US
36606,US
36607,CA
36608,US
36609,DE
36610,CA
36611,US
36612,GB
36613,DE
36614,US
36615,US
36616,US
36617,US
36618,CA
36619,US
36620,CA
36621,DE
36622,GB
36623,DE
36624,GB
36625,US
36626,GB
36627,DE
36628,GB
36629,DE
36630,CA
36631,US
36632,GB
36633,US
36634,CA
36635,US
36636,CA
36637,GB
36638,DE
36639,DE
36640,US
36641,CA
36642,US
36643,DE
36644,US
36645,CA
36646,GB
36647,US
36648,US
36649,CA
36650,GB
36651,US
36652,DE
36653,DE
36654,CA
36655,US
36656,DE
36657,DE
36658,DE
36659,US
36660,US
36661,US
36662,US
36663,GB
36664,DE
36665,CA
36666,DE
36667,GB
36668,DE
36669,US
36670,US
36671,US
36672,DE
36673,GB
36674,DE
36675,US
36676,US
36677,US
36678,US
36679,DE
36680,US
36681,GB
36682,GB
36683,DE
36684,US
36685,GB
36686,US
36687,GB
36688,US
36689,CA
36690,GB
36691,GB
36692,CA
36693,CA
36694,GB
36695,CA
36696,CA
36697,US
36698,DE
36699,GB
36700,DE
36701,CA
36702,US
36703,DE
36704,GB
36705,US
36706,DE
36707,CA
36708,CA
36709,US
36710,CA
36711,GB
36712,US
36713,DE
36714,DE
36715,DE
36716,CA
36717,GB
36718,DE
36719,US
36720,US
36721,CA
36722,CA
36723,US
36724,DE
36725,DE
36726,CA
36727,US
36728,CA
36729,CA
36730,GB
36731,US
36732,CA
36733,CA
36734,GB
36735,GB
36736,CA
36737,GB
36738,GB
36739,CA
36740,CA
36741,US
36742,DE
36743,CA
36744,US
36745,DE
36746,US
36747,DE
36748,CA
36749,US
36750,US
36751,CA
36752,CA
36753,DE
36754,GB
36755,DE
36756,GB
36757,DE
36758,US
36759,GB
36760,CA
36761,DE
36762,CA
36763,DE
36764,US
36765,DE
36766,GB
36767,US
36768,CA
36769,CA
36770,DE
36771,US
36772,DE
36773,CA
36774,US
36775,GB
36776,US
36777,DE
36778,US
36779,CA
36780,DE
36781,GB
36782,US
36783,US
36784,GB
36785,US
36786,US
36787,DE
36788,US
36789,US
36790,GB
36791,US
36792,CA
36793,DE
36794,CA
36795,CA
36796,DE
36797,CA
36798,CA
36799,DE
36800,GB
36801,CA
36802,CA
36803,CA
36804,CA
36805,DE
36806,US
36807,DE
36808,US
36809,US
36810,GB
36811,CA
36812,DE
36813,US
36814,CA
36815,GB
36816,CA
36817,US
36818,GB
36819,DE
36820,CA
36821,DE
36822,DE
36823,US
36824,DE
36825,DE
36826,CA
36827,US
36828,DE
36829,DE
36830,GB
36831,GB
36832,US
36833,DE
36834,DE
36835,GB
36836,US
36837,US
36838,US
36839,CA
36840,CA
36841,CA
36842,DE
36843,GB
36844,GB
36845,DE
36846,US
36847,CA
36848,US
36849,US
36850,US
36851,DE
36852,CA
36853,CA
36854,GB
36855,DE
36856,DE
36857,GB
36858,US
36859,DE
36860,DE
36861,GB
36862,DE
36863,GB
36864,GB
36865,GB
36866,US
36867,CA
36868,GB
36869,US
36870,DE
36871,DE
36872,DE
36873,CA
36874,GB
36875,GB
36876,DE
36877,CA
36878,CA
36879,US
36880,US
36881,DE
36882,GB
36883,CA
36884,CA
36885,GB
36886,DE
36887,US
36888,US
36889,DE
36890,DE
36891,US
36892,CA
36893,CA
36894,GB
36895,CA
36896,US
36897,GB
36898,US
36899,DE
36900,CA
36901,CA
36902,DE
36903,GB
36904,US
36905,DE
36906,US
36907,US
36908,CA
36909,GB
36910,CA
36911,CA
36912,GB
36913,US
36914,DE
36915,US
36916,GB
36917,GB
36918,DE
36919,DE
36920,DE
36921,CA
36922,CA
36923,DE
36924,CA
36925,DE
36926,US
36927,CA
36928,CA
36929,GB
36930,US
36931,US
36932,CA
36933,GB
36934,GB
36935,CA
36936,US
36937,GB
36938,DE
36939,CA
36940,CA
36941,CA
36942,CA
36943,GB
36944,US
36945,GB
36946,US
36947,US
36948,GB
36949,US
36950,US
36951,US
36952,CA
36953,US
36954,US
36955,GB
36956,DE
36957,CA
36958,CA
36959,DE
36960,CA
36961,US
36962,GB
36963,DE
36964,CA
36965,DE
36966,GB
36967,DE
36968,GB
36969,US
36970,DE
36971,DE
36972,US
36973,US
36974,GB
36975,GB
36976,GB
36977,DE
36978,DE
36979,US
36980,US
36981,CA
36982,US
36983,GB
36984,US
36985,DE
36986,US
36987,CA
36988,GB
36989,DE
36990,US
36991,DE
36992,DE
36993,US
36994,DE
36995,GB
36996,CA
36997,CA
36998,DE
36999,US
37000,US
37001,GB
37002,DE
37003,CA
37004,US
37005,GB
37006,GB
37007,CA
37008,CA
37009,US
37010,US
37011,CA
37012,DE
37013,GB
37014,US
37015,CA
37016,GB
37017,US
37018,US
37019,US
37020,US
37021,US
37022,CA
37023,US
37024,CA
37025,CA
37026,DE
37027,GB
37028,US
37029,GB
37030,CA
37031,US
37032,CA
37033,DE
37034,US
37035,US
37036,CA
37037,CA
37038,US
37039,DE
37040,DE
37041,US
37042,GB
37043,GB
37044,CA
37045,CA
37046,GB
37047,CA
37048,GB
37049,CA
37050,US
37051,DE
37052,DE
37053,DE
37054,CA
37055,DE
37056,GB
37057,DE
37058,US
37059,DE
37060,DE
37061,CA
37062,DE
37063,CA
37064,CA
37065,US
37066,CA
37067,CA
37068,DE
37069,US
37070,DE
37071,DE
37072,US
37073,DE
37074,DE
37075,CA
37076,GB
37077,CA
37078,GB
37079,GB
37080,GB
37081,DE
37082,US
37083,CA
37084,CA
37085,US
37086,GB
37087,CA
37088,US
37089,GB
37090,DE
37091,US
37092,US
37093,DE
37094,GB
37095,CA
37096,GB
37097,DE
37098,GB
37099,DE
37100,GB
37101,CA
37102,DE
37103,DE
37104,GB
37105,DE
37106,CA
37107,GB
37108,DE
37109,DE
37110,DE
37111,CA
37112,DE
37113,US
37114,CA
37115,GB
37116,DE
37117,DE
37118,DE
37119,DE
37120,CA
37121,US
37122,CA
37123,DE
37124,DE
37125,US
37126,GB
37127,GB
37128,US
37129,GB
37130,DE
37131,GB
37132,US
37133,DE
37134,CA
37135,US
37136,CA
37137,GB
37138,CA
37139,US
37140,CA
37141,GB
37142,DE
37143,US
37144,US
37145,CA
37146,GB
37147,US
37148,DE
37149,GB
37150,DE
37151,GB
37152,DE
37153,CA
37154,US
37155,CA
37156,CA
37157,CA
37158,GB
37159,US
37160,US
37161,US
37162,CA
37163,GB
37164,DE
37165,GB
37166,DE
37167,US
37168,DE
37169,CA
37170,DE
37171,CA
37172,GB
37173,GB
37174,US
37175,GB
37176,GB
37177,DE
37178,CA
37179,US
37180,US
37181,GB
37182,CA
37183,CA
37184,CA
37185,DE
37186,DE
37187,DE
37188,CA
37189,GB
37190,US
37191,CA
37192,CA
37193,DE
37194,GB
37195,US
37196,US
37197,US
37198,US
37199,CA
37200,CA
37201,GB
37202,DE
37203,DE
37204,GB
37205,GB
37206,CA
37207,DE
37208,CA
37209,CA
37210,CA
37211,DE
37212,CA
37213,CA
37214,DE
37215,US
37216,GB
37217,DE
37218,GB
37219,CA
37220,DE
37221,GB
37222,GB
37223,CA
37224,US
37225,GB
37226,US
37227,CA
37228,DE
37229,GB
37230,CA
37231,GB
37232,CA
37233,GB
37234,US
37235,US
37236,DE
37237,GB
37238,DE
37239,DE
37240,GB
37241,DE
37242,GB
37243,CA
37244,DE
37245,CA
37246,US
37247,CA
37248,CA
37249,US
37250,US
37251,US
37252,GB
37253,US
37254,DE
37255,DE
37256,GB
37257,DE
37258,US
37259,GB
37260,GB
37261,CA
37262,CA
37263,GB
37264,US
37265,US
37266,DE
37267,US
37268,CA
37269,GB
37270,CA
37271,GB
37272,US
37273,GB
37274,DE
37275,GB
37276,DE
37277,DE
37278,GB
37279,US
37280,CA
37281,CA
37282,US
37283,GB
37284,DE
37285,GB
37286,CA
37287,CA
37288,US
37289,US
37290,US
37291,US
37292,GB
37293,US
37294,GB
37295,CA
37296,DE
37297,US
37298,US
37299,US
37300,DE
37301,GB
37302,US
37303,US
37304,CA
37305,US
37306,US
37307,CA
37308,GB
37309,CA
37310,US
37311,US
37312,GB
37313,DE
37314,CA
37315,GB
37316,GB
37317,GB
37318,DE
37319,CA
37320,GB
37321,DE
37322,GB
37323,GB
37324,GB
37325,DE
37326,GB
37327,CA
37328,CA
37329,US
37330,CA
37331,DE
37332,CA
37333,CA
37334,US
37335,US
37336,DE
37337,CA
37338,GB
37339,US
37340,GB
37341,GB
37342,CA
37343,US
37344,CA
37345,US
37346,DE
37347,DE
37348,GB
37349,US
37350,DE
37351,DE
37352,US
37353,DE
37354,US
37355,DE
37356,US
37357,CA
37358,US
37359,DE
37360,DE
37361,US
37362,US
37363,US
37364,CA
37365,GB
37366,DE
37367,CA
37368,DE
37369,GB
37370,CA
37371,CA
37372,CA
37373,DE
37374,GB
37375,DE
37376,GB
37377,CA
37378,GB
37379,GB
37380,GB
37381,US
37382,US
37383,DE
37384,US
37385,US
37386,CA
37387,CA
37388,DE
37389,US
37390,CA
37391,US
37392,DE
37393,DE
37394,DE
37395,GB
37396,DE
37397,DE
37398,CA
37399,DE
37400,DE
37401,DE
37402,US
37403,GB
37404,CA
37405,GB
37406,US
37407,DE
37408,DE
37409,US
37410,GB
37411,DE
37412,DE
37413,DE
37414,CA
37415,DE
37416,GB
37417,GB
37418,CA
37419,US
37420,GB
37421,GB
37422,CA
37423,GB
37424,DE
37425,US
37426,CA
37427,GB
37428,DE
37429,GB
37430,GB
37431,US
37432,US
37433,DE
37434,CA
37435,DE
37436,CA
37437,GB
37438,GB
37439,CA
37440,DE
37441,DE
37442,DE
37443,US
37444,GB
37445,CA
37446,US
37447,GB
37448,DE
37449,CA
37450,DE
37451,DE
37452,US
37453,CA
37454,GB
37455,US
37456,DE
37457,DE
37458,GB
37459,US
37460,CA
37461,DE
37462,DE
37463,US
37464,CA
37465,US
37466,US
37467,GB
37468,CA
37469,DE
37470,DE
37471,GB
37472,GB
37473,CA
37474,DE
37475,CA
37476,US
37477,DE
37478,CA
37479,GB
37480,DE
37481,US
37482,GB
37483,DE
37484,DE
37485,US
37486,DE
37487,DE
37488,US
37489,DE
37490,GB
37491,DE
37492,DE
37493,US
37494,GB
37495,DE
37496,GB
37497,US
37498,GB
37499,DE
37500,CA
37501,GB
37502,US
37503,DE
37504,GB
37505,US
37506,US
37507,CA
37508,GB
37509,US
37510,GB
37511,CA
37512,US
37513,CA
37514,DE
37515,CA
37516,DE
37517,GB
37518,US
37519,DE
37520,US
37521,GB
37522,GB
37523,CA
37524,CA
37525,GB
37526,GB
37527,DE
37528,GB
37529,GB
37530,US
37531,GB
37532,GB
37533,GB
37534,DE
37535,GB
37536,DE
37537,GB
37538,DE
37539,CA
37540,DE
37541,US
37542,GB
37543,DE
37544,CA
37545,GB
37546,DE
37547,GB
37548,DE
37549,US
37550,DE
37551,DE
37552,US
37553,US
37554,CA
37555,DE
37556,US
37557,DE
37558,GB
37559,US
37560,GB
37561,CA
37562,DE
37563,DE
37564,DE
37565,CA
37566,US
37567,GB
37568,US
37569,US
37570,DE
37571,GB
37572,DE
37573,CA
37574,US
37575,US
37576,CA
37577,DE
37578,US
37579,DE
37580,US
37581,GB
37582,US
37583,CA
37584,DE
37585,CA
37586,GB
37587,CA
37588,US
37589,DE
37590,CA
37591,GB
37592,DE
37593,US
37594,US
37595,CA
37596,US
37597,DE
37598,CA
37599,DE
37600,GB
37601,GB
37602,CA
37603,DE
37604,US
37605,CA
37606,GB
37607,DE
37608,US
37609,CA
37610,CA
37611,US
37612,US
37613,DE
37614,CA
37615,US
37616,US
37617,CA
37618,CA
37619,US
37620,CA
37621,CA
37622,US
37623,GB
37624,GB
37625,GB
37626,CA
37627,DE
37628,GB
37629,DE
37630,US
37631,GB
37632,GB
37633,US
37634,DE
37635,CA
37636,GB
37637,US
37638,CA
37639,DE
37640,GB
37641,US
37642,DE
37643,GB
37644,DE
37645,GB
37646,DE
37647,DE
37648,US
37649,US
37650,DE
37651,GB
37652,US
37653,CA
37654,US
37655,DE
37656,DE
37657,CA
37658,CA
37659,DE
37660,CA
37661,US
37662,GB
37663,GB
37664,GB
37665,CA
37666,US
37667,GB
37668,GB
37669,DE
37670,DE
37671,DE
37672,GB
37673,CA
37674,CA
37675,GB
37676,DE
37677,GB
37678,DE
37679,DE
37680,DE
37681,CA
37682,US
37683,CA
37684,DE
37685,CA
37686,GB
37687,US
37688,US
37689,DE
37690,DE
37691,GB
37692,DE
37693,DE
37694,CA
37695,DE
37696,US
37697,CA
37698,CA
37699,CA
37700,CA
37701,DE
37702,DE
37703,US
37704,GB
37705,US
37706,DE
37707,DE
37708,US
37709,CA
37710,CA
37711,CA
37712,DE
37713,GB
37714,CA
37715,US
37716,US
37717,CA
37718,GB
37719,US
37720,US
37721,DE
37722,GB
37723,GB
37724,CA
37725,CA
37726,GB
37727,CA
37728,US
37729,CA
37730,GB
37731,US
37732,GB
37733,DE
37734,DE
37735,DE
37736,CA
37737,GB
37738,GB
37739,US
37740,DE
37741,CA
37742,US
37743,US
37744,DE
37745,CA
37746,CA
37747,US
37748,GB
37749,GB
37750,DE
37751,US
37752,US
37753,CA
37754,GB
37755,US
37756,DE
37757,US
37758,CA
37759,US
37760,CA
37761,GB
37762,CA
37763,GB
37764,DE
37765,CA
37766,US
37767,US
37768,DE
37769,DE
37770,CA
37771,CA
37772,CA
37773,US
37774,DE
37775,US
37776,CA
37777,GB
37778,CA
37779,CA
37780,CA
37781,DE
37782,US
37783,DE
37784,DE
37785,CA
37786,CA
37787,US
37788,DE
37789,DE
37790,US
37791,US
37792,DE
37793,DE
37794,CA
37795,GB
37796,GB
37797,GB
37798,GB
37799,CA
37800,DE
37801,CA
37802,DE
37803,GB
37804,DE
37805,US
37806,US
37807,GB
37808,US
37809,DE
37810,GB
37811,US
37812,GB
37813,CA
37814,CA
37815,GB
37816,DE
37817,CA
37818,GB
37819,US
37820,CA
37821,GB
37822,US
37823,CA
37824,CA
37825,US
37826,GB
37827,GB
37828,GB
37829,US
37830,CA
37831,CA
37832,GB
37833,CA
37834,US
37835,DE
37836,DE
37837,US
37838,US
37839,US
37840,DE
37841,DE
37842,US
37843,US
37844,DE
37845,CA
37846,CA
37847,GB
37848,GB
37849,CA
37850,DE
37851,GB
37852,GB
37853,DE
37854,CA
37855,CA
37856,US
37857,CA
37858,GB
37859,US
37860,GB
37861,US
37862,US
37863,US
37864,DE
37865,US
37866,DE
37867,DE
37868,US
37869,US
37870,US
37871,GB
37872,CA
37873,GB
37874,GB
37875,US
37876,US
37877,GB
37878,CA
37879,CA
37880,US
37881,DE
37882,GB
37883,CA
37884,DE
37885,CA
37886,US
37887,DE
37888,US
37889,DE
37890,CA
37891,CA
37892,GB
37893,CA
37894,DE
37895,CA
37896,CA
37897,GB
37898,DE
37899,CA
37900,GB
37901,US
37902,DE
37903,DE
37904,GB
37905,US
37906,CA
37907,GB
37908,GB
37909,US
37910,GB
37911,CA
37912,GB
37913,GB
37914,GB
37915,DE
37916,CA
37917,GB
37918,US
37919,GB
37920,CA
37921,CA
37922,CA
37923,CA
37924,US
37925,CA
37926,US
37927,CA
37928,CA
37929,US
37930,US
37931,GB
37932,CA
37933,GB
37934,DE
37935,DE
37936,DE
37937,DE
37938,CA
37939,CA
37940,GB
37941,US
37942,DE
37943,CA
37944,DE
37945,GB
37946,US
37947,DE
37948,GB
37949,US
37950,GB
37951,GB
37952,DE
37953,DE
37954,GB
37955,CA
37956,DE
37957,DE
37958,DE
37959,GB
37960,DE
37961,US
37962,US
37963,CA
37964,DE
37965,CA
37966,US
37967,US
37968,DE
37969,DE
37970,US
37971,US
37972,GB
37973,GB
37974,GB
37975,US
37976,US
37977,DE
37978,US
37979,DE
37980,US
37981,DE
37982,DE
37983,CA
37984,CA
37985,DE
37986,US
37987,DE
37988,GB
37989,DE
37990,CA
37991,US
37992,GB
37993,DE
37994,US
37995,DE
37996,DE
37997,US
37998,US
37999,US
38000,DE
38001,CA
38002,DE
38003,CA
38004,DE
38005,DE
38006,CA
38007,CA
38008,GB
38009,GB
38010,GB
38011,DE
38012,CA
38013,US
38014,GB
38015,US
38016,DE
38017,GB
38018,GB
38019,US
38020,CA
38021,CA
38022,GB
38023,DE
38024,US
38025,CA
38026,CA
38027,US
38028,GB
38029,DE
38030,DE
38031,DE
38032,US
38033,CA
38034,CA
38035,CA
38036,GB
38037,DE
38038,US
38039,US
38040,GB
38041,CA
38042,DE
38043,GB
38044,GB
38045,CA
38046,US
38047,DE
38048,DE
38049,CA
38050,DE
38051,US
38052,US
38053,CA
38054,CA
38055,US
38056,CA
38057,GB
38058,US
38059,DE
38060,GB
38061,DE
38062,CA
38063,GB
38064,US
38065,GB
38066,DE
38067,GB
38068,CA
38069,US
38070,US
38071,CA
38072,CA
38073,DE
38074,DE
38075,US
38076,US
38077,DE
38078,DE
38079,CA
38080,US
38081,GB
38082,GB
38083,GB
38084,DE
38085,US
38086,US
38087,GB
38088,CA
38089,CA
38090,US
38091,GB
38092,DE
38093,CA
38094,CA
38095,CA
38096,CA
38097,CA
38098,GB
38099,US
38100,DE
38101,DE
38102,DE
38103,GB
38104,GB
38105,CA
38106,US
38107,GB
38108,CA
38109,CA
38110,US
38111,US
38112,US
38113,GB
38114,GB
38115,US
38116,GB
38117,US
38118,GB
38119,DE
38120,US
38121,US
38122,US
38123,DE
38124,CA
38125,US
38126,DE
38127,US
38128,US
38129,US
38130,US
38131,US
38132,US
38133,GB
38134,DE
38135,US
38136,GB
38137,DE
38138,DE
38139,GB
38140,US
38141,DE
38142,CA
38143,GB
38144,DE
38145,US
38146,CA
38147,CA
38148,GB
38149,US
38150,DE
38151,CA
38152,US
38153,GB
38154,DE
38155,DE
38156,GB
38157,US
38158,CA
38159,CA
38160,US
38161,DE
38162,GB
38163,GB
38164,DE
38165,GB
38166,CA
38167,DE
38168,US
38169,GB
38170,DE
38171,DE
38172,US
38173,US
38174,US
38175,US
38176,GB
38177,CA
38178,GB
38179,CA
38180,GB
38181,DE
38182,DE
38183,US
38184,CA
38185,CA
38186,CA
38187,US
38188,GB
38189,CA
38190,GB
38191,DE
38192,GB
38193,CA
38194,CA
38195,DE
38196,GB
38197,DE
38198,US
38199,DE
38200,CA
38201,CA
38202,DE
38203,GB
38204,CA
38205,GB
38206,CA
38207,US
38208,DE
38209,CA
38210,CA
38211,GB
38212,US
38213,DE
38214,US
38215,DE
38216,US
38217,GB
38218,CA
38219,US
38220,DE
38221,GB
38222,CA
38223,US
38224,GB
38225,DE
38226,DE
38227,US
38228,US
38229,US
38230,GB
38231,CA
38232,CA
38233,US
38234,GB
38235,DE
38236,GB
38237,GB
38238,US
38239,US
38240,US
38241,GB
38242,GB
38243,DE
38244,US
38245,US
38246,CA
38247,GB
38248,GB
38249,DE
38250,CA
38251,CA
38252,DE
38253,CA
38254,CA
38255,DE
38256,US
38257,DE
38258,DE
38259,GB
38260,GB
38261,US
38262,DE
38263,GB
38264,DE
38265,CA
38266,GB
38267,DE
38268,CA
38269,CA
38270,CA
38271,DE
38272,US
38273,GB
38274,GB
38275,CA
38276,US
38277,US
38278,DE
38279,CA
38280,CA
38281,GB
38282,GB
38283,DE
38284,US
38285,GB
38286,CA
38287,DE
38288,GB
38289,CA
38290,DE
38291,GB
38292,CA
38293,GB
38294,GB
38295,GB
38296,US
38297,DE
38298,CA
38299,US
38300,DE
38301,DE
38302,GB
38303,GB
38304,DE
38305,GB
38306,GB
38307,US
38308,US
38309,US
38310,CA
38311,CA
38312,CA
38313,GB
38314,US
38315,DE
38316,GB
38317,GB
38318,DE
38319,GB
38320,US
38321,GB
38322,US
38323,CA
38324,CA
38325,CA
38326,GB
38327,DE
38328,DE
38329,DE
38330,DE
38331,US
38332,GB
38333,US
38334,DE
38335,GB
38336,GB
38337,CA
38338,GB
38339,US
38340,DE
38341,DE
38342,DE
38343,US
38344,GB
38345,DE
38346,CA
38347,US
38348,DE
38349,US
38350,GB
38351,GB
38352,DE
38353,CA
38354,US
38355,US
38356,GB
38357,US
38358,US
38359,DE
38360,DE
38361,GB
38362,GB
38363,US
38364,CA
38365,CA
38366,US
38367,GB
38368,CA
38369,CA
38370,DE
38371,US
38372,US
38373,GB
38374,US
38375,CA
38376,GB
38377,GB
38378,GB
38379,DE
38380,US
38381,US
38382,CA
38383,GB
38384,US
38385,US
38386,DE
38387,DE
38388,CA
38389,DE
38390,CA
38391,CA
38392,US
38393,DE
38394,GB
38395,DE
38396,US
38397,CA
38398,US
38399,CA
38400,GB
38401,GB
38402,CA
38403,DE
38404,DE
38405,DE
38406,CA
38407,CA
38408,US
38409,US
38410,US
38411,GB
38412,US
38413,US
38414,US
38415,CA
38416,DE
38417,DE
38418,GB
38419,DE
38420,GB
38421,GB
38422,CA
38423,GB
38424,DE
38425,DE
38426,GB
38427,US
38428,CA
38429,US
38430,GB
38431,CA
38432,GB
38433,DE
38434,DE
38435,GB
38436,CA
38437,CA
38438,GB
38439,US
38440,CA
38441,DE
38442,CA
38443,GB
38444,GB
38445,DE
38446,CA
38447,US
38448,CA
38449,DE
38450,US
38451,CA
38452,DE
38453,DE
38454,CA
38455,DE
38456,DE
38457,DE
38458,US
38459,CA
38460,GB
38461,GB
38462,DE
38463,DE
38464,CA
38465,CA
38466,US
38467,GB
38468,CA
38469,GB
38470,GB
38471,GB
38472,DE
38473,GB
38474,US
38475,US
38476,DE
38477,DE
38478,DE
38479,DE
38480,GB
38481,DE
38482,CA
38483,GB
38484,CA
38485,DE
38486,DE
38487,GB
38488,US
38489,US
38490,US
38491,GB
38492,CA
38493,GB
38494,GB
38495,GB
38496,GB
38497,GB
38498,US
38499,DE
38500,CA
38501,DE
38502,US
38503,CA
38504,GB
38505,DE
38506,US
38507,DE
38508,CA
38509,DE
38510,GB
38511,CA
38512,GB
38513,CA
38514,GB
38515,US
38516,US
38517,DE
38518,CA
38519,GB
38520,CA
38521,GB
38522,GB
38523,GB
38524,US
38525,CA
38526,GB
38527,CA
38528,DE
38529,DE
38530,GB
38531,US
38532,GB
38533,GB
38534,GB
38535,US
38536,US
38537,DE
38538,GB
38539,US
38540,DE
38541,US
38542,GB
38543,GB
38544,US
38545,CA
38546,DE
38547,GB
38548,US
38549,GB
38550,GB
38551,GB
38552,US
38553,DE
38554,US
38555,DE
38556,DE
38557,CA
38558,DE
38559,US
38560,GB
38561,DE
38562,DE
38563,DE
38564,CA
38565,GB
38566,GB
38567,GB
38568,US
38569,CA
38570,US
38571,GB
38572,DE
38573,US
38574,CA
38575,DE
38576,CA
38577,US
38578,CA
38579,GB
38580,DE
38581,CA
38582,GB
38583,US
38584,CA
38585,US
38586,DE
38587,US
38588,GB
38589,DE
38590,GB
38591,GB
38592,US
38593,CA
38594,GB
38595,US
38596,CA
38597,GB
38598,US
38599,CA
38600,US
38601,US
38602,GB
38603,GB
38604,CA
38605,DE
38606,CA
38607,CA
38608,CA
38609,DE
38610,US
38611,GB
38612,DE
38613,CA
38614,CA
38615,CA
38616,CA
38617,GB
38618,DE
38619,CA
38620,CA
38621,DE
38622,US
38623,GB
38624,CA
38625,US
38626,CA
38627,CA
38628,US
38629,US
38630,DE
38631,GB
38632,GB
38633,US
38634,US
38635,GB
38636,GB
38637,GB
38638,CA
38639,CA
38640,US
38641,DE
38642,CA
38643,DE
38644,DE
38645,DE
38646,CA
38647,CA
38648,US
38649,DE
38650,US
38651,CA
38652,GB
38653,CA
38654,DE
38655,US
38656,GB
38657,CA
38658,US
38659,GB
38660,DE
38661,US
38662,DE
38663,GB
38664,GB
38665,GB
38666,US
38667,DE
38668,DE
38669,GB
38670,DE
38671,CA
38672,US
38673,CA
38674,DE
38675,CA
38676,US
38677,CA
38678,GB
38679,GB
38680,GB
38681,GB
38682,GB
38683,GB
38684,CA
38685,US
38686,CA
38687,DE
38688,DE
38689,GB
38690,DE
38691,CA
38692,US
38693,CA
38694,CA
38695,CA
38696,GB
38697,CA
38698,CA
38699,CA
38700,US
38701,US
38702,GB
38703,US
38704,US
38705,GB
38706,GB
38707,GB
38708,US
38709,US
38710,US
38711,DE
38712,US
38713,US
38714,CA
38715,US
38716,CA
38717,DE
38718,GB
38719,CA
38720,CA
38721,GB
38722,CA
38723,CA
38724,DE
38725,GB
38726,DE
38727,GB
38728,DE
38729,US
38730,CA
38731,US
38732,GB
38733,DE
38734,DE
38735,US
38736,DE
38737,US
38738,DE
38739,GB
38740,CA
38741,US
38742,GB
38743,DE
38744,GB
38745,DE
38746,US
38747,GB
38748,US
38749,CA
38750,DE
38751,US
38752,DE
38753,US
38754,US
38755,DE
38756,DE
38757,GB
38758,CA
38759,DE
38760,DE
38761,DE
38762,DE
38763,GB
38764,DE
38765,US
38766,US
38767,US
38768,DE
38769,CA
38770,CA
38771,GB
38772,US
38773,CA
38774,GB
38775,GB
38776,CA
38777,GB
38778,CA
38779,CA
38780,US
38781,DE
38782,CA
38783,GB
38784,US
38785,GB
38786,GB
38787,GB
38788,GB
38789,CA
38790,GB
38791,CA
38792,GB
38793,GB
38794,GB
38795,CA
38796,DE
38797,CA
38798,DE
38799,GB
38800,DE
38801,CA
38802,DE
38803,GB
38804,DE
38805,US
38806,CA
38807,CA
38808,DE
38809,GB
38810,DE
38811,CA
38812,DE
38813,US
38814,US
38815,GB
38816,CA
38817,GB
38818,CA
38819,GB
38820,CA
38821,CA
38822,CA
38823,GB
38824,CA
38825,US
38826,US
38827,US
38828,GB
38829,GB
38830,US
38831,CA
38832,GB
38833,DE
38834,US
38835,CA
38836,US
38837,DE
38838,DE
38839,US
38840,CA
38841,DE
38842,GB
38843,GB
38844,US
38845,GB
38846,US
38847,US
38848,DE
38849,CA
38850,GB
38851,DE
38852,DE
38853,GB
38854,CA
38855,US
38856,US
38857,CA
38858,US
38859,DE
38860,US
38861,DE
38862,CA
38863,GB
38864,CA
38865,GB
38866,GB
38867,DE
38868,CA
38869,US
38870,GB
38871,CA
38872,US
38873,CA
38874,CA
38875,GB
38876,DE
38877,GB
38878,GB
38879,GB
38880,CA
38881,DE
38882,CA
38883,US
38884,CA
38885,GB
38886,US
38887,US
38888,GB
38889,CA
38890,CA
38891,CA
38892,US
38893,US
38894,US
38895,GB
38896,US
38897,GB
38898,DE
38899,CA
38900,US
38901,US
38902,GB
38903,US
38904,US
38905,GB
38906,GB
38907,US
38908,CA
38909,DE
38910,US
38911,US
38912,GB
38913,CA
38914,CA
38915,CA
38916,DE
38917,GB
38918,DE
38919,US
38920,US
38921,DE
38922,CA
38923,GB
38924,DE
38925,CA
38926,GB
38927,DE
38928,US
38929,GB
38930,DE
38931,CA
38932,US
38933,GB
38934,DE
38935,US
38936,DE
38937,DE
38938,GB
38939,CA
38940,US
38941,DE
38942,GB
38943,GB
38944,US
38945,US
38946,DE
38947,DE
38948,DE
38949,US
38950,GB
38951,GB
38952,CA
38953,DE
38954,US
38955,GB
38956,CA
38957,DE
38958,GB
38959,CA
38960,DE
38961,DE
38962,US
38963,CA
38964,CA
38965,US
38966,GB
38967,GB
38968,GB
38969,GB
38970,CA
38971,GB
38972,CA
38973,US
38974,DE
38975,DE
38976,US
38977,US
38978,CA
38979,DE
38980,DE
38981,US
38982,GB
38983,DE
38984,GB
38985,GB
38986,CA
38987,CA
38988,DE
38989,US
38990,US
38991,CA
38992,US
38993,CA
38994,GB
38995,CA
38996,CA
38997,CA
38998,US
38999,DE
39000,CA
39001,DE
39002,CA
39003,US
39004,GB
39005,CA
39006,DE
39007,DE
39008,GB
39009,DE
39010,GB
39011,CA
39012,GB
39013,DE
39014,DE
39015,GB
39016,US
39017,CA
39018,CA
39019,DE
39020,DE
39021,US
39022,US
39023,GB
39024,CA
39025,US
39026,GB
39027,US
39028,US
39029,GB
39030,DE
39031,US
39032,US
39033,US
39034,CA
39035,US
39036,DE
39037,US
39038,US
39039,DE
39040,DE
39041,GB
39042,US
39043,CA
39044,CA
39045,DE
39046,CA
39047,DE
39048,GB
39049,DE
39050,US
39051,CA
39052,CA
39053,GB
39054,DE
39055,DE
39056,US
39057,DE
39058,DE
39059,US
39060,DE
39061,DE
39062,DE
39063,US
39064,GB
39065,CA
39066,US
39067,GB
39068,CA
39069,US
39070,US
39071,DE
39072,US
39073,CA
39074,GB
39075,DE
39076,CA
39077,CA
39078,US
39079,DE
39080,GB
39081,US
39082,CA
39083,DE
39084,DE
39085,GB
39086,CA
39087,GB
39088,GB
39089,CA
39090,CA
39091,CA
39092,GB
39093,CA
39094,DE
39095,CA
39096,CA
39097,DE
39098,CA
39099,US
39100,US
39101,CA
39102,DE
39103,DE
39104,US
39105,CA
39106,GB
39107,GB
39108,US
39109,CA
39110,CA
39111,CA
39112,US
39113,US
39114,CA
39115,GB
39116,CA
39117,DE
39118,CA
39119,US
39120,GB
39121,GB
39122,US
39123,US
39124,US
39125,US
39126,DE
39127,CA
39128,GB
39129,US
39130,CA
39131,CA
39132,DE
39133,CA
39134,DE
39135,CA
39136,DE
39137,US
39138,DE
39139,GB
39140,US
39141,CA
39142,CA
39143,GB
39144,GB
39145,CA
39146,DE
39147,CA
39148,GB
39149,GB
39150,CA
39151,CA
39152,GB
39153,US
39154,DE
39155,US
39156,US
39157,CA
39158,US
39159,US
39160,CA
39161,DE
39162,US
39163,CA
39164,GB
39165,US
39166,US
39167,GB
39168,GB
39169,CA
39170,GB
39171,DE
39172,DE
39173,US
39174,GB
39175,US
39176,CA
39177,US
39178,US
39179,GB
39180,CA
39181,US
39182,GB
39183,DE
39184,CA
39185,US
39186,DE
39187,DE
39188,DE
39189,CA
39190,DE
39191,DE
39192,CA
39193,CA
39194,CA
39195,GB
39196,US
39197,CA
39198,DE
39199,CA
39200,US
39201,DE
39202,DE
39203,GB
39204,US
39205,US
39206,DE
39207,GB
39208,US
39209,GB
39210,US
39211,CA
39212,GB
39213,US
39214,US
39215,CA
39216,US
39217,CA
39218,US
39219,DE
39220,DE
39221,US
39222,DE
39223,US
39224,CA
39225,GB
39226,CA
39227,DE
39228,GB
39229,CA
39230,DE
39231,DE
39232,US
39233,GB
39234,DE
39235,CA
39236,DE
39237,GB
39238,CA
39239,DE
39240,DE
39241,DE
39242,GB
39243,GB
39244,DE
39245,US
39246,US
39247,CA
39248,DE
39249,CA
39250,DE
39251,DE
39252,US
39253,CA
39254,US
39255,US
39256,DE
39257,GB
39258,US
39259,GB
39260,CA
39261,CA
39262,US
39263,DE
39264,GB
39265,US
39266,CA
39267,US
39268,GB
39269,CA
39270,CA
39271,DE
39272,US
39273,DE
39274,GB
39275,CA
39276,CA
39277,CA
39278,DE
39279,CA
39280,CA
39281,GB
39282,GB
39283,DE
39284,US
39285,GB
39286,DE
39287,GB
39288,DE
39289,CA
39290,CA
39291,GB
39292,US
39293,DE
39294,DE
39295,GB
39296,DE
39297,GB
39298,US
39299,GB
39300,GB
39301,GB
39302,GB
39303,DE
39304,US
39305,GB
39306,CA
39307,US
39308,CA
39309,GB
39310,US
39311,CA
39312,GB
39313,CA
39314,CA
39315,US
39316,GB
39317,CA
39318,US
39319,GB
39320,US
39321,GB
39322,CA
39323,GB
39324,GB
39325,DE
39326,US
39327,GB
39328,GB
39329,DE
39330,DE
39331,CA
39332,US
39333,DE
39334,CA
39335,US
39336,DE
39337,US
39338,DE
39339,US
39340,CA
39341,US
39342,US
39343,CA
39344,DE
39345,US
39346,US
39347,GB
39348,DE
39349,DE
39350,DE
39351,DE
39352,GB
39353,CA
39354,GB
39355,US
39356,GB
39357,CA
39358,DE
39359,DE
39360,GB
39361,DE
39362,CA
39363,GB
39364,GB
39365,CA
39366,US
39367,GB
39368,CA
39369,DE
39370,GB
39371,US
39372,DE
39373,DE
39374,US
39375,DE
39376,US
39377,GB
39378,GB
39379,GB
39380,US
39381,GB
39382,CA
39383,DE
39384,CA
39385,GB
39386,US
39387,GB
39388,US
39389,US
39390,CA
39391,DE
39392,CA
39393,DE
39394,US
39395,CA
39396,US
39397,GB
39398,CA
39399,DE
39400,US
39401,DE
39402,DE
39403,GB
39404,CA
39405,GB
39406,CA
39407,US
39408,DE
39409,GB
39410,CA
39411,US
39412,US
39413,CA
39414,DE
39415,DE
39416,US
39417,US
39418,DE
39419,CA
39420,DE
39421,GB
39422,DE
39423,GB
39424,CA
39425,DE
39426,CA
39427,GB
39428,US
39429,GB
39430,US
39431,GB
39432,DE
39433,US
39434,US
39435,GB
39436,CA
39437,CA
39438,CA
39439,CA
39440,DE
39441,GB
39442,DE
39443,CA
39444,US
39445,US
39446,DE
39447,CA
39448,US
39449,US
39450,CA
39451,US
39452,DE
39453,DE
39454,CA
39455,DE
39456,GB
39457,US
39458,DE
39459,CA
39460,US
39461,GB
39462,GB
39463,DE
39464,GB
39465,GB
39466,CA
39467,GB
39468,US
39469,CA
39470,CA
39471,US
39472,DE
39473,CA
39474,US
39475,GB
39476,DE
39477,US
39478,DE
39479,DE
39480,GB
39481,CA
39482,GB
39483,CA
39484,CA
39485,CA
39486,CA
39487,US
39488,DE
39489,CA
39490,GB
39491,CA
39492,CA
39493,GB
39494,DE
39495,US
39496,US
39497,DE
39498,GB
39499,US
39500,US
39501,CA
39502,US
39503,US
39504,CA
39505,US
39506,US
39507,CA
39508,CA
39509,US
39510,CA
39511,DE
39512,CA
39513,US
39514,US
39515,GB
39516,US
39517,US
39518,GB
39519,DE
39520,CA
39521,US
39522,DE
39523,DE
39524,DE
39525,GB
39526,DE
39527,DE
39528,GB
39529,CA
39530,GB
39531,CA
39532,US
39533,GB
39534,US
39535,DE
39536,GB
39537,GB
39538,CA
39539,US
39540,CA
39541,US
39542,GB
39543,GB
39544,CA
39545,US
39546,US
39547,US
39548,DE
39549,GB
39550,DE
39551,US
39552,GB
39553,US
39554,US
39555,DE
39556,DE
39557,GB
39558,DE
39559,US
39560,CA
39561,US
39562,DE
39563,US
39564,DE
39565,GB
39566,GB
39567,CA
39568,DE
39569,DE
39570,US
39571,US
39572,DE
39573,DE
39574,CA
39575,GB
39576,US
39577,US
39578,US
39579,US
39580,CA
39581,DE
39582,US
39583,US
39584,CA
39585,GB
39586,DE
39587,CA
39588,GB
39589,US
39590,DE
39591,GB
39592,US
39593,DE
39594,GB
39595,CA
39596,DE
39597,DE
39598,DE
39599,GB
39600,US
39601,CA
39602,US
39603,US
39604,CA
39605,CA
39606,CA
39607,CA
39608,CA
39609,CA
39610,US
39611,DE
39612,US
39613,US
39614,GB
39615,DE
39616,CA
39617,CA
39618,US
39619,DE
39620,CA
39621,CA
39622,CA
39623,GB
39624,US
39625,US
39626,DE
39627,US
39628,CA
39629,DE
39630,DE
39631,GB
39632,GB
39633,GB
39634,CA
39635,CA
39636,GB
39637,DE
39638,US
39639,CA
39640,DE
39641,DE
39642,US
39643,DE
39644,CA
39645,US
39646,CA
39647,US
39648,GB
39649,US
39650,DE
39651,CA
39652,CA
39653,US
39654,US
39655,CA
39656,GB
39657,DE
39658,CA
39659,GB
39660,US
39661,GB
39662,US
39663,US
39664,CA
39665,DE
39666,DE
39667,DE
39668,DE
39669,CA
39670,CA
39671,GB
39672,GB
39673,DE
39674,CA
39675,US
39676,DE
39677,US
39678,DE
39679,US
39680,DE
39681,GB
39682,CA
39683,GB
39684,US
39685,DE
39686,US
39687,GB
39688,DE
39689,US
39690,CA
39691,GB
39692,DE
39693,DE
39694,CA
39695,CA
39696,US
39697,GB
39698,CA
39699,GB
39700,US
39701,US
39702,CA
39703,GB
39704,GB
39705,DE
39706,GB
39707,US
39708,GB
39709,GB
39710,DE
39711,US
39712,CA
39713,US
39714,US
39715,US
39716,CA
39717,GB
39718,GB
39719,US
39720,GB
39721,GB
39722,GB
39723,CA
39724,US
39725,GB
39726,US
39727,DE
39728,GB
39729,US
39730,CA
39731,GB
39732,GB
39733,DE
39734,DE
39735,GB
39736,CA
39737,CA
39738,CA
39739,US
39740,CA
39741,DE
39742,DE
39743,GB
39744,US
39745,US
39746,GB
39747,CA
39748,CA
39749,US
39750,DE
39751,DE
39752,CA
39753,US
39754,US
39755,GB
39756,CA
39757,GB
39758,GB
39759,CA
39760,CA
39761,US
39762,DE
39763,US
39764,DE
39765,CA
39766,US
39767,DE
39768,DE
39769,US
39770,US
39771,GB
39772,CA
39773,US
39774,US
39775,CA
39776,DE
39777,GB
39778,DE
39779,CA
39780,US
39781,CA
39782,CA
39783,GB
39784,DE
39785,GB
39786,US
39787,GB
39788,DE
39789,GB
39790,DE
39791,CA
39792,CA
39793,GB
39794,US
39795,GB
39796,CA
39797,CA
39798,DE
39799,GB
39800,CA
39801,CA
39802,CA
39803,US
39804,CA
39805,DE
39806,DE
39807,DE
39808,DE
39809,US
39810,DE
39811,US
39812,US
39813,US
39814,GB
39815,GB
39816,CA
39817,US
39818,CA
39819,DE
39820,US
39821,DE
39822,US
39823,GB
39824,GB
39825,US
39826,CA
39827,US
39828,GB
39829,CA
39830,CA
39831,DE
39832,CA
39833,DE
39834,CA
39835,GB
39836,DE
39837,US
39838,GB
39839,GB
39840,US
39841,GB
39842,DE
39843,US
39844,US
39845,CA
39846,DE
39847,GB
39848,GB
39849,CA
39850,GB
39851,GB
39852,GB
39853,US
39854,CA
39855,GB
39856,CA
39857,GB
39858,GB
39859,DE
39860,US
39861,CA
39862,DE
39863,DE
39864,GB
39865,DE
39866,CA
39867,CA
39868,US
39869,DE
39870,US
39871,US
39872,CA
39873,DE
39874,DE
39875,CA
39876,CA
39877,GB
39878,US
39879,DE
39880,DE
39881,GB
39882,DE
39883,GB
39884,DE
39885,GB
39886,GB
39887,GB
39888,US
39889,GB
39890,GB
39891,GB
39892,US
39893,CA
39894,GB
39895,CA
39896,CA
39897,GB
39898,GB
39899,GB
39900,CA
39901,US
39902,CA
39903,GB
39904,CA
39905,CA
39906,CA
39907,GB
39908,GB
39909,DE
39910,DE
39911,US
39912,GB
39913,GB
39914,CA
39915,US
39916,US
39917,DE
39918,US
39919,CA
39920,US
39921,CA
39922,DE
39923,CA
39924,GB
39925,US
39926,DE
39927,CA
39928,DE
39929,DE
39930,GB
39931,CA
39932,GB
39933,US
39934,CA
39935,GB
39936,US
39937,US
39938,GB
39939,DE
39940,CA
39941,CA
39942,GB
39943,DE
39944,DE
39945,GB
39946,CA
39947,GB
39948,DE
39949,US
39950,GB
39951,GB
39952,DE
39953,US
39954,DE
39955,GB
39956,DE
39957,US
39958,CA
39959,CA
39960,US
39961,CA
39962,DE
39963,US
39964,DE
39965,DE
39966,GB
39967,DE
39968,US
39969,DE
39970,CA
39971,US
39972,CA
39973,DE
39974,GB
39975,US
39976,DE
39977,CA
39978,GB
39979,CA
39980,CA
39981,GB
39982,GB
39983,DE
39984,US
39985,GB
39986,US
39987,US
39988,DE
39989,US
39990,US
39991,DE
39992,CA
39993,CA
39994,US
39995,GB
39996,US
39997,CA
39998,DE
39999,GB
40000,CA
40001,US
40002,CA
40003,GB
40004,DE
40005,US
40006,DE
40007,GB
40008,GB
40009,GB
40010,US
40011,CA
40012,US
40013,DE
40014,US
40015,GB
40016,CA
40017,GB
40018,US
40019,US
40020,US
40021,US
40022,GB
40023,CA
40024,CA
40025,DE
40026,GB
40027,US
40028,DE
40029,US
40030,CA
40031,GB
40032,US
40033,US
40034,DE
40035,DE
40036,GB
40037,DE
40038,GB
40039,DE
40040,CA
40041,CA
40042,DE
40043,US
40044,US
40045,GB
40046,DE
40047,DE
40048,GB
40049,CA
40050,US
40051,DE
40052,GB
40053,CA
40054,CA
40055,US
40056,GB
40057,US
40058,DE
40059,GB
40060,CA
40061,GB
40062,US
40063,US
40064,CA
40065,CA
40066,US
40067,DE
40068,US
40069,US
40070,CA
40071,CA
40072,GB
40073,GB
40074,CA
40075,GB
40076,CA
40077,DE
40078,GB
40079,US
40080,GB
40081,CA
40082,DE
40083,DE
40084,DE
40085,US
40086,DE
40087,CA
40088,US
40089,GB
40090,US
40091,DE
40092,GB
40093,GB
40094,CA
40095,GB
40096,US
40097,CA
40098,GB
40099,DE
40100,US
40101,CA
40102,US
40103,DE
40104,DE
40105,US
40106,US
40107,CA
40108,GB
40109,CA
40110,CA
40111,CA
40112,US
40113,DE
40114,DE
40115,DE
40116,GB
40117,DE
40118,CA
40119,CA
40120,US
40121,CA
40122,CA
40123,CA
40124,US
40125,GB
40126,CA
40127,GB
40128,GB
40129,CA
40130,US
40131,DE
40132,US
40133,US
40134,GB
40135,CA
40136,US
40137,DE
40138,CA
40139,CA
40140,US
40141,CA
40142,DE
40143,US
40144,US
40145,US
40146,US
40147,US
40148,US
40149,CA
40150,DE
40151,GB
40152,GB
40153,DE
40154,US
40155,DE
40156,CA
40157,DE
40158,GB
40159,GB
40160,DE
40161,DE
40162,US
40163,CA
40164,CA
40165,DE
40166,US
40167,DE
40168,US
40169,DE
40170,US
40171,US
40172,CA
40173,GB
40174,DE
40175,US
40176,DE
40177,CA
40178,CA
40179,DE
40180,US
40181,GB
40182,GB
40183,GB
40184,GB
40185,GB
40186,CA
40187,GB
40188,CA
40189,US
40190,US
40191,GB
40192,CA
40193,DE
40194,CA
40195,CA
40196,US
40197,DE
40198,DE
40199,CA
40200,DE
40201,DE
40202,CA
40203,US
40204,DE
40205,GB
40206,US
40207,DE
40208,DE
40209,CA
40210,US
40211,DE
40212,US
40213,US
40214,DE
40215,US
40216,DE
40217,US
40218,CA
40219,GB
40220,CA
40221,CA
40222,CA
40223,GB
40224,GB
40225,GB
40226,DE
40227,GB
40228,US
40229,CA
40230,GB
40231,US
40232,GB
40233,GB
40234,DE
40235,DE
40236,GB
40237,GB
40238,CA
40239,GB
40240,GB
40241,CA
40242,CA
40243,GB
40244,CA
40245,US
40246,US
40247,CA
40248,CA
40249,GB
40250,DE
40251,DE
40252,DE
40253,DE
40254,US
40255,US
40256,DE
40257,CA
40258,DE
40259,CA
40260,CA
40261,DE
40262,CA
40263,DE
40264,US
40265,DE
40266,CA
40267,DE
40268,US
40269,GB
40270,GB
40271,GB
40272,US
40273,CA
40274,CA
40275,CA
40276,CA
40277,GB
40278,GB
40279,GB
40280,DE
40281,DE
40282,CA
40283,DE
40284,US
40285,US
40286,GB
40287,GB
40288,DE
40289,GB
40290,CA
40291,DE
40292,DE
40293,US
40294,US
40295,US
40296,CA
40297,GB
40298,GB
40299,CA
40300,DE
40301,CA
40302,US
40303,GB
40304,DE
40305,US
40306,GB
40307,CA
40308,US
40309,GB
40310,GB
40311,DE
40312,CA
40313,US
40314,DE
40315,GB
40316,US
40317,US
40318,CA
40319,CA
40320,GB
40321,GB
40322,CA
40323,DE
40324,DE
40325,CA
40326,DE
40327,DE
40328,GB
40329,DE
40330,GB
40331,GB
40332,CA
40333,CA
40334,GB
40335,US
40336,DE
40337,DE
40338,GB
40339,GB
40340,DE
40341,US
40342,CA
40343,GB
40344,DE
40345,CA
40346,DE
40347,US
40348,GB
40349,US
40350,GB
40351,DE
40352,GB
40353,CA
40354,GB
40355,GB
40356,GB
40357,CA
40358,CA
40359,US
40360,CA
40361,US
40362,DE
40363,GB
40364,US
40365,GB
40366,US
40367,DE
40368,US
40369,GB
40370,GB
40371,CA
40372,DE
40373,DE
40374,US
40375,DE
40376,DE
40377,US
40378,GB
40379,DE
40380,US
40381,GB
40382,DE
40383,DE
40384,GB
40385,GB
40386,DE
40387,US
40388,US
40389,CA
40390,DE
40391,GB
40392,US
40393,DE
40394,CA
40395,CA
40396,GB
40397,US
40398,US
40399,GB
40400,US
40401,US
40402,US
40403,GB
40404,GB
40405,DE
40406,US
40407,US
40408,US
40409,GB
40410,GB
40411,DE
40412,GB
40413,CA
40414,GB
40415,CA
40416,US
40417,CA
40418,GB
40419,CA
40420,US
40421,DE
40422,US
40423,US
40424,GB
40425,GB
40426,GB
40427,GB
40428,US
40429,CA
40430,CA
40431,DE
40432,GB
40433,US
40434,CA
40435,CA
40436,GB
40437,GB
40438,GB
40439,GB
40440,US
40441,US
40442,CA
40443,CA
40444,GB
40445,DE
40446,CA
40447,GB
40448,GB
40449,US
40450,DE
40451,DE
40452,DE
40453,CA
40454,DE
40455,CA
40456,DE
40457,DE
40458,GB
40459,US
40460,US
40461,GB
40462,CA
40463,DE
40464,GB
40465,GB
40466,CA
40467,US
40468,US
40469,CA
40470,CA
40471,US
40472,CA
40473,DE
40474,DE
40475,DE
40476,DE
40477,US
40478,GB
40479,GB
40480,US
40481,US
40482,CA
40483,GB
40484,DE
40485,US
40486,GB
40487,GB
40488,GB
40489,CA
40490,DE
40491,GB
40492,GB
40493,GB
40494,GB
40495,US
40496,GB
40497,GB
40498,GB
40499,DE
40500,DE
40501,CA
40502,CA
40503,DE
40504,CA
40505,US
40506,DE
40507,US
40508,US
40509,DE
40510,DE
40511,DE
40512,DE
40513,CA
40514,GB
40515,GB
40516,CA
40517,DE
40518,GB
40519,DE
40520,GB
40521,US
40522,CA
40523,DE
40524,DE
40525,US
40526,US
40527,GB
40528,CA
40529,US
40530,GB
40531,GB
40532,DE
40533,US
40534,GB
40535,US
40536,DE
40537,CA
40538,CA
40539,US
40540,GB
40541,CA
40542,US
40543,GB
40544,CA
40545,GB
40546,GB
40547,US
40548,DE
40549,GB
40550,DE
40551,GB
40552,US
40553,GB
40554,CA
40555,CA
40556,GB
40557,US
40558,DE
40559,CA
40560,DE
40561,CA
40562,US
40563,US
40564,CA
40565,CA
40566,GB
40567,US
40568,GB
40569,CA
40570,DE
40571,DE
40572,DE
40573,CA
40574,GB
40575,US
40576,GB
40577,US
40578,CA
40579,US
40580,DE
40581,US
40582,GB
40583,DE
40584,DE
40585,US
40586,GB
40587,CA
40588,GB
40589,GB
40590,US
40591,GB
40592,US
40593,GB
40594,GB
40595,DE
40596,GB
40597,CA
40598,DE
40599,DE
40600,DE
40601,US
40602,DE
40603,GB
40604,GB
40605,CA
40606,CA
40607,CA
40608,DE
40609,US
40610,DE
40611,DE
40612,CA
40613,US
40614,GB
40615,CA
40616,US
40617,GB
40618,DE
40619,CA
40620,CA
40621,CA
40622,GB
40623,GB
40624,DE
40625,DE
40626,CA
40627,DE
40628,DE
40629,GB
40630,GB
40631,DE
40632,CA
40633,GB
40634,CA
40635,US
40636,GB
40637,DE
40638,US
40639,US
40640,DE
40641,US
40642,CA
40643,GB
40644,GB
40645,CA
40646,US
40647,US
40648,US
40649,US
40650,GB
40651,CA
40652,DE
40653,CA
40654,DE
40655,DE
40656,DE
40657,CA
40658,DE
40659,DE
40660,CA
40661,GB
40662,US
40663,GB
40664,US
40665,GB
40666,CA
40667,DE
40668,US
40669,DE
40670,DE
40671,US
40672,GB
40673,US
40674,CA
40675,US
40676,DE
40677,CA
40678,CA
40679,US
40680,GB
40681,DE
40682,CA
40683,DE
40684,US
40685,US
40686,DE
40687,CA
40688,US
40689,CA
40690,GB
40691,CA
40692,CA
40693,US
40694,CA
40695,DE
40696,CA
40697,US
40698,CA
40699,US
40700,CA
40701,US
40702,DE
40703,US
40704,GB
40705,GB
40706,US
40707,CA
40708,DE
40709,CA
40710,GB
40711,GB
40712,DE
40713,US
40714,GB
40715,DE
40716,GB
40717,US
40718,CA
40719,GB
40720,GB
40721,CA
40722,DE
40723,US
40724,GB
40725,GB
40726,DE
40727,DE
40728,GB
40729,CA
40730,US
40731,GB
40732,CA
40733,DE
40734,US
40735,US
40736,GB
40737,GB
40738,US
40739,GB
40740,DE
40741,DE
40742,US
40743,US
40744,GB
40745,CA
40746,US
40747,DE
40748,CA
40749,DE
40750,US
40751,DE
40752,DE
40753,US
40754,DE
40755,GB
40756,CA
40757,CA
40758,GB
40759,CA
40760,US
40761,US
40762,CA
40763,CA
40764,DE
40765,GB
40766,US
40767,DE
40768,GB
40769,CA
40770,GB
40771,CA
40772,DE
40773,DE
40774,CA
40775,CA
40776,US
40777,DE
40778,US
40779,DE
40780,CA
40781,US
40782,US
40783,CA
40784,GB
40785,US
40786,CA
40787,US
40788,GB
40789,US
40790,CA
40791,DE
40792,DE
40793,US
40794,CA
40795,GB
40796,DE
40797,CA
40798,GB
40799,US
40800,CA
40801,DE
40802,DE
40803,GB
40804,US
40805,CA
40806,DE
40807,US
40808,CA
40809,DE
40810,US
40811,DE
40812,GB
40813,US
40814,DE
40815,DE
40816,US
40817,US
40818,CA
40819,GB
40820,DE
40821,GB
40822,DE
40823,CA
40824,CA
40825,GB
40826,US
40827,CA
40828,CA
40829,CA
40830,CA
40831,DE
40832,DE
40833,GB
40834,US
40835,GB
40836,US
40837,DE
40838,DE
40839,US
40840,GB
40841,US
40842,CA
40843,DE
40844,US
40845,DE
40846,US
40847,CA
40848,DE
40849,CA
40850,GB
40851,DE
40852,GB
40853,US
40854,DE
40855,US
40856,US
40857,US
40858,CA
40859,GB
40860,DE
40861,US
40862,GB
40863,US
40864,US
40865,DE
40866,DE
40867,CA
40868,CA
40869,US
40870,DE
40871,DE
40872,GB
40873,US
40874,CA
40875,US
40876,DE
40877,CA
40878,CA
40879,CA
40880,DE
40881,CA
40882,US
40883,DE
40884,GB
40885,DE
40886,GB
40887,US
40888,US
40889,CA
40890,DE
40891,GB
40892,US
40893,DE
40894,DE
40895,CA
40896,US
40897,GB
40898,CA
40899,GB
40900,CA
40901,US
40902,GB
40903,DE
40904,US
40905,DE
40906,CA
40907,US
40908,GB
40909,US
40910,CA
40911,DE
40912,DE
40913,US
40914,US
40915,CA
40916,DE
40917,DE
40918,DE
40919,CA
40920,US
40921,US
40922,CA
40923,US
40924,US
40925,CA
40926,US
40927,DE
40928,CA
40929,DE
40930,GB
40931,GB
40932,US
40933,CA
40934,CA
40935,DE
40936,DE
40937,GB
40938,US
40939,US
40940,US
40941,GB
40942,US
40943,CA
40944,US
40945,CA
40946,US
40947,GB
40948,GB
40949,CA
40950,US
40951,GB
40952,DE
40953,US
40954,CA
40955,GB
40956,DE
40957,CA
40958,DE
40959,CA
40960,CA
40961,DE
40962,DE
40963,GB
40964,GB
40965,CA
40966,US
40967,GB
40968,CA
40969,US
40970,GB
40971,US
40972,DE
40973,GB
40974,CA
40975,DE
40976,DE
40977,CA
40978,CA
40979,DE
40980,DE
40981,GB
40982,US
40983,DE
40984,CA
40985,DE
40986,US
40987,CA
40988,DE
40989,CA
40990,GB
40991,CA
40992,US
40993,CA
40994,GB
40995,DE
40996,CA
40997,DE
40998,US
40999,DE
41000,DE
41001,DE
41002,CA
41003,DE
41004,DE
41005,CA
41006,US
41007,DE
41008,DE
41009,US
41010,DE
41011,CA
41012,GB
41013,DE
41014,DE
41015,US
41016,DE
41017,DE
41018,GB
41019,US
41020,GB
41021,CA
41022,GB
41023,DE
41024,CA
41025,GB
41026,GB
41027,GB
41028,CA
41029,US
41030,CA
41031,GB
41032,CA
41033,GB
41034,US
41035,DE
41036,CA
41037,CA
41038,GB
41039,CA
41040,DE
41041,CA
41042,GB
41043,DE
41044,DE
41045,US
41046,CA
41047,GB
41048,DE
41049,DE
41050,US
41051,DE
41052,GB
41053,GB
41054,US
41055,DE
41056,GB
41057,CA
41058,CA
41059,US
41060,CA
41061,US
41062,GB
41063,US
41064,CA
41065,GB
41066,US
41067,GB
41068,DE
41069,CA
41070,US
41071,CA
41072,US
41073,US
41074,GB
41075,GB
41076,GB
41077,US
41078,GB
41079,GB
41080,CA
41081,DE
41082,US
41083,GB
41084,CA
41085,US
41086,DE
41087,GB
41088,GB
41089,DE
41090,CA
41091,GB
41092,GB
41093,GB
41094,GB
41095,US
41096,US
41097,GB
41098,GB
41099,GB
41100,US
41101,DE
41102,DE
41103,CA
41104,US
41105,CA
41106,US
41107,GB
41108,GB
41109,US
41110,GB
41111,GB
41112,CA
41113,CA
41114,US
41115,DE
41116,DE
41117,US
41118,US
41119,CA
41120,GB
41121,DE
41122,DE
41123,CA
41124,CA
41125,DE
41126,GB
41127,CA
41128,US
41129,DE
41130,GB
41131,CA
41132,US
41133,US
41134,CA
41135,CA
41136,US
41137,GB
41138,US
41139,CA
41140,US
41141,US
41142,GB
41143,CA
41144,GB
41145,DE
41146,US
41147,CA
41148,DE
41149,GB
41150,CA
41151,GB
41152,US
41153,CA
41154,GB
41155,US
41156,GB
41157,DE
41158,GB
41159,CA
41160,US
41161,US
41162,DE
41163,DE
41164,GB
41165,DE
41166,US
41167,US
41168,US
41169,US
41170,CA
41171,CA
41172,DE
41173,CA
41174,CA
41175,GB
41176,GB
41177,CA
41178,US
41179,US
41180,US
41181,US
41182,DE
41183,CA
41184,GB
41185,GB
41186,US
41187,US
41188,US
41189,CA
41190,CA
41191,DE
41192,GB
41193,DE
41194,US
41195,CA
41196,DE
41197,US
41198,US
41199,GB
41200,DE
41201,CA
41202,GB
41203,DE
41204,GB
41205,GB
41206,US
41207,GB
41208,CA
41209,US
41210,GB
41211,US
41212,US
41213,CA
41214,GB
41215,DE
41216,GB
41217,CA
41218,GB
41219,DE
41220,CA
41221,US
41222,DE
41223,CA
41224,DE
41225,US
41226,CA
41227,DE
41228,US
41229,GB
41230,US
41231,GB
41232,US
41233,GB
41234,US
41235,DE
41236,DE
41237,DE
41238,CA
41239,GB
41240,GB
41241,CA
41242,CA
41243,GB
41244,DE
41245,CA
41246,CA
41247,US
41248,US
41249,DE
41250,CA
41251,GB
41252,DE
41253,GB
41254,US
41255,CA
41256,CA
41257,CA
41258,GB
41259,DE
41260,GB
41261,DE
41262,DE
41263,CA
41264,DE
41265,US
41266,GB
41267,US
41268,DE
41269,CA
41270,CA
41271,CA
41272,GB
41273,US
41274,CA
41275,CA
41276,DE
41277,DE
41278,GB
41279,DE
41280,GB
41281,DE
41282,DE
41283,US
41284,GB
41285,US
41286,GB
41287,US
41288,DE
41289,DE
41290,DE
41291,DE
41292,US
41293,GB
41294,US
41295,GB
41296,DE
41297,CA
41298,CA
41299,CA
41300,DE
41301,CA
41302,US
41303,US
41304,GB
41305,GB
41306,CA
41307,US
41308,GB
41309,CA
41310,DE
41311,GB
41312,GB
41313,CA
41314,US
41315,US
41316,US
41317,US
41318,DE
41319,DE
41320,CA
41321,US
41322,US
41323,CA
41324,DE
41325,DE
41326,US
41327,DE
41328,US
41329,CA
41330,DE
41331,DE
41332,GB
41333,DE
41334,US
41335,CA
41336,CA
41337,GB
41338,DE
41339,CA
41340,US
41341,CA
41342,GB
41343,US
41344,CA
41345,GB
41346,GB
41347,GB
41348,GB
41349,DE
41350,CA
41351,US
41352,GB
41353,GB
41354,GB
41355,US
41356,US
41357,CA
41358,CA
41359,DE
41360,GB
41361,DE
41362,GB
41363,CA
41364,GB
41365,US
41366,DE
41367,DE
41368,GB
41369,DE
41370,CA
41371,US
41372,GB
41373,US
41374,CA
41375,CA
41376,CA
41377,US
41378,CA
41379,DE
41380,CA
41381,DE
41382,GB
41383,DE
41384,DE
41385,DE
41386,US
41387,CA
41388,GB
41389,GB
41390,CA
41391,DE
41392,DE
41393,GB
41394,GB
41395,CA
41396,DE
41397,US
41398,CA
41399,US
41400,GB
41401,CA
41402,DE
41403,GB
41404,CA
41405,GB
41406,DE
41407,GB
41408,GB
41409,GB
41410,CA
41411,US
41412,DE
41413,DE
41414,DE
41415,GB
41416,CA
41417,CA
41418,GB
41419,US
41420,GB
41421,US
41422,US
41423,GB
41424,GB
41425,US
41426,CA
41427,CA
41428,GB
41429,DE
41430,DE
41431,GB
41432,CA
41433,US
41434,DE
41435,CA
41436,CA
41437,US
41438,US
41439,CA
41440,GB
41441,CA
41442,US
41443,US
41444,DE
41445,DE
41446,DE
41447,GB
41448,GB
41449,CA
41450,US
41451,US
41452,US
41453,GB
41454,CA
41455,DE
41456,DE
41457,DE
41458,US
41459,GB
41460,GB
41461,US
41462,US
41463,US
41464,GB
41465,CA
41466,DE
41467,CA
41468,CA
41469,DE
41470,US
41471,CA
41472,US
41473,GB
41474,DE
41475,US
41476,US
41477,DE
41478,GB
41479,DE
41480,GB
41481,US
41482,GB
41483,DE
41484,DE
41485,CA
41486,US
41487,DE
41488,GB
41489,GB
41490,GB
41491,GB
41492,US
41493,GB
41494,US
41495,US
41496,CA
41497,CA
41498,CA
41499,CA
41500,DE
41501,DE
41502,CA
41503,CA
41504,CA
41505,US
41506,US
41507,DE
41508,GB
41509,DE
41510,GB
41511,US
41512,GB
41513,CA
41514,US
41515,DE
41516,US
41517,DE
41518,GB
41519,DE
41520,US
41521,CA
41522,US
41523,DE
41524,US
41525,GB
41526,CA
41527,DE
41528,US
41529,US
41530,DE
41531,GB
41532,CA
41533,DE
41534,CA
41535,US
41536,US
41537,GB
41538,US
41539,CA
41540,US
41541,CA
41542,US
41543,US
41544,GB
41545,DE
41546,DE
41547,DE
41548,US
41549,GB
41550,US
41551,DE
41552,GB
41553,GB
41554,CA
41555,US
41556,US
41557,US
41558,CA
41559,GB
41560,DE
41561,DE
41562,GB
41563,US
41564,GB
41565,GB
41566,GB
41567,US
41568,GB
41569,US
41570,CA
41571,CA
41572,CA
41573,DE
41574,CA
41575,CA
41576,CA
41577,DE
41578,GB
41579,US
41580,GB
41581,GB
41582,GB
41583,CA
41584,GB
41585,CA
41586,CA
41587,US
41588,DE
41589,GB
41590,DE
41591,GB
41592,DE
41593,US
41594,CA
41595,GB
41596,GB
41597,CA
41598,CA
41599,GB
41600,CA
41601,DE
41602,GB
41603,CA
41604,GB
41605,CA
41606,DE
41607,DE
41608,CA
41609,US
41610,CA
41611,US
41612,US
41613,GB
41614,US
41615,DE
41616,US
41617,US
41618,DE
41619,DE
41620,US
41621,DE
41622,CA
41623,DE
41624,GB
41625,US
41626,GB
41627,CA
41628,US
41629,GB
41630,GB
41631,DE
41632,DE
41633,GB
41634,US
41635,US
41636,US
41637,GB
41638,CA
41639,CA
41640,US
41641,DE
41642,CA
41643,GB
41644,DE
41645,CA
41646,DE
41647,GB
41648,GB
41649,CA
41650,US
41651,CA
41652,US
41653,GB
41654,DE
41655,CA
41656,US
41657,GB
41658,GB
41659,CA
41660,DE
41661,DE
41662,US
41663,DE
41664,US
41665,CA
41666,DE
41667,CA
41668,CA
41669,US
41670,CA
41671,CA
41672,GB
41673,US
41674,GB
41675,US
41676,US
41677,US
41678,CA
41679,GB
41680,GB
41681,DE
41682,GB
41683,DE
41684,US
41685,DE
41686,CA
41687,CA
41688,GB
41689,US
41690,GB
41691,GB
41692,GB
41693,GB
41694,CA
41695,US
41696,CA
41697,DE
41698,CA
41699,CA
41700,US
41701,US
41702,GB
41703,GB
41704,US
41705,DE
41706,CA
41707,GB
41708,CA
41709,DE
41710,US
41711,DE
41712,GB
41713,DE
41714,DE
41715,DE
41716,US
41717,GB
41718,CA
41719,DE
41720,US
41721,US
41722,GB
41723,GB
41724,DE
41725,GB
41726,GB
41727,CA
41728,DE
41729,CA
41730,US
41731,DE
41732,DE
41733,GB
41734,DE
41735,DE
41736,GB
41737,CA
41738,DE
41739,DE
41740,DE
41741,CA
41742,DE
41743,US
41744,DE
41745,DE
41746,US
41747,CA
41748,CA
41749,GB
41750,GB
41751,US
41752,GB
41753,GB
41754,CA
41755,CA
41756,DE
41757,US
41758,GB
41759,US
41760,DE
41761,GB
41762,DE
41763,GB
41764,US
41765,DE
41766,US
41767,GB
41768,GB
41769,DE
41770,CA
41771,CA
41772,GB
41773,GB
41774,US
41775,US
41776,GB
41777,US
41778,GB
41779,US
41780,US
41781,US
41782,DE
41783,CA
41784,US
41785,GB
41786,CA
41787,GB
41788,GB
41789,US
41790,CA
41791,DE
41792,US
41793,GB
41794,US
41795,GB
41796,GB
41797,GB
41798,US
41799,US
41800,CA
41801,US
41802,DE
41803,CA
41804,CA
41805,US
41806,GB
41807,CA
41808,DE
41809,GB
41810,GB
41811,DE
41812,DE
41813,CA
41814,CA
41815,CA
41816,GB
41817,GB
41818,US
41819,CA
41820,US
41821,US
41822,CA
41823,DE
41824,DE
41825,DE
41826,US
41827,US
41828,DE
41829,US
41830,GB
41831,DE
41832,US
41833,CA
41834,GB
41835,DE
41836,CA
41837,CA
41838,DE
41839,US
41840,GB
41841,GB
41842,GB
41843,US
41844,GB
41845,US
41846,GB
41847,US
41848,GB
41849,GB
41850,US
41851,GB
41852,DE
41853,US
41854,CA
41855,US
41856,DE
41857,GB
41858,CA
41859,CA
41860,CA
41861,US
41862,GB
41863,GB
41864,CA
41865,CA
41866,GB
41867,GB
41868,US
41869,GB
41870,GB
41871,US
41872,CA
41873,CA
41874,GB
41875,US
41876,CA
41877,DE
41878,US
41879,CA
41880,DE
41881,GB
41882,CA
41883,US
41884,CA
41885,GB
41886,DE
41887,US
41888,DE
41889,US
41890,DE
41891,CA
41892,GB
41893,GB
41894,US
41895,US
41896,CA
41897,US
41898,GB
41899,GB
41900,CA
41901,CA
41902,DE
41903,DE
41904,GB
41905,GB
41906,CA
41907,GB
41908,CA
41909,GB
41910,CA
41911,US
41912,CA
41913,CA
41914,CA
41915,US
41916,GB
41917,GB
41918,US
41919,DE
41920,GB
41921,DE
41922,DE
41923,GB
41924,CA
41925,GB
41926,CA
41927,CA
41928,GB
41929,CA
41930,GB
41931,US
41932,DE
41933,DE
41934,DE
41935,US
41936,DE
41937,GB
41938,CA
41939,US
41940,US
41941,DE
41942,DE
41943,DE
41944,GB
41945,CA
41946,DE
41947,US
41948,US
41949,GB
41950,CA
41951,GB
41952,CA
41953,GB
41954,DE
41955,DE
41956,US
41957,DE
41958,GB
41959,GB
41960,DE
41961,US
41962,DE
41963,DE
41964,DE
41965,DE
41966,US
41967,GB
41968,DE
41969,CA
41970,CA
41971,GB
41972,DE
41973,GB
41974,US
41975,GB
41976,DE
41977,US
41978,GB
41979,CA
41980,DE
41981,DE
41982,US
41983,US
41984,US
41985,US
41986,US
41987,DE
41988,US
41989,US
41990,DE
41991,CA
41992,GB
41993,CA
41994,US
41995,DE
41996,US
41997,DE
41998,DE
41999,CA
42000,CA
42001,DE
42002,GB
42003,US
42004,US
42005,CA
42006,CA
42007,DE
42008,GB
42009,DE
42010,GB
42011,DE
42012,GB
42013,CA
42014,CA
42015,CA
42016,CA
42017,US
42018,US
42019,DE
42020,GB
42021,CA
42022,GB
42023,DE
42024,US
42025,GB
42026,CA
42027,DE
42028,DE
42029,US
42030,US
42031,US
42032,CA
42033,GB
42034,DE
42035,GB
42036,US
42037,CA
42038,CA
42039,CA
42040,GB
42041,GB
42042,DE
42043,DE
42044,DE
42045,GB
42046,GB
42047,GB
42048,GB
42049,DE
42050,GB
42051,GB
42052,CA
42053,GB
42054,DE
42055,US
42056,DE
42057,GB
42058,DE
42059,US
42060,CA
42061,GB
42062,DE
42063,US
42064,DE
42065,DE
42066,GB
42067,CA
42068,CA
42069,DE
42070,US
42071,US
42072,DE
42073,US
42074,DE
42075,DE
42076,DE
42077,CA
42078,GB
42079,DE
42080,CA
42081,DE
42082,DE
42083,CA
42084,CA
42085,DE
42086,US
42087,GB
42088,DE
42089,GB
42090,CA
42091,US
42092,GB
42093,CA
42094,CA
42095,CA
42096,DE
42097,US
42098,CA
42099,US
42100,DE
42101,CA
42102,DE
42103,US
42104,US
42105,DE
42106,GB
42107,GB
42108,CA
42109,CA
42110,GB
42111,US
42112,DE
42113,US
42114,GB
42115,CA
42116,US
42117,CA
42118,GB
42119,DE
42120,CA
42121,DE
42122,GB
42123,GB
42124,US
42125,GB
42126,GB
42127,GB
42128,DE
42129,US
42130,CA
42131,DE
42132,GB
42133,US
42134,US
42135,CA
42136,US
42137,US
42138,US
42139,US
42140,US
42141,DE
42142,DE
42143,US
42144,CA
42145,US
42146,US
42147,GB
42148,US
42149,GB
42150,CA
42151,US
42152,US
42153,GB
42154,DE
42155,DE
42156,DE
42157,US
42158,US
42159,US
42160,US
42161,CA
42162,GB
42163,CA
42164,CA
42165,DE
42166,GB
42167,GB
42168,DE
42169,US
42170,GB
42171,DE
42172,DE
42173,DE
42174,US
42175,GB
42176,CA
42177,GB
42178,GB
42179,CA
42180,US
42181,CA
42182,GB
42183,US
42184,US
42185,GB
42186,US
42187,DE
42188,CA
42189,US
42190,CA
42191,GB
42192,DE
42193,DE
42194,GB
42195,DE
42196,DE
42197,DE
42198,GB
42199,US
42200,US
42201,DE
42202,CA
42203,US
42204,GB
42205,GB
42206,GB
42207,CA
42208,US
42209,GB
42210,GB
42211,GB
42212,US
42213,DE
42214,DE
42215,US
42216,DE
42217,US
42218,CA
42219,US
42220,DE
42221,GB
42222,DE
42223,CA
42224,GB
42225,GB
42226,GB
42227,GB
42228,DE
42229,US
42230,CA
42231,CA
42232,DE
42233,CA
42234,DE
42235,CA
42236,DE
42237,US
42238,GB
42239,US
42240,DE
42241,CA
42242,US
42243,CA
42244,GB
42245,US
42246,GB
42247,GB
42248,CA
42249,CA
42250,GB
42251,CA
42252,GB
42253,DE
42254,CA
42255,DE
42256,DE
42257,GB
42258,US
42259,GB
42260,GB
42261,GB
42262,DE
42263,DE
42264,GB
42265,US
42266,GB
42267,DE
42268,DE
42269,US
42270,US
42271,GB
42272,CA
42273,DE
42274,CA
42275,US
42276,CA
42277,GB
42278,US
42279,GB
42280,US
42281,DE
42282,US
42283,DE
42284,CA
42285,CA
42286,GB
42287,DE
42288,US
42289,US
42290,CA
42291,GB
42292,US
42293,GB
42294,DE
42295,GB
42296,DE
42297,DE
42298,DE
42299,CA
42300,DE
42301,GB
42302,DE
42303,US
42304,GB
42305,CA
42306,DE
42307,DE
42308,DE
42309,DE
42310,CA
42311,US
42312,DE
42313,GB
42314,CA
42315,US
42316,CA
42317,GB
42318,US
42319,CA
42320,US
42321,US
42322,US
42323,GB
42324,CA
42325,US
42326,US
42327,US
42328,CA
42329,GB
42330,CA
42331,DE
42332,DE
42333,DE
42334,GB
42335,GB
42336,DE
42337,CA
42338,CA
42339,GB
42340,DE
42341,DE
42342,US
42343,GB
42344,US
42345,DE
42346,US
42347,DE
42348,CA
42349,GB
42350,GB
42351,DE
42352,CA
42353,CA
42354,DE
42355,DE
42356,GB
42357,CA
42358,GB
42359,US
42360,GB
42361,DE
42362,DE
42363,DE
42364,GB
42365,GB
42366,US
42367,GB
42368,US
42369,US
42370,GB
42371,CA
42372,CA
42373,CA
42374,CA
42375,DE
42376,GB
42377,US
42378,GB
42379,CA
42380,GB
42381,US
42382,US
42383,DE
42384,DE
42385,US
42386,DE
42387,US
42388,CA
42389,CA
42390,US
42391,US
42392,GB
42393,US
42394,CA
42395,CA
42396,DE
42397,US
42398,CA
42399,GB
42400,CA
42401,DE
42402,GB
42403,US
42404,US
42405,US
42406,CA
42407,CA
42408,DE
42409,US
42410,CA
42411,US
42412,CA
42413,US
42414,DE
42415,DE
42416,CA
42417,DE
42418,US
42419,GB
42420,DE
42421,US
42422,DE
42423,DE
42424,DE
42425,GB
42426,US
42427,US
42428,CA
42429,US
42430,DE
42431,DE
42432,DE
42433,GB
42434,US
42435,GB
42436,US
42437,DE
42438,GB
42439,US
42440,GB
42441,GB
42442,GB
42443,CA
42444,GB
42445,US
42446,DE
42447,DE
42448,CA
42449,CA
42450,DE
42451,US
42452,GB
42453,CA
42454,CA
42455,DE
42456,DE
42457,DE
42458,US
42459,DE
42460,US
42461,GB
42462,US
42463,GB
42464,GB
42465,CA
42466,GB
42467,GB
42468,US
42469,GB
42470,DE
42471,GB
42472,CA
42473,GB
42474,CA
42475,CA
42476,GB
42477,US
42478,GB
42479,GB
42480,US
42481,US
42482,GB
42483,DE
42484,DE
42485,GB
42486,GB
42487,DE
42488,CA
42489,CA
42490,DE
42491,CA
42492,GB
42493,US
42494,DE
42495,DE
42496,US
42497,CA
42498,GB
42499,CA
42500,US
42501,GB
42502,DE
42503,GB
42504,US
42505,GB
42506,US
42507,US
42508,US
42509,US
42510,US
42511,DE
42512,CA
42513,DE
42514,GB
42515,US
42516,DE
42517,GB
42518,CA
42519,US
42520,CA
42521,CA
42522,GB
42523,DE
42524,US
42525,US
42526,DE
42527,DE
42528,US
42529,GB
42530,DE
42531,US
42532,DE
42533,CA
42534,CA
42535,GB
42536,CA
42537,US
42538,GB
42539,US
42540,GB
42541,CA
42542,CA
42543,CA
42544,GB
42545,US
42546,GB
42547,DE
42548,CA
42549,US
42550,DE
42551,CA
42552,CA
42553,CA
42554,GB
42555,DE
42556,GB
42557,CA
42558,DE
42559,CA
42560,US
42561,DE
42562,US
42563,GB
42564,US
42565,US
42566,GB
42567,DE
42568,US
42569,GB
42570,CA
42571,GB
42572,GB
42573,CA
42574,US
42575,US
42576,GB
42577,CA
42578,GB
42579,DE
42580,DE
42581,US
42582,US
42583,CA
42584,GB
42585,US
42586,US
42587,US
42588,CA
42589,CA
42590,GB
42591,US
42592,DE
42593,US
42594,DE
42595,DE
42596,GB
42597,DE
42598,GB
42599,GB
42600,DE
42601,US
42602,DE
42603,CA
42604,GB
42605,CA
42606,DE
42607,CA
42608,DE
42609,US
42610,US
42611,CA
42612,GB
42613,DE
42614,DE
42615,CA
42616,DE
42617,GB
42618,US
42619,GB
42620,DE
42621,GB
42622,CA
42623,DE
42624,GB
42625,DE
42626,GB
42627,GB
42628,CA
42629,GB
42630,GB
42631,US
42632,GB
42633,CA
42634,CA
42635,CA
42636,US
42637,CA
42638,CA
42639,US
42640,CA
42641,US
42642,DE
42643,GB
42644,CA
42645,US
42646,US
42647,US
42648,US
42649,DE
42650,CA
42651,US
42652,CA
42653,DE
42654,US
42655,GB
42656,DE
42657,US
42658,GB
42659,GB
42660,CA
42661,US
42662,US
42663,GB
42664,CA
42665,US
42666,DE
42667,DE
42668,DE
42669,US
42670,CA
42671,GB
42672,DE
42673,CA
42674,US
42675,GB
42676,GB
42677,CA
42678,GB
42679,US
42680,GB
42681,GB
42682,CA
42683,DE
42684,CA
42685,DE
42686,US
42687,CA
42688,GB
42689,DE
42690,US
42691,DE
42692,US
42693,CA
42694,CA
42695,US
42696,GB
42697,US
42698,US
42699,CA
42700,GB
42701,US
42702,GB
42703,DE
42704,DE
42705,US
42706,GB
42707,DE
42708,GB
42709,CA
42710,CA
42711,DE
42712,CA
42713,US
42714,CA
42715,CA
42716,US
42717,DE
42718,GB
42719,DE
42720,US
42721,CA
42722,GB
42723,GB
42724,GB
42725,DE
42726,GB
42727,US
42728,US
42729,DE
42730,CA
42731,US
42732,US
42733,CA
42734,DE
42735,US
42736,CA
42737,CA
42738,GB
42739,US
42740,DE
42741,US
42742,GB
42743,GB
42744,US
42745,US
42746,US
42747,DE
42748,CA
42749,DE
42750,US
42751,CA
42752,US
42753,CA
42754,CA
42755,DE
42756,GB
42757,CA
42758,GB
42759,DE
42760,US
42761,US
42762,US
42763,CA
42764,US
42765,US
42766,GB
42767,CA
42768,US
42769,GB
42770,DE
42771,CA
42772,DE
42773,US
42774,DE
42775,CA
42776,DE
42777,GB
42778,GB
42779,GB
42780,DE
42781,CA
42782,CA
42783,GB
42784,DE
42785,DE
42786,DE
42787,US
42788,GB
42789,CA
42790,GB
42791,CA
42792,GB
42793,GB
42794,GB
42795,GB
42796,CA
42797,US
42798,US
42799,GB
42800,US
42801,DE
42802,CA
42803,DE
42804,GB
42805,DE
42806,CA
42807,US
42808,GB
42809,CA
42810,GB
42811,GB
42812,CA
42813,CA
42814,CA
42815,US
42816,DE
42817,CA
42818,GB
42819,US
42820,GB
42821,CA
42822,CA
42823,CA
42824,DE
42825,DE
42826,US
42827,CA
42828,DE
42829,DE
42830,DE
42831,US
42832,CA
42833,DE
42834,US
42835,US
42836,GB
42837,US
42838,DE
42839,DE
42840,GB
42841,GB
42842,US
42843,CA
42844,CA
42845,US
42846,US
42847,CA
42848,GB
42849,US
42850,CA
42851,CA
42852,DE
42853,DE
42854,GB
42855,GB
42856,US
42857,DE
42858,DE
42859,DE
42860,CA
42861,DE
42862,GB
42863,CA
42864,GB
42865,GB
42866,DE
42867,US
42868,US
42869,DE
42870,US
42871,GB
42872,DE
42873,GB
42874,CA
42875,CA
42876,GB
42877,CA
42878,CA
42879,US
42880,CA
42881,DE
42882,GB
42883,DE
42884,GB
42885,US
42886,CA
42887,GB
42888,US
42889,DE
42890,US
42891,CA
42892,DE
42893,US
42894,DE
42895,US
42896,DE
42897,DE
42898,GB
42899,US
42900,DE
42901,GB
42902,DE
42903,US
42904,DE
42905,US
42906,US
42907,US
42908,US
42909,CA
42910,GB
42911,CA
42912,CA
42913,US
42914,CA
42915,CA
42916,DE
42917,DE
42918,US
42919,US
42920,GB
42921,CA
42922,DE
42923,US
42924,GB
42925,DE
42926,GB
42927,DE
42928,DE
42929,CA
42930,DE
42931,DE
42932,DE
42933,US
42934,CA
42935,US
42936,DE
42937,DE
42938,CA
42939,GB
42940,GB
42941,GB
42942,DE
42943,US
42944,GB
42945,DE
42946,CA
42947,CA
42948,GB
42949,GB
42950,DE
42951,DE
42952,US
42953,CA
42954,GB
42955,DE
42956,GB
42957,CA
42958,GB
42959,CA
42960,DE
42961,US
42962,DE
42963,DE
42964,US
42965,US
42966,GB
42967,DE
42968,GB
42969,DE
42970,CA
42971,DE
42972,GB
42973,US
42974,DE
42975,US
42976,GB
42977,GB
42978,DE
42979,US
42980,CA
42981,US
42982,US
42983,CA
42984,CA
42985,DE
42986,GB
42987,DE
42988,CA
42989,GB
42990,DE
42991,DE
42992,DE
42993,GB
42994,US
42995,US
42996,DE
42997,US
42998,DE
42999,CA
43000,GB
43001,GB
43002,CA
43003,DE
43004,DE
43005,GB
43006,US
43007,CA
43008,DE
43009,US
43010,CA
43011,US
43012,DE
43013,GB
43014,DE
43015,US
43016,US
43017,DE
43018,US
43019,GB
43020,DE
43021,CA
43022,CA
43023,CA
43024,GB
43025,CA
43026,US
43027,CA
43028,CA
43029,CA
43030,US
43031,DE
43032,CA
43033,CA
43034,DE
43035,DE
43036,GB
43037,GB
43038,DE
43039,CA
43040,DE
43041,CA
43042,GB
43043,DE
43044,US
43045,GB
43046,CA
43047,DE
43048,CA
43049,US
43050,US
43051,DE
43052,DE
43053,US
43054,CA
43055,US
43056,DE
43057,GB
43058,US
43059,CA
43060,US
43061,DE
43062,US
43063,CA
43064,GB
43065,DE
43066,GB
43067,CA
43068,US
43069,CA
43070,US
43071,GB
43072,DE
43073,DE
43074,CA
43075,US
43076,US
43077,CA
43078,US
43079,DE
43080,DE
43081,CA
43082,CA
43083,DE
43084,US
43085,US
43086,CA
43087,CA
43088,DE
43089,DE
43090,DE
43091,US
43092,CA
43093,DE
43094,GB
43095,US
43096,GB
43097,CA
43098,US
43099,GB
43100,GB
43101,US
43102,CA
43103,CA
43104,US
43105,CA
43106,US
43107,GB
43108,US
43109,GB
43110,US
43111,GB
43112,GB
43113,CA
43114,US
43115,US
43116,US
43117,US
43118,GB
43119,GB
43120,DE
43121,GB
43122,DE
43123,DE
43124,GB
43125,US
43126,CA
43127,GB
43128,GB
43129,US
43130,CA
43131,CA
43132,US
43133,US
43134,GB
43135,GB
43136,US
43137,GB
43138,DE
43139,CA
43140,CA
43141,GB
43142,GB
43143,CA
43144,GB
43145,US
43146,CA
43147,GB
43148,GB
43149,GB
43150,US
43151,US
43152,DE
43153,CA
43154,US
43155,GB
43156,GB
43157,DE
43158,US
43159,CA
43160,US
43161,CA
43162,US
43163,US
43164,GB
43165,DE
43166,CA
43167,GB
43168,CA
43169,GB
43170,US
43171,CA
43172,GB
43173,GB
43174,DE
43175,DE
43176,CA
43177,GB
43178,DE
43179,GB
43180,US
43181,US
43182,CA
43183,CA
43184,DE
43185,GB
43186,CA
43187,GB
43188,GB
43189,DE
43190,GB
43191,CA
43192,CA
43193,GB
43194,CA
43195,DE
43196,DE
43197,CA
43198,CA
43199,CA
43200,DE
43201,GB
43202,CA
43203,US
43204,CA
43205,CA
43206,DE
43207,CA
43208,CA
43209,GB
43210,US
43211,US
43212,US
43213,CA
43214,CA
43215,DE
43216,DE
43217,CA
43218,GB
43219,CA
43220,US
43221,CA
43222,CA
43223,DE
43224,GB
43225,DE
43226,DE
43227,GB
43228,US
43229,CA
43230,CA
43231,DE
43232,GB
43233,CA
43234,DE
43235,US
43236,GB
43237,GB
43238,DE
43239,DE
43240,GB
43241,DE
43242,GB
43243,US
43244,GB
43245,CA
43246,DE
43247,CA
43248,DE
43249,DE
43250,US
43251,DE
43252,US
43253,US
43254,DE
43255,US
43256,CA
43257,GB
43258,CA
43259,DE
43260,DE
43261,US
43262,US
43263,CA
43264,DE
43265,US
43266,US
43267,US
43268,DE
43269,DE
43270,GB
43271,CA
43272,CA
43273,GB
43274,US
43275,US
43276,DE
43277,DE
43278,GB
43279,GB
43280,US
43281,GB
43282,US
43283,US
43284,GB
43285,US
43286,DE
43287,GB
43288,US
43289,GB
43290,US
43291,DE
43292,CA
43293,US
43294,CA
43295,CA
43296,GB
43297,GB
43298,US
43299,US
43300,DE
43301,US
43302,US
43303,CA
43304,DE
43305,CA
43306,CA
43307,GB
43308,GB
43309,DE
43310,US
43311,DE
43312,US
43313,GB
43314,CA
43315,DE
43316,CA
43317,GB
43318,GB
43319,GB
43320,GB
43321,CA
43322,GB
43323,US
43324,GB
43325,CA
43326,US
43327,GB
43328,US
43329,DE
43330,GB
43331,US
43332,CA
43333,GB
43334,US
43335,GB
43336,DE
43337,US
43338,US
43339,US
43340,US
43341,GB
43342,CA
43343,GB
43344,GB
43345,GB
43346,CA
43347,DE
43348,DE
43349,CA
43350,GB
43351,CA
43352,GB
43353,CA
43354,US
43355,GB
43356,GB
43357,DE
43358,CA
43359,DE
43360,CA
43361,GB
43362,DE
43363,GB
43364,US
43365,GB
43366,CA
43367,GB
43368,DE
43369,US
43370,DE
43371,GB
43372,US
43373,DE
43374,US
43375,US
43376,US
43377,CA
43378,US
43379,US
43380,US
43381,CA
43382,GB
43383,CA
43384,GB
43385,CA
43386,US
43387,US
43388,CA
43389,US
43390,US
43391,GB
43392,US
43393,GB
43394,DE
43395,US
43396,GB
43397,DE
43398,CA
43399,GB
43400,DE
43401,CA
43402,US
43403,DE
43404,US
43405,US
43406,GB
43407,US
43408,DE
43409,DE
43410,GB
43411,CA
43412,US
43413,CA
43414,US
43415,DE
43416,CA
43417,GB
43418,GB
43419,GB
43420,US
43421,US
43422,GB
43423,GB
43424,GB
43425,US
43426,DE
43427,GB
43428,US
43429,GB
43430,CA
43431,CA
43432,US
43433,CA
43434,GB
43435,CA
43436,DE
43437,DE
43438,DE
43439,CA
43440,DE
43441,CA
43442,DE
43443,GB
43444,DE
43445,GB
43446,CA
43447,DE
43448,DE
43449,DE
43450,US
43451,US
43452,DE
43453,GB
43454,US
43455,US
43456,GB
43457,CA
43458,US
43459,CA
43460,GB
43461,CA
43462,DE
43463,CA
43464,DE
43465,US
43466,DE
43467,DE
43468,US
43469,US
43470,DE
43471,GB
43472,US
43473,GB
43474,CA
43475,GB
43476,DE
43477,CA
43478,GB
43479,GB
43480,US
43481,US
43482,GB
43483,US
43484,US
43485,US
43486,DE
43487,DE
43488,GB
43489,CA
43490,CA
43491,CA
43492,CA
43493,DE
43494,US
43495,GB
43496,US
43497,DE
43498,CA
43499,GB
43500,US
43501,US
43502,US
43503,DE
43504,DE
43505,DE
43506,US
43507,US
43508,CA
43509,GB
43510,US
43511,CA
43512,CA
43513,DE
43514,CA
43515,US
43516,GB
43517,GB
43518,GB
43519,DE
43520,GB
43521,US
43522,US
43523,GB
43524,DE
43525,US
43526,DE
43527,GB
43528,CA
43529,DE
43530,CA
43531,DE
43532,DE
43533,US
43534,CA
43535,GB
43536,CA
43537,CA
43538,CA
43539,US
43540,DE
43541,US
43542,US
43543,GB
43544,US
43545,DE
43546,US
43547,US
43548,DE
43549,DE
43550,DE
43551,CA
43552,US
43553,US
43554,US
43555,DE
43556,GB
43557,GB
43558,GB
43559,GB
43560,GB
43561,GB
43562,US
43563,US
43564,GB
43565,GB
43566,DE
43567,GB
43568,GB
43569,DE
43570,CA
43571,US
43572,GB
43573,CA
43574,GB
43575,DE
43576,CA
43577,US
43578,CA
43579,CA
43580,GB
43581,US
43582,US
43583,US
43584,CA
43585,DE
43586,GB
43587,US
43588,CA
43589,DE
43590,US
43591,DE
43592,US
43593,US
43594,CA
43595,US
43596,CA
43597,US
43598,CA
43599,CA
43600,US
43601,GB
43602,US
43603,CA
43604,US
43605,GB
43606,US
43607,DE
43608,CA
43609,GB
43610,CA
43611,DE
43612,DE
43613,GB
43614,CA
43615,GB
43616,US
43617,US
43618,GB
43619,DE
43620,GB
43621,DE
43622,CA
43623,US
43624,US
43625,GB
43626,US
43627,DE
43628,CA
43629,CA
43630,GB
43631,DE
43632,DE
43633,GB
43634,CA
43635,GB
43636,DE
43637,DE
43638,GB
43639,DE
43640,GB
43641,US
43642,CA
43643,CA
43644,DE
43645,GB
43646,DE
43647,GB
43648,CA
43649,GB
43650,GB
43651,CA
43652,US
43653,GB
43654,DE
43655,DE
43656,GB
43657,US
43658,GB
43659,DE
43660,CA
43661,GB
43662,DE
43663,CA
43664,CA
43665,GB
43666,CA
43667,GB
43668,US
43669,DE
43670,US
43671,GB
43672,US
43673,GB
43674,CA
43675,DE
43676,GB
43677,DE
43678,GB
43679,GB
43680,GB
43681,US
43682,GB
43683,US
43684,CA
43685,DE
43686,US
43687,CA
43688,DE
43689,GB
43690,GB
43691,US
43692,US
43693,CA
43694,CA
43695,DE
43696,DE
43697,GB
43698,DE
43699,DE
43700,CA
43701,GB
43702,CA
43703,GB
43704,GB
43705,CA
43706,GB
43707,CA
43708,GB
43709,CA
43710,CA
43711,GB
43712,CA
43713,US
43714,GB
43715,CA
43716,CA
43717,GB
43718,DE
43719,US
43720,DE
43721,US
43722,GB
43723,DE
43724,DE
43725,DE
43726,US
43727,CA
43728,CA
43729,US
43730,DE
43731,GB
43732,CA
43733,CA
43734,GB
43735,DE
43736,GB
43737,GB
43738,GB
43739,US
43740,US
43741,GB
43742,CA
43743,US
43744,DE
43745,CA
43746,GB
43747,DE
43748,GB
43749,US
43750,DE
43751,US
43752,US
43753,DE
43754,CA
43755,CA
43756,CA
43757,CA
43758,DE
43759,CA
43760,CA
43761,CA
43762,CA
43763,GB
43764,DE
43765,DE
43766,US
43767,US
43768,DE
43769,CA
43770,GB
43771,CA
43772,GB
43773,DE
43774,DE
43775,DE
43776,CA
43777,DE
43778,DE
43779,CA
43780,GB
43781,CA
43782,GB
43783,CA
43784,GB
43785,CA
43786,US
43787,DE
43788,GB
43789,GB
43790,CA
43791,US
43792,US
43793,CA
43794,CA
43795,GB
43796,GB
43797,CA
43798,US
43799,CA
43800,US
43801,CA
43802,US
43803,DE
43804,US
43805,DE
43806,GB
43807,GB
43808,CA
43809,DE
43810,DE
43811,DE
43812,CA
43813,US
43814,GB
43815,DE
43816,DE
43817,US
43818,GB
43819,GB
43820,DE
43821,US
43822,DE
43823,US
43824,CA
43825,DE
43826,GB
43827,GB
43828,US
43829,GB
43830,GB
43831,US
43832,CA
43833,CA
43834,CA
43835,DE
43836,GB
43837,US
43838,US
43839,US
43840,CA
43841,CA
43842,US
43843,DE
43844,DE
43845,US
43846,CA
43847,US
43848,GB
43849,CA
43850,GB
43851,CA
43852,GB
43853,CA
43854,US
43855,GB
43856,CA
43857,DE
43858,CA
43859,CA
43860,US
43861,US
43862,US
43863,US
43864,GB
43865,GB
43866,US
43867,DE
43868,CA
43869,CA
43870,GB
43871,CA
43872,DE
43873,US
43874,US
43875,DE
43876,CA
43877,DE
43878,GB
43879,US
43880,DE
43881,GB
43882,CA
43883,US
43884,GB
43885,DE
43886,DE
43887,CA
43888,CA
43889,US
43890,CA
43891,CA
43892,GB
43893,CA
43894,US
43895,CA
43896,GB
43897,GB
43898,US
43899,CA
43900,GB
43901,DE
43902,GB
43903,US
43904,US
43905,DE
43906,DE
43907,CA
43908,GB
43909,GB
43910,GB
43911,GB
43912,US
43913,CA
43914,DE
43915,DE
43916,DE
43917,CA
43918,DE
43919,US
43920,GB
43921,CA
43922,US
43923,DE
43924,DE
43925,DE
43926,CA
43927,DE
43928,GB
43929,CA
43930,GB
43931,GB
43932,CA
43933,CA
43934,GB
43935,DE
43936,GB
43937,US
43938,CA
43939,CA
43940,DE
43941,CA
43942,CA
43943,GB
43944,CA
43945,DE
43946,US
43947,GB
43948,US
43949,GB
43950,GB
43951,US
43952,DE
43953,CA
43954,CA
43955,CA
43956,US
43957,GB
43958,DE
43959,GB
43960,DE
43961,DE
43962,DE
43963,US
43964,GB
43965,CA
43966,US
43967,US
43968,US
43969,GB
43970,CA
43971,US
43972,CA
43973,DE
43974,US
43975,GB
43976,CA
43977,CA
43978,US
43979,GB
43980,DE
43981,DE
43982,GB
43983,US
43984,DE
43985,GB
43986,US
43987,DE
43988,DE
43989,US
43990,DE
43991,CA
43992,GB
43993,DE
43994,DE
43995,US
43996,DE
43997,US
43998,GB
43999,GB
44000,GB
44001,DE
44002,DE
44003,CA
44004,GB
44005,DE
44006,DE
44007,GB
44008,DE
44009,US
44010,GB
44011,GB
44012,CA
44013,CA
44014,CA
44015,US
44016,GB
44017,GB
44018,CA
44019,DE
44020,US
44021,CA
44022,US
44023,US
44024,US
44025,GB
44026,GB
44027,DE
44028,CA
44029,US
44030,DE
44031,DE
44032,CA
44033,GB
44034,US
44035,US
44036,DE
44037,CA
44038,DE
44039,US
44040,CA
44041,GB
44042,DE
44043,CA
44044,GB
44045,DE
44046,US
44047,GB
44048,DE
44049,DE
44050,CA
44051,GB
44052,CA
44053,US
44054,CA
44055,CA
44056,GB
44057,US
44058,DE
44059,GB
44060,US
44061,DE
44062,GB
44063,US
44064,CA
44065,CA
44066,CA
44067,CA
44068,DE
44069,CA
44070,GB
44071,GB
44072,CA
44073,DE
44074,GB
44075,DE
44076,US
44077,GB
44078,DE
44079,GB
44080,CA
44081,US
44082,GB
44083,CA
44084,DE
44085,US
44086,DE
44087,CA
44088,CA
44089,DE
44090,DE
44091,DE
44092,CA
44093,US
44094,DE
44095,GB
44096,US
44097,DE
44098,US
44099,US
44100,GB
44101,DE
44102,US
44103,CA
44104,US
44105,CA
44106,CA
44107,GB
44108,CA
44109,DE
44110,CA
44111,US
44112,CA
44113,CA
44114,GB
44115,US
44116,CA
44117,CA
44118,CA
44119,US
44120,US
44121,GB
44122,US
44123,CA
44124,CA
44125,DE
44126,GB
44127,US
44128,GB
44129,DE
44130,CA
44131,US
44132,GB
44133,CA
44134,GB
44135,DE
44136,US
44137,DE
44138,DE
44139,GB
44140,GB
44141,US
44142,DE
44143,US
44144,DE
44145,US
44146,US
44147,GB
44148,DE
44149,US
44150,DE
44151,GB
44152,CA
44153,US
44154,US
44155,CA
44156,GB
44157,GB
44158,CA
44159,DE
44160,US
44161,US
44162,DE
44163,US
44164,GB
44165,DE
44166,US
44167,DE
44168,US
44169,US
44170,US
44171,DE
44172,GB
44173,GB
44174,CA
44175,CA
44176,DE
44177,US
44178,DE
44179,DE
44180,CA
44181,CA
44182,DE
44183,US
44184,US
44185,DE
44186,DE
44187,GB
44188,US
44189,DE
44190,CA
44191,GB
44192,CA
44193,US
44194,US
44195,GB
44196,DE
44197,GB
44198,DE
44199,DE
44200,GB
44201,DE
44202,CA
44203,CA
44204,US
44205,GB
44206,CA
44207,US
44208,DE
44209,CA
44210,GB
44211,US
44212,US
44213,GB
44214,CA
44215,US
44216,US
44217,US
44218,DE
44219,CA
44220,DE
44221,GB
44222,GB
44223,GB
44224,US
44225,CA
44226,US
44227,GB
44228,DE
44229,CA
44230,GB
44231,GB
44232,CA
44233,CA
44234,GB
44235,DE
44236,US
44237,CA
44238,GB
44239,GB
44240,US
44241,CA
44242,DE
44243,CA
44244,GB
44245,CA
44246,US
44247,US
44248,CA
44249,GB
44250,CA
44251,DE
44252,DE
44253,GB
44254,DE
44255,DE
44256,GB
44257,CA
44258,GB
44259,DE
44260,DE
44261,CA
44262,US
44263,US
44264,GB
44265,US
44266,DE
44267,US
44268,DE
44269,DE
44270,DE
44271,CA
44272,US
44273,US
44274,US
44275,DE
44276,DE
44277,CA
44278,DE
44279,GB
44280,DE
44281,GB
44282,GB
44283,CA
44284,CA
44285,GB
44286,CA
44287,DE
44288,CA
44289,US
44290,DE
44291,GB
44292,CA
44293,US
44294,DE
44295,CA
44296,GB
44297,CA
44298,DE
44299,GB
44300,US
44301,GB
44302,DE
44303,DE
44304,US
44305,CA
44306,US
44307,GB
44308,CA
44309,CA
44310,DE
44311,US
44312,US
44313,US
44314,DE
44315,GB
44316,CA
44317,US
44318,GB
44319,US
44320,US
44321,DE
44322,CA
44323,US
44324,US
44325,GB
44326,US
44327,US
44328,DE
44329,US
44330,DE
44331,US
44332,GB
44333,DE
44334,GB
44335,CA
44336,CA
44337,CA
44338,GB
44339,GB
44340,US
44341,DE
44342,CA
44343,DE
44344,US
44345,GB
44346,DE
44347,US
44348,DE
44349,DE
44350,US
44351,GB
44352,CA
44353,GB
44354,GB
44355,GB
44356,GB
44357,CA
44358,GB
44359,DE
44360,DE
44361,DE
44362,US
44363,CA
44364,US
44365,CA
44366,US
44367,DE
44368,US
44369,DE
44370,US
44371,DE
44372,GB
44373,GB
44374,DE
44375,CA
44376,GB
44377,CA
44378,DE
44379,US
44380,US
44381,GB
44382,CA
44383,DE
44384,CA
44385,US
44386,GB
44387,DE
44388,GB
44389,CA
44390,CA
44391,US
44392,DE
44393,CA
44394,GB
44395,CA
44396,GB
44397,US
44398,US
44399,GB
44400,GB
44401,US
44402,CA
44403,DE
44404,US
44405,CA
44406,CA
44407,DE
44408,DE
44409,US
44410,DE
44411,DE
44412,CA
44413,CA
44414,GB
44415,DE
44416,CA
44417,US
44418,CA
44419,GB
44420,GB
44421,US
44422,DE
44423,DE
44424,CA
44425,DE
44426,US
44427,DE
44428,GB
44429,US
44430,GB
44431,GB
44432,US
44433,CA
44434,DE
44435,US
44436,DE
44437,DE
44438,GB
44439,CA
44440,US
44441,CA
44442,US
44443,DE
44444,CA
44445,GB
44446,GB
44447,DE
44448,US
44449,CA
44450,GB
44451,GB
44452,CA
44453,GB
44454,CA
44455,CA
44456,DE
44457,DE
44458,GB
44459,US
44460,CA
44461,US
44462,GB
44463,GB
44464,GB
44465,GB
44466,CA
44467,US
44468,CA
44469,CA
44470,CA
44471,CA
44472,US
44473,GB
44474,CA
44475,CA
44476,DE
44477,DE
44478,CA
44479,CA
44480,CA
44481,DE
44482,CA
44483,DE
44484,GB
44485,GB
44486,US
44487,GB
44488,CA
44489,CA
44490,DE
44491,US
44492,GB
44493,US
44494,US
44495,DE
44496,US
44497,US
44498,CA
44499,CA
44500,GB
44501,US
44502,US
44503,US
44504,GB
44505,CA
44506,US
44507,DE
44508,CA
44509,GB
44510,GB
44511,CA
44512,GB
44513,DE
44514,CA
44515,GB
44516,GB
44517,GB
44518,CA
44519,DE
44520,CA
44521,GB
44522,CA
44523,GB
44524,US
44525,CA
44526,CA
44527,GB
44528,CA
44529,CA
44530,CA
44531,DE
44532,US
44533,US
44534,CA
44535,CA
44536,DE
44537,US
44538,DE
44539,DE
44540,US
44541,GB
44542,GB
44543,GB
44544,US
44545,DE
44546,DE
44547,US
44548,DE
44549,CA
44550,GB
44551,DE
44552,CA
44553,US
44554,DE
44555,GB
44556,US
44557,DE
44558,GB
44559,GB
44560,GB
44561,GB
44562,CA
44563,DE
44564,GB
44565,CA
44566,US
44567,CA
44568,DE
44569,GB
44570,GB
44571,CA
44572,US
44573,GB
44574,CA
44575,DE
44576,CA
44577,US
44578,DE
44579,DE
44580,CA
44581,US
44582,DE
44583,DE
44584,GB
44585,CA
44586,CA
44587,DE
44588,DE
44589,CA
44590,US
44591,CA
44592,CA
44593,US
44594,US
44595,CA
44596,US
44597,DE
44598,DE
44599,US
44600,GB
44601,DE
44602,CA
44603,DE
44604,GB
44605,US
44606,CA
44607,CA
44608,CA
44609,CA
44610,US
44611,DE
44612,CA
44613,GB
44614,CA
44615,GB
44616,DE
44617,DE
44618,DE
44619,US
44620,US
44621,CA
44622,DE
44623,DE
44624,DE
44625,US
44626,US
44627,CA
44628,DE
44629,GB
44630,GB
44631,CA
44632,CA
44633,GB
44634,CA
44635,CA
44636,CA
44637,CA
44638,CA
44639,GB
44640,US
44641,GB
44642,GB
44643,CA
44644,DE
44645,DE
44646,CA
44647,DE
44648,US
44649,DE
44650,CA
44651,CA
44652,CA
44653,GB
44654,US
44655,GB
44656,US
44657,GB
44658,GB
44659,US
44660,GB
44661,CA
44662,GB
44663,GB
44664,US
44665,US
44666,DE
44667,GB
44668,CA
44669,GB
44670,US
44671,DE
44672,GB
44673,DE
44674,GB
44675,CA
44676,US
44677,US
44678,US
44679,CA
44680,US
44681,CA
44682,CA
44683,DE
44684,GB
44685,GB
44686,GB
44687,US
44688,CA
44689,GB
44690,US
44691,GB
44692,CA
44693,DE
44694,GB
44695,CA
44696,CA
44697,US
44698,US
44699,DE
44700,US
44701,US
44702,DE
44703,CA
44704,GB
44705,DE
44706,DE
44707,US
44708,CA
44709,CA
44710,CA
44711,DE
44712,GB
44713,GB
44714,GB
44715,DE
44716,CA
44717,CA
44718,CA
44719,US
44720,CA
44721,DE
44722,US
44723,DE
44724,DE
44725,US
44726,GB
44727,US
44728,US
44729,GB
44730,DE
44731,DE
44732,GB
44733,US
44734,CA
44735,DE
44736,US
44737,GB
44738,GB
44739,DE
44740,US
44741,GB
44742,DE
44743,GB
44744,DE
44745,GB
44746,GB
44747,GB
44748,GB
44749,US
44750,CA
44751,CA
44752,GB
44753,US
44754,CA
44755,US
44756,GB
44757,US
44758,US
44759,GB
44760,US
44761,GB
44762,DE
44763,GB
44764,US
44765,US
44766,GB
44767,US
44768,CA
44769,GB
44770,DE
44771,GB
44772,DE
44773,CA
44774,US
44775,GB
44776,US
44777,DE
44778,DE
44779,CA
44780,GB
44781,CA
44782,GB
44783,DE
44784,US
44785,GB
44786,CA
44787,CA
44788,GB
44789,CA
44790,CA
44791,GB
44792,GB
44793,GB
44794,US
44795,US
44796,US
44797,US
44798,DE
44799,DE
44800,DE
44801,GB
44802,DE
44803,CA
44804,CA
44805,DE
44806,CA
44807,CA
44808,DE
44809,DE
44810,DE
44811,GB
44812,DE
44813,DE
44814,CA
44815,CA
44816,US
44817,GB
44818,GB
44819,DE
44820,US
44821,CA
44822,CA
44823,US
44824,US
44825,CA
44826,CA
44827,CA
44828,DE
44829,CA
44830,DE
44831,CA
44832,GB
44833,CA
44834,US
44835,CA
44836,DE
44837,US
44838,CA
44839,GB
44840,US
44841,DE
44842,US
44843,US
44844,US
44845,CA
44846,US
44847,CA
44848,CA
44849,GB
44850,GB
44851,DE
44852,US
44853,DE
44854,US
44855,DE
44856,GB
44857,GB
44858,DE
44859,DE
44860,DE
44861,DE
44862,DE
44863,DE
44864,US
44865,CA
44866,US
44867,DE
44868,DE
44869,US
44870,US
44871,CA
44872,US
44873,CA
44874,US
44875,GB
44876,US
44877,US
44878,US
44879,US
44880,US
44881,CA
44882,DE
44883,DE
44884,US
44885,US
44886,CA
44887,CA
44888,US
44889,CA
44890,US
44891,US
44892,CA
44893,DE
44894,DE
44895,DE
44896,CA
44897,US
44898,US
44899,DE
44900,DE
44901,CA
44902,GB
44903,GB
44904,GB
44905,GB
44906,DE
44907,DE
44908,US
44909,GB
44910,CA
44911,US
44912,US
44913,GB
44914,US
44915,GB
44916,DE
44917,CA
44918,GB
44919,GB
44920,US
44921,GB
44922,DE
44923,GB
44924,US
44925,GB
44926,US
44927,US
44928,US
44929,DE
44930,GB
44931,GB
44932,GB
44933,DE
44934,US
44935,US
44936,GB
44937,DE
44938,CA
44939,GB
44940,GB
44941,CA
44942,CA
44943,DE
44944,GB
44945,US
44946,DE
44947,DE
44948,US
44949,CA
44950,US
44951,DE
44952,GB
44953,CA
44954,CA
44955,DE
44956,GB
44957,US
44958,GB
44959,US
44960,GB
44961,DE
44962,US
44963,CA
44964,DE
44965,CA
44966,CA
44967,US
44968,GB
44969,CA
44970,DE
44971,DE
44972,DE
44973,GB
44974,GB
44975,US
44976,US
44977,US
44978,DE
44979,US
44980,GB
44981,GB
44982,GB
44983,US
44984,US
44985,DE
44986,DE
44987,GB
44988,GB
44989,US
44990,GB
44991,DE
44992,DE
44993,GB
44994,CA
44995,US
44996,US
44997,CA
44998,DE
44999,DE
45000,GB
45001,US
45002,DE
45003,CA
45004,GB
45005,US
45006,DE
45007,DE
45008,US
45009,GB
45010,DE
45011,GB
45012,CA
45013,US
45014,CA
45015,CA
45016,GB
45017,DE
45018,CA
45019,CA
45020,CA
45021,CA
45022,GB
45023,DE
45024,GB
45025,US
45026,US
45027,DE
45028,GB
45029,CA
45030,DE
45031,CA
45032,DE
45033,DE
45034,GB
45035,CA
45036,CA
45037,DE
45038,DE
45039,DE
45040,CA
45041,GB
45042,US
45043,CA
45044,CA
45045,DE
45046,GB
45047,CA
45048,CA
45049,CA
45050,CA
45051,US
45052,US
45053,GB
45054,GB
45055,CA
45056,GB
45057,GB
45058,GB
45059,US
45060,CA
45061,CA
45062,CA
45063,US
45064,US
45065,GB
45066,US
45067,CA
45068,DE
45069,CA
45070,DE
45071,GB
45072,GB
45073,GB
45074,DE
45075,DE
45076,US
45077,GB
45078,CA
45079,CA
45080,DE
45081,CA
45082,DE
45083,CA
45084,US
45085,CA
45086,DE
45087,GB
45088,CA
45089,US
45090,GB
45091,US
45092,DE
45093,DE
45094,CA
45095,DE
45096,US
45097,US
45098,US
45099,US
45100,GB
45101,CA
45102,US
45103,US
45104,GB
45105,DE
45106,DE
45107,DE
45108,CA
45109,GB
45110,CA
45111,CA
45112,US
45113,DE
45114,US
45115,US
45116,DE
45117,GB
45118,US
45119,CA
45120,US
45121,US
45122,DE
45123,DE
45124,GB
45125,CA
45126,DE
45127,GB
45128,CA
45129,CA
45130,GB
45131,GB
45132,GB
45133,CA
45134,GB
45135,US
45136,DE
45137,DE
45138,DE
45139,US
45140,US
45141,DE
45142,CA
45143,DE
45144,CA
45145,CA
45146,US
45147,CA
45148,GB
45149,CA
45150,US
45151,DE
45152,GB
45153,CA
45154,US
45155,US
45156,US
45157,US
45158,GB
45159,US
45160,CA
45161,CA
45162,CA
45163,GB
45164,US
45165,US
45166,CA
45167,GB
45168,CA
45169,CA
45170,GB
45171,US
45172,DE
45173,DE
45174,DE
45175,US
45176,GB
45177,GB
45178,US
45179,CA
45180,GB
45181,CA
45182,DE
45183,US
45184,GB
45185,DE
45186,GB
45187,GB
45188,DE
45189,CA
45190,US
45191,CA
45192,DE
45193,CA
45194,US
45195,CA
45196,US
45197,GB
45198,US
45199,CA
45200,US
45201,DE
45202,DE
45203,CA
45204,DE
45205,GB
45206,DE
45207,CA
45208,CA
45209,CA
45210,DE
45211,US
45212,US
45213,DE
45214,DE
45215,CA
45216,US
45217,US
45218,CA
45219,GB
45220,DE
45221,DE
45222,CA
45223,GB
45224,US
45225,DE
45226,DE
45227,CA
45228,US
45229,GB
45230,DE
45231,US
45232,US
45233,DE
45234,GB
45235,CA
45236,DE
45237,US
45238,US
45239,GB
45240,CA
45241,CA
45242,DE
45243,CA
45244,CA
45245,DE
45246,GB
45247,CA
45248,GB
45249,GB
45250,US
45251,CA
45252,CA
45253,DE
45254,GB
45255,DE
45256,GB
45257,DE
45258,US
45259,GB
45260,CA
45261,US
45262,GB
45263,US
45264,CA
45265,DE
45266,US
45267,CA
45268,US
45269,GB
45270,DE
45271,GB
45272,CA
45273,US
45274,DE
45275,CA
45276,DE
45277,GB
45278,GB
45279,US
45280,DE
45281,DE
45282,CA
45283,DE
45284,DE
45285,CA
45286,CA
45287,DE
45288,US
45289,DE
45290,DE
45291,US
45292,GB
45293,CA
45294,GB
45295,GB
45296,GB
45297,GB
45298,US
45299,DE
45300,US
45301,US
45302,US
45303,GB
45304,US
45305,US
45306,US
45307,DE
45308,CA
45309,GB
45310,CA
45311,US
45312,DE
45313,CA
45314,DE
45315,US
45316,US
45317,DE
45318,DE
45319,US
45320,US
45321,DE
45322,US
45323,US
45324,DE
45325,CA
45326,US
45327,CA
45328,DE
45329,US
45330,DE
45331,CA
45332,CA
45333,CA
45334,US
45335,GB
45336,GB
45337,GB
45338,GB
45339,US
45340,US
45341,DE
45342,GB
45343,GB
45344,CA
45345,GB
45346,CA
45347,CA
45348,CA
45349,GB
45350,DE
45351,CA
45352,US
45353,CA
45354,DE
45355,DE
45356,US
45357,US
45358,DE
45359,DE
45360,CA
45361,US
45362,CA
45363,US
45364,GB
45365,US
45366,GB
45367,US
45368,US
45369,CA
45370,DE
45371,DE
45372,DE
45373,DE
45374,GB
45375,GB
45376,GB
45377,CA
45378,US
45379,GB
45380,US
45381,GB
45382,GB
45383,US
45384,GB
45385,CA
45386,DE
45387,CA
45388,US
45389,US
45390,GB
45391,CA
45392,CA
45393,DE
45394,GB
45395,CA
45396,US
45397,US
45398,GB
45399,CA
45400,CA
45401,CA
45402,DE
45403,DE
45404,DE
45405,US
45406,US
45407,GB
45408,GB
45409,US
45410,GB
45411,CA
45412,DE
45413,US
45414,GB
45415,DE
45416,GB
45417,CA
45418,GB
45419,GB
45420,DE
45421,US
45422,US
45423,CA
45424,US
45425,CA
45426,GB
45427,GB
45428,US
45429,CA
45430,US
45431,DE
45432,DE
45433,GB
45434,CA
45435,US
45436,US
45437,GB
45438,US
45439,DE
45440,DE
45441,CA
45442,GB
45443,DE
45444,GB
45445,CA
45446,CA
45447,CA
45448,US
45449,DE
45450,DE
45451,US
45452,DE
45453,US
45454,US
45455,DE
45456,US
45457,DE
45458,CA
45459,CA
45460,US
45461,CA
45462,US
45463,DE
45464,GB
45465,CA
45466,CA
45467,US
45468,US
45469,GB
45470,GB
45471,US
45472,CA
45473,US
45474,DE
45475,US
45476,US
45477,GB
45478,GB
45479,DE
45480,DE
45481,CA
45482,DE
45483,DE
45484,DE
45485,DE
45486,GB
45487,GB
45488,US
45489,CA
45490,US
45491,DE
45492,US
45493,CA
45494,US
45495,CA
45496,CA
45497,GB
45498,US
45499,US
45500,DE
45501,US
45502,GB
45503,US
45504,GB
45505,DE
45506,CA
45507,DE
45508,GB
45509,DE
45510,DE
45511,CA
45512,GB
45513,DE
45514,DE
45515,US
45516,DE
45517,CA
45518,DE
45519,US
45520,DE
45521,US
45522,DE
45523,GB
45524,DE
45525,CA
45526,US
45527,GB
45528,US
45529,DE
45530,DE
45531,GB
45532,CA
45533,GB
45534,US
45535,GB
45536,US
45537,US
45538,CA
45539,CA
45540,DE
45541,US
45542,DE
45543,US
45544,CA
45545,GB
45546,CA
45547,GB
45548,CA
45549,GB
45550,DE
45551,CA
45552,DE
45553,DE
45554,GB
45555,DE
45556,DE
45557,CA
45558,CA
45559,US
45560,US
45561,US
45562,CA
45563,CA
45564,DE
45565,US
45566,DE
45567,US
45568,GB
45569,DE
45570,CA
45571,CA
45572,DE
45573,DE
45574,GB
45575,US
45576,DE
45577,US
45578,US
45579,US
45580,GB
45581,DE
45582,DE
45583,DE
45584,US
45585,CA
45586,GB
45587,GB
45588,DE
45589,DE
45590,CA
45591,DE
45592,GB
45593,US
45594,US
45595,DE
45596,DE
45597,CA
45598,US
45599,GB
45600,US
45601,GB
45602,GB
45603,GB
45604,CA
45605,US
45606,CA
45607,US
45608,US
45609,GB
45610,GB
45611,GB
45612,CA
45613,GB
45614,GB
45615,CA
45616,GB
45617,US
45618,CA
45619,DE
45620,CA
45621,US
45622,DE
45623,DE
45624,DE
45625,GB
45626,DE
45627,US
45628,US
45629,DE
45630,DE
45631,GB
45632,US
45633,US
45634,US
45635,DE
45636,CA
45637,CA
45638,CA
45639,GB
45640,DE
45641,GB
45642,US
45643,GB
45644,CA
45645,CA
45646,GB
45647,DE
45648,GB
45649,US
45650,US
45651,GB
45652,GB
45653,DE
45654,CA
45655,DE
45656,CA
45657,GB
45658,DE
45659,US
45660,US
45661,GB
45662,US
45663,CA
45664,US
45665,DE
45666,US
45667,US
45668,CA
45669,DE
45670,US
45671,CA
45672,US
45673,GB
45674,DE
45675,GB
45676,GB
45677,CA
45678,DE
45679,CA
45680,US
45681,DE
45682,CA
45683,GB
45684,CA
45685,GB
45686,US
45687,DE
45688,DE
45689,GB
45690,DE
45691,US
45692,GB
45693,GB
45694,GB
45695,CA
45696,DE
45697,US
45698,GB
45699,US
45700,US
45701,CA
45702,US
45703,DE
45704,US
45705,CA
45706,GB
45707,CA
45708,CA
45709,CA
45710,GB
45711,GB
45712,DE
45713,GB
45714,DE
45715,US
45716,US
45717,US
45718,US
45719,US
45720,US
45721,GB
45722,CA
45723,US
45724,DE
45725,GB
45726,CA
45727,DE
45728,US
45729,US
45730,GB
45731,US
45732,DE
45733,US
45734,CA
45735,GB
45736,DE
45737,GB
45738,GB
45739,CA
45740,CA
45741,GB
45742,CA
45743,US
45744,CA
45745,DE
45746,GB
45747,DE
45748,CA
45749,CA
45750,DE
45751,GB
45752,GB
45753,CA
45754,DE
45755,CA
45756,GB
45757,GB
45758,GB
45759,DE
45760,US
45761,CA
45762,CA
45763,DE
45764,DE
45765,DE
45766,CA
45767,US
45768,CA
45769,US
45770,US
45771,CA
45772,CA
45773,GB
45774,US
45775,CA
45776,CA
45777,GB
45778,GB
45779,GB
45780,CA
45781,GB
45782,US
45783,DE
45784,US
45785,US
45786,US
45787,GB
45788,CA
45789,US
45790,DE
45791,GB
45792,DE
45793,US
45794,GB
45795,GB
45796,US
45797,DE
45798,GB
45799,DE
45800,DE
45801,DE
45802,CA
45803,GB
45804,GB
45805,DE
45806,DE
45807,GB
45808,CA
45809,US
45810,GB
45811,CA
45812,CA
45813,DE
45814,DE
45815,GB
45816,DE
45817,DE
45818,CA
45819,US
45820,GB
45821,GB
45822,US
45823,DE
45824,GB
45825,CA
45826,CA
45827,DE
45828,CA
45829,GB
45830,US
45831,US
45832,US
45833,CA
45834,CA
45835,DE
45836,CA
45837,CA
45838,DE
45839,CA
45840,US
45841,GB
45842,GB
45843,CA
45844,US
45845,DE
45846,DE
45847,US
45848,DE
45849,DE
45850,DE
45851,GB
45852,DE
45853,GB
45854,US
45855,GB
45856,DE
45857,CA
45858,DE
45859,CA
45860,DE
45861,CA
45862,GB
45863,DE
45864,CA
45865,US
45866,GB
45867,CA
45868,US
45869,GB
45870,CA
45871,US
45872,GB
45873,US
45874,GB
45875,US
45876,US
45877,US
45878,US
45879,DE
45880,DE
45881,US
45882,GB
45883,US
45884,CA
45885,DE
45886,US
45887,CA
45888,US
45889,CA
45890,GB
45891,GB
45892,US
45893,CA
45894,GB
45895,US
45896,GB
45897,GB
45898,GB
45899,GB
45900,DE
45901,DE
45902,CA
45903,CA
45904,GB
45905,US
45906,DE
45907,CA
45908,CA
45909,US
45910,CA
45911,GB
45912,CA
45913,US
45914,DE
45915,GB
45916,DE
45917,US
45918,CA
45919,DE
45920,CA
45921,DE
45922,CA
45923,CA
45924,GB
45925,DE
45926,US
45927,US
45928,DE
45929,CA
45930,US
45931,GB
45932,US
45933,DE
45934,GB
45935,US
45936,US
45937,CA
45938,DE
45939,DE
45940,CA
45941,CA
45942,GB
45943,US
45944,DE
45945,US
45946,US
45947,DE
45948,GB
45949,DE
45950,GB
45951,US
45952,GB
45953,CA
45954,CA
45955,GB
45956,CA
45957,GB
45958,GB
45959,DE
45960,CA
45961,US
45962,GB
45963,US
45964,CA
45965,DE
45966,DE
45967,DE
45968,US
45969,DE
45970,CA
45971,GB
45972,GB
45973,DE
45974,GB
45975,GB
45976,CA
45977,GB
45978,DE
45979,US
45980,CA
45981,DE
45982,DE
45983,GB
45984,GB
45985,US
45986,DE
45987,CA
45988,CA
45989,DE
45990,DE
45991,CA
45992,DE
45993,GB
45994,CA
45995,CA
45996,US
45997,CA
45998,DE
45999,CA
46000,DE
46001,CA
46002,DE
46003,CA
46004,US
46005,CA
46006,DE
46007,DE
46008,GB
46009,CA
46010,CA
46011,GB
46012,CA
46013,DE
46014,CA
46015,GB
46016,US
46017,GB
46018,GB
46019,US
46020,CA
46021,US
46022,DE
46023,US
46024,CA
46025,GB
46026,DE
46027,US
46028,US
46029,CA
46030,DE
46031,CA
46032,DE
46033,US
46034,US
46035,DE
46036,GB
46037,US
46038,CA
46039,GB
46040,GB
46041,GB
46042,GB
46043,GB
46044,CA
46045,DE
46046,DE
46047,US
46048,US
46049,GB
46050,DE
46051,US
46052,DE
46053,DE
46054,US
46055,DE
46056,US
46057,US
46058,GB
46059,CA
46060,GB
46061,GB
46062,GB
46063,DE
46064,CA
46065,CA
46066,US
46067,GB
46068,GB
46069,DE
46070,CA
46071,GB
46072,CA
46073,US
46074,CA
46075,CA
46076,CA
46077,CA
46078,US
46079,DE
46080,US
46081,GB
46082,DE
46083,DE
46084,US
46085,US
46086,US
46087,GB
46088,GB
46089,GB
46090,GB
46091,US
46092,GB
46093,DE
46094,GB
46095,CA
46096,GB
46097,DE
46098,GB
46099,DE
46100,CA
46101,US
46102,CA
46103,US
46104,US
46105,DE
46106,US
46107,DE
46108,GB
46109,US
46110,GB
46111,DE
46112,DE
46113,US
46114,GB
46115,GB
46116,GB
46117,DE
46118,DE
46119,US
46120,CA
46121,DE
46122,DE
46123,GB
46124,GB
46125,US
46126,CA
46127,GB
46128,GB
46129,GB
46130,US
46131,US
46132,US
46133,US
46134,CA
46135,CA
46136,US
46137,CA
46138,CA
46139,US
46140,US
46141,CA
46142,DE
46143,CA
46144,DE
46145,US
46146,GB
46147,US
46148,CA
46149,GB
46150,GB
46151,US
46152,GB
46153,GB
46154,CA
46155,GB
46156,DE
46157,US
46158,CA
46159,CA
46160,CA
46161,CA
46162,DE
46163,US
46164,CA
46165,US
46166,US
46167,DE
46168,GB
46169,DE
46170,GB
46171,US
46172,US
46173,GB
46174,DE
46175,GB
46176,US
46177,CA
46178,CA
46179,CA
46180,GB
46181,CA
46182,US
46183,DE
46184,DE
46185,CA
46186,GB
46187,GB
46188,DE
46189,GB
46190,CA
46191,US
46192,GB
46193,US
46194,DE
46195,CA
46196,DE
46197,CA
46198,US
46199,CA
46200,GB
46201,US
46202,CA
46203,DE
46204,US
46205,GB
46206,CA
46207,CA
46208,US
46209,GB
46210,US
46211,US
46212,DE
46213,US
46214,GB
46215,GB
46216,CA
46217,DE
46218,CA
46219,DE
46220,CA
46221,GB
46222,DE
46223,GB
46224,US
46225,CA
46226,US
46227,US
46228,DE
46229,DE
46230,GB
46231,US
46232,DE
46233,US
46234,DE
46235,CA
46236,GB
46237,GB
46238,CA
46239,CA
46240,GB
46241,CA
46242,CA
46243,GB
46244,GB
46245,US
46246,US
46247,CA
46248,US
46249,US
46250,CA
46251,GB
46252,US
46253,US
46254,DE
46255,US
46256,GB
46257,GB
46258,CA
46259,CA
46260,GB
46261,DE
46262,CA
46263,CA
46264,DE
46265,DE
46266,GB
46267,DE
46268,CA
46269,CA
46270,DE
46271,CA
46272,DE
46273,US
46274,CA
46275,GB
46276,CA
46277,DE
46278,CA
46279,GB
46280,US
46281,US
46282,US
46283,CA
46284,US
46285,US
46286,US
46287,GB
46288,CA
46289,DE
46290,DE
46291,DE
46292,CA
46293,CA
46294,US
46295,US
46296,DE
46297,CA
46298,DE
46299,US
46300,CA
46301,US
46302,CA
46303,DE
46304,DE
46305,GB
46306,GB
46307,CA
46308,CA
46309,US
46310,CA
46311,US
46312,US
46313,US
46314,CA
46315,DE
46316,US
46317,DE
46318,US
46319,DE
46320,US
46321,DE
46322,GB
46323,US
46324,GB
46325,US
46326,CA
46327,CA
46328,US
46329,US
46330,GB
46331,CA
46332,GB
46333,DE
46334,US
46335,CA
46336,GB
46337,GB
46338,GB
46339,DE
46340,GB
46341,CA
46342,US
46343,GB
46344,US
46345,DE
46346,US
46347,GB
46348,US
46349,US
46350,CA
46351,US
46352,US
46353,US
46354,GB
46355,GB
46356,GB
46357,DE
46358,US
46359,GB
46360,DE
46361,GB
46362,GB
46363,GB
46364,US
46365,CA
46366,GB
46367,US
46368,DE
46369,US
46370,GB
46371,US
46372,CA
46373,CA
46374,DE
46375,CA
46376,DE
46377,GB
46378,GB
46379,DE
46380,US
46381,DE
46382,CA
46383,US
46384,US
46385,US
46386,CA
46387,CA
46388,DE
46389,GB
46390,US
46391,CA
46392,CA
46393,GB
46394,CA
46395,CA
46396,DE
46397,US
46398,US
46399,CA
46400,GB
46401,GB
46402,US
46403,DE
46404,CA
46405,CA
46406,CA
46407,GB
46408,DE
46409,GB
46410,DE
46411,DE
46412,GB
46413,GB
46414,US
46415,GB
46416,US
46417,DE
46418,CA
46419,CA
46420,US
46421,DE
46422,DE
46423,DE
46424,DE
46425,US
46426,DE
46427,US
46428,CA
46429,GB
46430,US
46431,GB
46432,US
46433,US
46434,GB
46435,DE
46436,US
46437,GB
46438,GB
46439,CA
46440,CA
46441,DE
46442,US
46443,US
46444,CA
46445,US
46446,US
46447,CA
46448,GB
46449,GB
46450,GB
46451,DE
46452,CA
46453,CA
46454,GB
46455,US
46456,US
46457,US
46458,DE
46459,DE
46460,GB
46461,US
46462,DE
46463,GB
46464,CA
46465,US
46466,US
46467,GB
46468,US
46469,US
46470,DE
46471,US
46472,GB
46473,US
46474,GB
46475,DE
46476,US
46477,CA
46478,US
46479,DE
46480,DE
46481,CA
46482,US
46483,US
46484,CA
46485,CA
46486,DE
46487,DE
46488,DE
46489,GB
46490,DE
46491,US
46492,CA
46493,US
46494,DE
46495,CA
46496,CA
46497,DE
46498,GB
46499,GB
46500,DE
46501,CA
46502,GB
46503,DE
46504,CA
46505,DE
46506,GB
46507,CA
46508,DE
46509,US
46510,CA
46511,CA
46512,US
46513,US
46514,US
46515,GB
46516,GB
46517,GB
46518,GB
46519,GB
46520,GB
46521,CA
46522,GB
46523,DE
46524,GB
46525,GB
46526,DE
46527,GB
46528,GB
46529,US
46530,GB
46531,DE
46532,CA
46533,CA
46534,DE
46535,CA
46536,DE
46537,DE
46538,CA
46539,CA
46540,US
46541,US
46542,CA
46543,GB
46544,CA
46545,US
46546,GB
46547,DE
46548,US
46549,CA
46550,CA
46551,GB
46552,CA
46553,GB
46554,US
46555,GB
46556,DE
46557,US
46558,US
46559,US
46560,US
46561,US
46562,CA
46563,US
46564,US
46565,DE
46566,US
46567,US
46568,US
46569,DE
46570,CA
46571,DE
46572,CA
46573,CA
46574,DE
46575,US
46576,DE
46577,GB
46578,US
46579,GB
46580,DE
46581,CA
46582,US
46583,GB
46584,CA
46585,US
46586,US
46587,CA
46588,CA
46589,DE
46590,US
46591,CA
46592,DE
46593,DE
46594,DE
46595,GB
46596,DE
46597,DE
46598,US
46599,GB
46600,DE
46601,DE
46602,DE
46603,US
46604,DE
46605,US
46606,CA
46607,CA
46608,CA
46609,US
46610,DE
46611,GB
46612,US
46613,CA
46614,DE
46615,US
46616,GB
46617,US
46618,CA
46619,US
46620,DE
46621,GB
46622,DE
46623,CA
46624,US
46625,US
46626,US
46627,CA
46628,CA
46629,CA
46630,CA
46631,GB
46632,DE
46633,GB
46634,US
46635,GB
46636,DE
46637,US
46638,US
46639,GB
46640,CA
46641,CA
46642,US
46643,CA
46644,GB
46645,CA
46646,US
46647,GB
46648,DE
46649,US
46650,US
46651,DE
46652,GB
46653,US
46654,GB
46655,CA
46656,DE
46657,US
46658,DE
46659,GB
46660,US
46661,DE
46662,CA
46663,DE
46664,DE
46665,US
46666,DE
46667,GB
46668,GB
46669,GB
46670,DE
46671,DE
46672,CA
46673,US
46674,DE
46675,CA
46676,DE
46677,GB
46678,CA
46679,CA
46680,US
46681,CA
46682,US
46683,DE
46684,US
46685,DE
46686,GB
46687,US
46688,US
46689,DE
46690,DE
46691,DE
46692,GB
46693,GB
46694,CA
46695,GB
46696,GB
46697,US
46698,GB
46699,US
46700,DE
46701,GB
46702,CA
46703,CA
46704,US
46705,GB
46706,CA
46707,GB
46708,GB
46709,CA
46710,DE
46711,GB
46712,GB
46713,DE
46714,US
46715,GB
46716,GB
46717,CA
46718,GB
46719,US
46720,US
46721,US
46722,DE
46723,US
46724,DE
46725,US
46726,GB
46727,US
46728,GB
46729,US
46730,DE
46731,US
46732,GB
46733,GB
46734,GB
46735,GB
46736,US
46737,GB
46738,CA
46739,GB
46740,DE
46741,GB
46742,US
46743,CA
46744,GB
46745,GB
46746,GB
46747,GB
46748,US
46749,GB
46750,GB
46751,DE
46752,GB
46753,GB
46754,US
46755,DE
46756,CA
46757,DE
46758,US
46759,DE
46760,DE
46761,US
46762,GB
46763,DE
46764,CA
46765,CA
46766,DE
46767,CA
46768,DE
46769,DE
46770,GB
46771,US
46772,GB
46773,DE
46774,DE
46775,DE
46776,CA
46777,DE
46778,GB
46779,GB
46780,US
46781,DE
46782,DE
46783,US
46784,GB
46785,DE
46786,CA
46787,GB
46788,US
46789,CA
46790,GB
46791,GB
46792,GB
46793,GB
46794,DE
46795,US
46796,CA
46797,GB
46798,GB
46799,GB
46800,US
46801,DE
46802,GB
46803,US
46804,GB
46805,DE
46806,GB
46807,GB
46808,DE
46809,DE
46810,CA
46811,US
46812,GB
46813,GB
46814,DE
46815,GB
46816,CA
46817,US
46818,US
46819,CA
46820,US
46821,DE
46822,DE
46823,CA
46824,GB
46825,GB
46826,CA
46827,GB
46828,CA
46829,CA
46830,DE
46831,DE
46832,DE
46833,CA
46834,US
46835,CA
46836,DE
46837,CA
46838,CA
46839,GB
46840,DE
46841,CA
46842,US
46843,DE
46844,US
46845,DE
46846,DE
46847,CA
46848,CA
46849,DE
46850,CA
46851,CA
46852,GB
46853,GB
46854,DE
46855,US
46856,CA
46857,GB
46858,CA
46859,GB
46860,DE
46861,DE
46862,CA
46863,US
46864,CA
46865,DE
46866,US
46867,DE
46868,CA
46869,GB
46870,CA
46871,US
46872,GB
46873,CA
46874,DE
46875,US
46876,US
46877,CA
46878,CA
46879,US
46880,GB
46881,GB
46882,GB
46883,US
46884,US
46885,US
46886,DE
46887,GB
46888,US
46889,CA
46890,GB
46891,CA
46892,US
46893,GB
46894,CA
46895,DE
46896,US
46897,DE
46898,GB
46899,DE
46900,US
46901,DE
46902,GB
46903,CA
46904,CA
46905,CA
46906,DE
46907,CA
46908,DE
46909,CA
46910,CA
46911,US
46912,US
46913,GB
46914,DE
46915,US
46916,DE
46917,DE
46918,DE
46919,GB
46920,DE
46921,US
46922,DE
46923,DE
46924,GB
46925,CA
46926,GB
46927,DE
46928,DE
46929,US
46930,DE
46931,US
46932,CA
46933,US
46934,CA
46935,GB
46936,US
46937,CA
46938,CA
46939,US
46940,GB
46941,GB
46942,US
46943,CA
46944,DE
46945,DE
46946,CA
46947,GB
46948,DE
46949,GB
46950,DE
46951,US
46952,GB
46953,US
46954,CA
46955,CA
46956,DE
46957,US
46958,CA
46959,DE
46960,GB
46961,DE
46962,GB
46963,GB
46964,CA
46965,CA
46966,DE
46967,CA
46968,CA
46969,US
46970,US
46971,US
46972,CA
46973,CA
46974,DE
46975,GB
46976,CA
46977,DE
46978,CA
46979,CA
46980,US
46981,GB
46982,GB
46983,CA
46984,US
46985,GB
46986,GB
46987,GB
46988,GB
46989,GB
46990,US
46991,GB
46992,DE
46993,DE
46994,DE
46995,US
46996,GB
46997,CA
46998,GB
46999,US
47000,GB
47001,GB
47002,DE
47003,DE
47004,CA
47005,DE
47006,DE
47007,GB
47008,GB
47009,US
47010,CA
47011,GB
47012,US
47013,GB
47014,US
47015,CA
47016,DE
47017,CA
47018,CA
47019,CA
47020,CA
47021,GB
47022,GB
47023,DE
47024,DE
47025,DE
47026,CA
47027,GB
47028,US
47029,GB
47030,DE
47031,GB
47032,CA
47033,CA
47034,GB
47035,CA
47036,DE
47037,US
47038,US
47039,DE
47040,US
47041,CA
47042,CA
47043,US
47044,DE
47045,DE
47046,US
47047,US
47048,US
47049,CA
47050,GB
47051,GB
47052,CA
47053,CA
47054,CA
47055,CA
47056,DE
47057,DE
47058,DE
47059,US
47060,CA
47061,GB
47062,GB
47063,GB
47064,US
47065,GB
47066,US
47067,GB
47068,US
47069,CA
47070,CA
47071,GB
47072,CA
47073,US
47074,CA
47075,GB
47076,DE
47077,GB
47078,US
47079,DE
47080,US
47081,DE
47082,US
47083,GB
47084,GB
47085,CA
47086,US
47087,DE
47088,US
47089,CA
47090,DE
47091,US
47092,US
47093,GB
47094,GB
47095,CA
47096,GB
47097,GB
47098,CA
47099,GB
47100,GB
47101,DE
47102,CA
47103,CA
47104,CA
47105,GB
47106,DE
47107,DE
47108,US
47109,GB
47110,CA
47111,DE
47112,DE
47113,GB
47114,CA
47115,CA
47116,GB
47117,US
47118,DE
47119,GB
47120,US
47121,US
47122,CA
47123,DE
47124,DE
47125,DE
47126,CA
47127,CA
47128,US
47129,GB
47130,US
47131,US
47132,DE
47133,US
47134,US
47135,US
47136,US
47137,GB
47138,CA
47139,DE
47140,CA
47141,GB
47142,DE
47143,GB
47144,US
47145,US
47146,CA
47147,DE
47148,GB
47149,CA
47150,US
47151,GB
47152,DE
47153,US
47154,DE
47155,US
47156,DE
47157,GB
47158,DE
47159,DE
47160,DE
47161,CA
47162,DE
47163,US
47164,GB
47165,CA
47166,CA
47167,DE
47168,GB
47169,CA
47170,US
47171,GB
47172,CA
47173,DE
47174,US
47175,GB
47176,CA
47177,DE
47178,GB
47179,CA
47180,DE
47181,DE
47182,CA
47183,US
47184,CA
47185,GB
47186,DE
47187,US
47188,US
47189,US
47190,CA
47191,CA
47192,DE
47193,US
47194,GB
47195,CA
47196,GB
47197,US
47198,GB
47199,US
47200,US
47201,US
47202,CA
47203,DE
47204,GB
47205,DE
47206,DE
47207,DE
47208,CA
47209,US
47210,US
47211,DE
47212,CA
47213,GB
47214,GB
47215,DE
47216,GB
47217,CA
47218,US
47219,DE
47220,DE
47221,DE
47222,CA
47223,DE
47224,US
47225,GB
47226,GB
47227,US
47228,DE
47229,GB
47230,GB
47231,DE
47232,GB
47233,DE
47234,GB
47235,GB
47236,GB
47237,DE
47238,US
47239,US
47240,CA
47241,US
47242,GB
47243,CA
47244,CA
47245,GB
47246,US
47247,DE
47248,GB
47249,DE
47250,CA
47251,US
47252,GB
47253,CA
47254,DE
47255,CA
47256,US
47257,CA
47258,DE
47259,GB
47260,GB
47261,DE
47262,CA
47263,US
47264,US
47265,GB
47266,DE
47267,US
47268,CA
47269,GB
47270,US
47271,DE
47272,DE
47273,DE
47274,CA
47275,CA
47276,US
47277,DE
47278,CA
47279,US
47280,US
47281,GB
47282,GB
47283,US
47284,GB
47285,GB
47286,CA
47287,US
47288,DE
47289,US
47290,CA
47291,GB
47292,US
47293,GB
47294,GB
47295,CA
47296,US
47297,GB
47298,GB
47299,GB
47300,DE
47301,US
47302,US
47303,GB
47304,CA
47305,CA
47306,GB
47307,GB
47308,US
47309,CA
47310,US
47311,GB
47312,DE
47313,CA
47314,DE
47315,CA
47316,CA
47317,US
47318,GB
47319,GB
47320,CA
47321,DE
47322,US
47323,US
47324,DE
47325,GB
47326,US
47327,GB
47328,DE
47329,GB
47330,US
47331,GB
47332,US
47333,DE
47334,CA
47335,CA
47336,GB
47337,US
47338,GB
47339,US
47340,GB
47341,DE
47342,DE
47343,US
47344,GB
47345,DE
47346,CA
47347,CA
47348,GB
47349,US
47350,US
47351,GB
47352,CA
47353,CA
47354,CA
47355,GB
47356,GB
47357,GB
47358,US
47359,CA
47360,DE
47361,US
47362,GB
47363,CA
47364,CA
47365,US
47366,DE
47367,GB
47368,CA
47369,CA
47370,US
47371,US
47372,GB
47373,US
47374,CA
47375,CA
47376,GB
47377,CA
47378,GB
47379,DE
47380,US
47381,US
47382,DE
47383,CA
47384,DE
47385,GB
47386,GB
47387,GB
47388,US
47389,DE
47390,GB
47391,DE
47392,US
47393,CA
47394,CA
47395,GB
47396,DE
47397,US
47398,GB
47399,DE
47400,CA
47401,GB
47402,DE
47403,DE
47404,GB
47405,DE
47406,GB
47407,DE
47408,US
47409,US
47410,US
47411,DE
47412,US
47413,US
47414,CA
47415,DE
47416,DE
47417,DE
47418,DE
47419,DE
47420,CA
47421,GB
47422,CA
47423,US
47424,CA
47425,US
47426,US
47427,US
47428,GB
47429,US
47430,DE
47431,DE
47432,DE
47433,US
47434,GB
47435,US
47436,GB
47437,DE
47438,CA
47439,US
47440,CA
47441,CA
47442,US
47443,US
47444,CA
47445,CA
47446,DE
47447,DE
47448,GB
47449,US
47450,US
47451,DE
47452,CA
47453,DE
47454,GB
47455,CA
47456,GB
47457,CA
47458,DE
47459,US
47460,GB
47461,GB
47462,CA
47463,DE
47464,US
47465,CA
47466,DE
47467,GB
47468,CA
47469,CA
47470,US
47471,CA
47472,CA
47473,GB
47474,GB
47475,US
47476,CA
47477,CA
47478,US
47479,US
47480,GB
47481,CA
47482,DE
47483,GB
47484,CA
47485,GB
47486,CA
47487,DE
47488,GB
47489,GB
47490,DE
47491,GB
47492,DE
47493,GB
47494,GB
47495,DE
47496,DE
47497,GB
47498,DE
47499,CA
47500,US
47501,GB
47502,US
47503,DE
47504,DE
47505,CA
47506,US
47507,GB
47508,US
47509,GB
47510,DE
47511,CA
47512,US
47513,GB
47514,DE
47515,CA
47516,US
47517,DE
47518,US
47519,US
47520,GB
47521,CA
47522,GB
47523,DE
47524,GB
47525,GB
47526,US
47527,US
47528,DE
47529,GB
47530,CA
47531,US
47532,CA
47533,CA
47534,US
47535,US
47536,CA
47537,DE
47538,GB
47539,CA
47540,DE
47541,CA
47542,GB
47543,CA
47544,CA
47545,GB
47546,US
47547,US
47548,GB
47549,DE
47550,GB
47551,GB
47552,DE
47553,GB
47554,GB
47555,CA
47556,US
47557,CA
47558,CA
47559,GB
47560,US
47561,CA
47562,GB
47563,GB
47564,GB
47565,US
47566,DE
47567,GB
47568,US
47569,GB
47570,CA
47571,DE
47572,US
47573,GB
47574,GB
47575,GB
47576,GB
47577,DE
47578,DE
47579,DE
47580,US
47581,GB
47582,GB
47583,GB
47584,US
47585,US
47586,CA
47587,DE
47588,CA
47589,CA
47590,US
47591,GB
47592,GB
47593,US
47594,DE
47595,CA
47596,GB
47597,GB
47598,US
47599,GB
47600,DE
47601,DE
47602,DE
47603,CA
47604,CA
47605,DE
47606,GB
47607,CA
47608,US
47609,US
47610,DE
47611,US
47612,US
47613,GB
47614,DE
47615,GB
47616,US
47617,US
47618,US
47619,GB
47620,DE
47621,US
47622,CA
47623,CA
47624,GB
47625,DE
47626,DE
47627,GB
47628,GB
47629,US
47630,CA
47631,US
47632,DE
47633,US
47634,GB
47635,CA
47636,DE
47637,DE
47638,CA
47639,GB
47640,GB
47641,US
47642,DE
47643,US
47644,DE
47645,DE
47646,GB
47647,CA
47648,DE
47649,DE
47650,DE
47651,GB
47652,CA
47653,CA
47654,CA
47655,DE
47656,CA
47657,DE
47658,US
47659,CA
47660,US
47661,DE
47662,US
47663,GB
47664,CA
47665,GB
47666,CA
47667,DE
47668,GB
47669,DE
47670,US
47671,DE
47672,US
47673,GB
47674,GB
47675,US
47676,DE
47677,US
47678,US
47679,US
47680,US
47681,CA
47682,GB
47683,GB
47684,US
47685,GB
47686,GB
47687,DE
47688,US
47689,GB
47690,DE
47691,US
47692,US
47693,GB
47694,DE
47695,DE
47696,US
47697,US
47698,DE
47699,DE
47700,CA
47701,US
47702,CA
47703,CA
47704,CA
47705,DE
47706,CA
47707,DE
47708,CA
47709,GB
47710,GB
47711,GB
47712,GB
47713,CA
47714,CA
47715,DE
47716,DE
47717,DE
47718,US
47719,DE
47720,GB
47721,GB
47722,US
47723,US
47724,DE
47725,GB
47726,DE
47727,GB
47728,CA
47729,CA
47730,GB
47731,DE
47732,US
47733,DE
47734,DE
47735,US
47736,GB
47737,DE
47738,US
47739,US
47740,GB
47741,US
47742,GB
47743,CA
47744,GB
47745,GB
47746,GB
47747,DE
47748,GB
47749,CA
47750,CA
47751,CA
47752,US
47753,DE
47754,GB
47755,DE
47756,GB
47757,US
47758,CA
47759,US
47760,CA
47761,DE
47762,CA
47763,CA
47764,DE
47765,GB
47766,CA
47767,CA
47768,CA
47769,US
47770,DE
47771,DE
47772,CA
47773,US
47774,GB
47775,GB
47776,US
47777,GB
47778,CA
47779,US
47780,GB
47781,DE
47782,GB
47783,DE
47784,CA
47785,DE
47786,GB
47787,DE
47788,GB
47789,CA
47790,GB
47791,US
47792,GB
47793,DE
47794,DE
47795,CA
47796,DE
47797,GB
47798,CA
47799,US
47800,GB
47801,GB
47802,DE
47803,GB
47804,GB
47805,DE
47806,DE
47807,CA
47808,CA
47809,DE
47810,US
47811,CA
47812,US
47813,CA
47814,CA
47815,DE
47816,CA
47817,GB
47818,US
47819,GB
47820,CA
47821,DE
47822,CA
47823,CA
47824,GB
47825,US
47826,CA
47827,CA
47828,CA
47829,CA
47830,GB
47831,GB
47832,GB
47833,CA
47834,CA
47835,CA
47836,CA
47837,US
47838,CA
47839,DE
47840,CA
47841,CA
47842,GB
47843,CA
47844,DE
47845,DE
47846,GB
47847,DE
47848,US
47849,DE
47850,CA
47851,CA
47852,DE
47853,CA
47854,GB
47855,GB
47856,GB
47857,US
47858,DE
47859,DE
47860,GB
47861,CA
47862,US
47863,DE
47864,US
47865,GB
47866,DE
47867,CA
47868,DE
47869,CA
47870,CA
47871,CA
47872,DE
47873,US
47874,GB
47875,GB
47876,CA
47877,CA
47878,GB
47879,GB
47880,US
47881,US
47882,CA
47883,GB
47884,DE
47885,DE
47886,US
47887,GB
47888,DE
47889,US
47890,US
47891,US
47892,DE
47893,GB
47894,CA
47895,DE
47896,US
47897,CA
47898,GB
47899,GB
47900,DE
47901,GB
47902,CA
47903,US
47904,CA
47905,DE
47906,CA
47907,US
47908,US
47909,CA
47910,DE
47911,US
47912,CA
47913,CA
47914,DE
47915,DE
47916,US
47917,US
47918,US
47919,CA
47920,GB
47921,CA
47922,US
47923,DE
47924,CA
47925,CA
47926,GB
47927,GB
47928,GB
47929,DE
47930,GB
47931,US
47932,US
47933,US
47934,US
47935,DE
47936,US
47937,GB
47938,CA
47939,GB
47940,US
47941,US
47942,CA
47943,US
47944,CA
47945,US
47946,DE
47947,DE
47948,GB
47949,US
47950,CA
47951,US
47952,GB
47953,CA
47954,CA
47955,CA
47956,GB
47957,US
47958,US
47959,GB
47960,CA
47961,CA
47962,GB
47963,CA
47964,GB
47965,GB
47966,DE
47967,US
47968,GB
47969,US
47970,DE
47971,DE
47972,US
47973,US
47974,CA
47975,US
47976,DE
47977,CA
47978,CA
47979,CA
47980,CA
47981,CA
47982,DE
47983,CA
47984,DE
47985,GB
47986,US
47987,DE
47988,US
47989,DE
47990,DE
47991,DE
47992,CA
47993,GB
47994,DE
47995,GB
47996,DE
47997,CA
47998,US
47999,US
48000,CA
48001,US
48002,DE
48003,DE
48004,CA
48005,DE
48006,DE
48007,CA
48008,GB
48009,GB
48010,DE
48011,DE
48012,CA
48013,US
48014,DE
48015,GB
48016,GB
48017,DE
48018,CA
48019,CA
48020,DE
48021,US
48022,GB
48023,US
48024,US
48025,CA
48026,US
48027,US
48028,GB
48029,DE
48030,GB
48031,GB
48032,US
48033,US
48034,US
48035,DE
48036,DE
48037,US
48038,US
48039,GB
48040,GB
48041,DE
48042,CA
48043,DE
48044,GB
48045,US
48046,GB
48047,GB
48048,US
48049,US
48050,GB
48051,GB
48052,GB
48053,DE
48054,GB
48055,CA
48056,DE
48057,GB
48058,DE
48059,CA
48060,GB
48061,DE
48062,DE
48063,US
48064,US
48065,CA
48066,CA
48067,DE
48068,CA
48069,DE
48070,DE
48071,US
48072,GB
48073,CA
48074,GB
48075,DE
48076,DE
48077,DE
48078,DE
48079,DE
48080,CA
48081,US
48082,DE
48083,US
48084,US
48085,DE
48086,DE
48087,CA
48088,GB
48089,DE
48090,US
48091,DE
48092,CA
48093,US
48094,GB
48095,DE
48096,GB
48097,GB
48098,DE
48099,GB
48100,CA
48101,CA
48102,GB
48103,DE
48104,US
48105,DE
48106,DE
48107,DE
48108,DE
48109,US
48110,DE
48111,CA
48112,CA
48113,DE
48114,US
48115,GB
48116,CA
48117,CA
48118,CA
48119,GB
48120,DE
48121,DE
48122,DE
48123,DE
48124,GB
48125,GB
48126,US
48127,DE
48128,CA
48129,CA
48130,CA
48131,US
48132,US
48133,GB
48134,CA
48135,DE
48136,DE
48137,CA
48138,GB
48139,GB
48140,US
48141,CA
48142,GB
48143,US
48144,CA
48145,DE
48146,GB
48147,CA
48148,CA
48149,DE
48150,US
48151,US
48152,GB
48153,US
48154,GB
48155,US
48156,DE
48157,DE
48158,DE
48159,CA
48160,GB
48161,CA
48162,CA
48163,CA
48164,CA
48165,US
48166,US
48167,GB
48168,US
48169,GB
48170,CA
48171,US
48172,GB
48173,GB
48174,GB
48175,DE
48176,CA
48177,CA
48178,DE
48179,US
48180,US
48181,US
48182,GB
48183,US
48184,US
48185,GB
48186,GB
48187,CA
48188,DE
48189,DE
48190,CA
48191,CA
48192,GB
48193,GB
48194,DE
48195,US
48196,DE
48197,US
48198,CA
48199,DE
48200,US
48201,GB
48202,CA
48203,CA
48204,DE
48205,US
48206,CA
48207,US
48208,GB
48209,US
48210,DE
48211,US
48212,DE
48213,CA
48214,US
48215,DE
48216,CA
48217,US
48218,DE
48219,US
48220,US
48221,DE
48222,US
48223,GB
48224,GB
48225,CA
48226,CA
48227,CA
48228,DE
48229,GB
48230,CA
48231,CA
48232,US
48233,DE
48234,DE
48235,US
48236,CA
48237,US
48238,GB
48239,DE
48240,DE
48241,DE
48242,US
48243,US
48244,CA
48245,CA
48246,DE
48247,CA
48248,GB
48249,GB
48250,US
48251,DE
48252,DE
48253,US
48254,GB
48255,CA
48256,US
48257,CA
48258,US
48259,DE
48260,DE
48261,DE
48262,DE
48263,CA
48264,DE
48265,GB
48266,DE
48267,CA
48268,DE
48269,DE
48270,DE
48271,GB
48272,CA
48273,CA
48274,GB
48275,DE
48276,US
48277,CA
48278,DE
48279,GB
48280,US
48281,CA
48282,CA
48283,CA
48284,DE
48285,CA
48286,DE
48287,CA
48288,DE
48289,CA
48290,DE
48291,DE
48292,US
48293,DE
48294,GB
48295,GB
48296,DE
48297,GB
48298,US
48299,CA
48300,CA
48301,GB
48302,DE
48303,US
48304,CA
48305,GB
48306,DE
48307,CA
48308,CA
48309,DE
48310,DE
48311,GB
48312,GB
48313,GB
48314,CA
48315,DE
48316,US
48317,DE
48318,US
48319,US
48320,GB
48321,GB
48322,CA
48323,US
48324,CA
48325,GB
48326,US
48327,US
48328,GB
48329,US
48330,CA
48331,DE
48332,GB
48333,US
48334,GB
48335,GB
48336,DE
48337,DE
48338,CA
48339,US
48340,GB
48341,GB
48342,CA
48343,US
48344,GB
48345,DE
48346,CA
48347,GB
48348,GB
48349,CA
48350,GB
48351,US
48352,CA
48353,DE
48354,CA
48355,US
48356,US
48357,GB
48358,CA
48359,GB
48360,GB
48361,US
48362,CA
48363,US
48364,CA
48365,GB
48366,GB
48367,DE
48368,CA
48369,GB
48370,GB
48371,DE
48372,US
48373,CA
48374,CA
48375,CA
48376,CA
48377,US
48378,US
48379,US
48380,GB
48381,US
48382,GB
48383,US
48384,DE
48385,DE
48386,CA
48387,GB
48388,GB
48389,US
48390,GB
48391,CA
48392,CA
48393,DE
48394,CA
48395,GB
48396,GB
48397,US
48398,GB
48399,US
48400,US
48401,DE
48402,US
48403,DE
48404,US
48405,DE
48406,DE
48407,US
48408,DE
48409,DE
48410,GB
48411,CA
48412,GB
48413,DE
48414,GB
48415,DE
48416,DE
48417,GB
48418,DE
48419,GB
48420,DE
48421,CA
48422,GB
48423,CA
48424,DE
48425,GB
48426,GB
48427,GB
48428,GB
48429,GB
48430,GB
48431,DE
48432,DE
48433,CA
48434,GB
48435,US
48436,US
48437,US
48438,CA
48439,DE
48440,US
48441,GB
48442,GB
48443,CA
48444,DE
48445,CA
48446,CA
48447,CA
48448,CA
48449,CA
48450,DE
48451,CA
48452,GB
48453,US
48454,GB
48455,GB
48456,US
48457,GB
48458,CA
48459,DE
48460,CA
48461,CA
48462,US
48463,CA
48464,GB
48465,CA
48466,DE
48467,GB
48468,US
48469,US
48470,GB
48471,GB
48472,US
48473,US
48474,DE
48475,GB
48476,CA
48477,GB
48478,CA
48479,US
48480,CA
48481,US
48482,GB
48483,GB
48484,GB
48485,CA
48486,US
48487,CA
48488,US
48489,CA
48490,DE
48491,CA
48492,DE
48493,DE
48494,GB
48495,US
48496,GB
48497,CA
48498,DE
48499,US
48500,CA
48501,CA
48502,GB
48503,GB
48504,DE
48505,CA
48506,US
48507,CA
48508,GB
48509,DE
48510,CA
48511,CA
48512,DE
48513,GB
48514,CA
48515,GB
48516,GB
48517,GB
48518,CA
48519,CA
48520,GB
48521,GB
48522,CA
48523,US
48524,DE
48525,US
48526,DE
48527,US
48528,CA
48529,CA
48530,US
48531,GB
48532,US
48533,CA
48534,DE
48535,DE
48536,CA
48537,GB
48538,DE
48539,DE
48540,US
48541,GB
48542,CA
48543,GB
48544,DE
48545,DE
48546,US
48547,DE
48548,DE
48549,CA
48550,GB
48551,CA
48552,DE
48553,DE
48554,US
48555,US
48556,US
48557,US
48558,CA
48559,DE
48560,US
48561,DE
48562,GB
48563,GB
48564,DE
48565,US
48566,DE
48567,DE
48568,DE
48569,CA
48570,US
48571,CA
48572,DE
48573,GB
48574,CA
48575,US
48576,GB
48577,GB
48578,DE
48579,GB
48580,US
48581,DE
48582,US
48583,DE
48584,GB
48585,DE
48586,CA
48587,CA
48588,GB
48589,CA
48590,CA
48591,US
48592,GB
48593,US
48594,GB
48595,DE
48596,DE
48597,DE
48598,US
48599,DE
48600,GB
48601,DE
48602,CA
48603,US
48604,GB
48605,DE
48606,CA
48607,CA
48608,DE
48609,DE
48610,GB
48611,DE
48612,GB
48613,GB
48614,CA
48615,DE
48616,DE
48617,CA
48618,GB
48619,DE
48620,CA
48621,DE
48622,US
48623,US
48624,CA
48625,US
48626,US
48627,CA
48628,CA
48629,US
48630,CA
48631,DE
48632,CA
48633,DE
48634,US
48635,GB
48636,CA
48637,GB
48638,DE
48639,CA
48640,DE
48641,US
48642,US
48643,GB
48644,US
48645,US
48646,US
48647,DE
48648,US
48649,DE
48650,GB
48651,DE
48652,DE
48653,GB
48654,GB
48655,US
48656,US
48657,DE
48658,DE
48659,DE
48660,GB
48661,CA
48662,DE
48663,CA
48664,CA
48665,CA
48666,DE
48667,CA
48668,GB
48669,US
48670,CA
48671,GB
48672,CA
48673,DE
48674,US
48675,GB
48676,US
48677,GB
48678,CA
48679,DE
48680,CA
48681,US
48682,DE
48683,US
48684,GB
48685,CA
48686,DE
48687,CA
48688,US
48689,CA
48690,CA
48691,DE
48692,DE
48693,GB
48694,CA
48695,US
48696,GB
48697,CA
48698,US
48699,DE
48700,GB
48701,GB
48702,DE
48703,US
48704,GB
48705,DE
48706,CA
48707,CA
48708,US
48709,GB
48710,CA
48711,GB
48712,CA
48713,DE
48714,CA
48715,GB
48716,GB
48717,CA
48718,DE
48719,US
48720,US
48721,GB
48722,CA
48723,GB
48724,DE
48725,CA
48726,DE
48727,DE
48728,US
48729,CA
48730,US
48731,CA
48732,US
48733,US
48734,CA
48735,CA
48736,CA
48737,DE
48738,GB
48739,DE
48740,GB
48741,DE
48742,GB
48743,CA
48744,DE
48745,GB
48746,DE
48747,DE
48748,GB
48749,GB
48750,US
48751,GB
48752,GB
48753,DE
48754,DE
48755,DE
48756,CA
48757,DE
48758,US
48759,CA
48760,GB
48761,DE
48762,GB
48763,CA
48764,DE
48765,GB
48766,US
48767,DE
48768,US
48769,GB
48770,GB
48771,DE
48772,CA
48773,GB
48774,US
48775,US
48776,CA
48777,CA
48778,US
48779,GB
48780,GB
48781,DE
48782,CA
48783,DE
48784,US
48785,GB
48786,US
48787,DE
48788,DE
48789,CA
48790,GB
48791,CA
48792,GB
48793,GB
48794,US
48795,GB
48796,CA
48797,GB
48798,US
48799,GB
48800,CA
48801,CA
48802,DE
48803,GB
48804,CA
48805,DE
48806,US
48807,US
48808,US
48809,CA
48810,CA
48811,GB
48812,US
48813,GB
48814,US
48815,CA
48816,GB
48817,DE
48818,CA
48819,US
48820,DE
48821,CA
48822,CA
48823,US
48824,US
48825,US
48826,US
48827,US
48828,US
48829,DE
48830,GB
48831,CA
48832,GB
48833,CA
48834,DE
48835,DE
48836,US
48837,GB
48838,CA
48839,DE
48840,US
48841,US
48842,CA
48843,US
48844,DE
48845,GB
48846,CA
48847,CA
48848,US
48849,GB
48850,GB
48851,US
48852,CA
48853,CA
48854,GB
48855,DE
48856,CA
48857,US
48858,GB
48859,CA
48860,GB
48861,DE
48862,GB
48863,US
48864,DE
48865,GB
48866,GB
48867,US
48868,CA
48869,CA
48870,US
48871,DE
48872,GB
48873,CA
48874,DE
48875,CA
48876,CA
48877,CA
48878,GB
48879,CA
48880,GB
48881,GB
48882,US
48883,US
48884,DE
48885,DE
48886,GB
48887,GB
48888,US
48889,CA
48890,CA
48891,GB
48892,US
48893,DE
48894,DE
48895,GB
48896,DE
48897,US
48898,DE
48899,GB
48900,CA
48901,CA
48902,US
48903,US
48904,CA
48905,GB
48906,US
48907,GB
48908,CA
48909,GB
48910,DE
48911,CA
48912,DE
48913,US
48914,US
48915,DE
48916,CA
48917,DE
48918,DE
48919,GB
48920,GB
48921,GB
48922,CA
48923,US
48924,GB
48925,GB
48926,CA
48927,CA
48928,CA
48929,CA
48930,CA
48931,DE
48932,GB
48933,CA
48934,DE
48935,DE
48936,GB
48937,GB
48938,DE
48939,US
48940,US
48941,DE
48942,GB
48943,GB
48944,GB
48945,US
48946,US
48947,GB
48948,CA
48949,DE
48950,GB
48951,CA
48952,DE
48953,CA
48954,DE
48955,DE
48956,GB
48957,US
48958,US
48959,GB
48960,CA
48961,US
48962,GB
48963,US
48964,DE
48965,CA
48966,US
48967,US
48968,GB
48969,GB
48970,CA
48971,DE
48972,DE
48973,DE
48974,CA
48975,US
48976,GB
48977,CA
48978,GB
48979,DE
48980,DE
48981,GB
48982,CA
48983,US
48984,US
48985,US
48986,GB
48987,US
48988,CA
48989,US
48990,US
48991,US
48992,GB
48993,GB
48994,CA
48995,US
48996,CA
48997,CA
48998,US
48999,CA
49000,US
49001,DE
49002,GB
49003,US
49004,DE
49005,GB
49006,GB
49007,GB
49008,DE
49009,US
49010,CA
49011,US
49012,DE
49013,DE
49014,CA
49015,CA
49016,GB
49017,CA
49018,GB
49019,US
49020,GB
49021,GB
49022,DE
49023,GB
49024,CA
49025,GB
49026,DE
49027,DE
49028,CA
49029,US
49030,GB
49031,US
49032,US
49033,DE
49034,DE
49035,DE
49036,CA
49037,DE
49038,CA
49039,CA
49040,US
49041,CA
49042,GB
49043,DE
49044,GB
49045,US
49046,CA
49047,DE
49048,CA
49049,US
49050,DE
49051,GB
49052,CA
49053,US
49054,CA
49055,CA
49056,DE
49057,CA
49058,CA
49059,DE
49060,US
49061,CA
49062,CA
49063,CA
49064,CA
49065,GB
49066,GB
49067,US
49068,DE
49069,CA
49070,GB
49071,CA
49072,DE
49073,GB
49074,CA
49075,DE
49076,DE
49077,GB
49078,CA
49079,GB
49080,GB
49081,DE
49082,US
49083,CA
49084,CA
49085,CA
49086,US
49087,GB
49088,GB
49089,DE
49090,US
49091,US
49092,CA
49093,DE
49094,DE
49095,GB
49096,GB
49097,US
49098,DE
49099,GB
49100,US
49101,CA
49102,CA
49103,CA
49104,CA
49105,CA
49106,US
49107,GB
49108,GB
49109,CA
49110,DE
49111,CA
49112,DE
49113,GB
49114,CA
49115,GB
49116,DE
49117,CA
49118,CA
49119,DE
49120,CA
49121,DE
49122,GB
49123,US
49124,GB
49125,GB
49126,GB
49127,US
49128,GB
49129,DE
49130,US
49131,GB
49132,GB
49133,CA
49134,DE
49135,GB
49136,GB
49137,DE
49138,CA
49139,DE
49140,DE
49141,US
49142,GB
49143,GB
49144,US
49145,GB
49146,US
49147,CA
49148,US
49149,US
49150,CA
49151,GB
49152,GB
49153,CA
49154,DE
49155,DE
49156,DE
49157,US
49158,GB
49159,DE
49160,US
49161,CA
49162,US
49163,DE
49164,US
49165,US
49166,GB
49167,US
49168,GB
49169,CA
49170,DE
49171,CA
49172,GB
49173,DE
49174,US
49175,CA
49176,GB
49177,DE
49178,US
49179,DE
49180,CA
49181,GB
49182,CA
49183,GB
49184,US
49185,GB
49186,US
49187,US
49188,GB
49189,US
49190,US
49191,DE
49192,US
49193,US
49194,GB
49195,GB
49196,US
49197,CA
49198,CA
49199,GB
49200,GB
49201,GB
49202,GB
49203,DE
49204,GB
49205,DE
49206,CA
49207,US
49208,DE
49209,DE
49210,CA
49211,CA
49212,DE
49213,DE
49214,GB
49215,DE
49216,GB
49217,GB
49218,US
49219,GB
49220,GB
49221,CA
49222,DE
49223,CA
49224,GB
49225,GB
49226,CA
49227,GB
49228,CA
49229,GB
49230,DE
49231,DE
49232,DE
49233,GB
49234,CA
49235,DE
49236,DE
49237,US
49238,GB
49239,CA
49240,GB
49241,CA
49242,US
49243,CA
49244,US
49245,CA
49246,GB
49247,GB
49248,CA
49249,CA
49250,GB
49251,GB
49252,GB
49253,US
49254,DE
49255,DE
49256,CA
49257,GB
49258,CA
49259,US
49260,US
49261,DE
49262,US
49263,DE
49264,GB
49265,US
49266,CA
49267,GB
49268,GB
49269,US
49270,US
49271,CA
49272,CA
49273,DE
49274,DE
49275,DE
49276,US
49277,GB
49278,CA
49279,CA
49280,CA
49281,US
49282,CA
49283,US
49284,CA
49285,US
49286,GB
49287,US
49288,US
49289,CA
49290,GB
49291,US
49292,GB
49293,US
49294,CA
49295,US
49296,DE
49297,US
49298,GB
49299,DE
49300,DE
49301,DE
49302,GB
49303,DE
49304,GB
49305,US
49306,CA
49307,GB
49308,CA
49309,US
49310,CA
49311,GB
49312,DE
49313,US
49314,US
49315,GB
49316,DE
49317,CA
49318,CA
49319,US
49320,DE
49321,DE
49322,GB
49323,US
49324,GB
49325,GB
49326,DE
49327,DE
49328,CA
49329,CA
49330,GB
49331,GB
49332,US
49333,DE
49334,US
49335,GB
49336,CA
49337,DE
49338,CA
49339,CA
49340,DE
49341,US
49342,DE
49343,US
49344,CA
49345,US
49346,US
49347,DE
49348,US
49349,DE
49350,DE
49351,US
49352,GB
49353,GB
49354,US
49355,CA
49356,DE
49357,GB
49358,DE
49359,DE
49360,CA
49361,CA
49362,DE
49363,CA
49364,DE
49365,GB
49366,DE
49367,DE
49368,CA
49369,US
49370,GB
49371,DE
49372,DE
49373,DE
49374,US
49375,US
49376,US
49377,CA
49378,GB
49379,DE
49380,GB
49381,DE
49382,DE
49383,GB
49384,DE
49385,CA
49386,CA
49387,US
49388,DE
49389,CA
49390,CA
49391,GB
49392,DE
49393,DE
49394,GB
49395,GB
49396,DE
49397,DE
49398,DE
49399,CA
49400,GB
49401,US
49402,US
49403,US
49404,CA
49405,US
49406,GB
49407,DE
49408,DE
49409,US
49410,GB
49411,CA
49412,DE
49413,US
49414,GB
49415,US
49416,US
49417,GB
49418,GB
49419,DE
49420,US
49421,CA
49422,US
49423,US
49424,CA
49425,GB
49426,DE
49427,DE
49428,CA
49429,GB
49430,US
49431,US
49432,DE
49433,CA
49434,CA
49435,US
49436,US
49437,DE
49438,CA
49439,CA
49440,DE
49441,US
49442,US
49443,GB
49444,GB
49445,GB
49446,US
49447,GB
49448,DE
49449,US
49450,US
49451,US
49452,US
49453,DE
49454,US
49455,GB
49456,GB
49457,CA
49458,CA
49459,CA
49460,CA
49461,US
49462,CA
49463,GB
49464,US
49465,CA
49466,US
49467,US
49468,DE
49469,DE
49470,DE
49471,GB
49472,DE
49473,GB
49474,GB
49475,US
49476,GB
49477,GB
49478,CA
49479,DE
49480,DE
49481,US
49482,GB
49483,GB
49484,DE
49485,GB
49486,CA
49487,DE
49488,GB
49489,DE
49490,DE
49491,US
49492,US
49493,DE
49494,US
49495,GB
49496,CA
49497,US
49498,CA
49499,GB
49500,GB
49501,GB
49502,CA
49503,DE
49504,CA
49505,CA
49506,CA
49507,US
49508,DE
49509,DE
49510,DE
49511,CA
49512,GB
49513,US
49514,CA
49515,US
49516,CA
49517,CA
49518,DE
49519,CA
49520,DE
49521,CA
49522,GB
49523,DE
49524,CA
49525,GB
49526,DE
49527,GB
49528,DE
49529,CA
49530,CA
49531,GB
49532,DE
49533,US
49534,DE
49535,GB
49536,CA
49537,DE
49538,DE
49539,DE
49540,GB
49541,GB
49542,GB
49543,US
49544,GB
49545,CA
49546,US
49547,CA
49548,US
49549,US
49550,US
49551,CA
49552,CA
49553,CA
49554,GB
49555,US
49556,CA
49557,DE
49558,CA
49559,DE
49560,US
49561,DE
49562,GB
49563,CA
49564,US
49565,GB
49566,CA
49567,CA
49568,US
49569,US
49570,CA
49571,CA
49572,GB
49573,CA
49574,GB
49575,CA
49576,GB
49577,GB
49578,CA
49579,CA
49580,CA
49581,DE
49582,GB
49583,US
49584,DE
49585,CA
49586,GB
49587,DE
49588,CA
49589,CA
49590,CA
49591,DE
49592,GB
49593,GB
49594,US
49595,DE
49596,US
49597,US
49598,DE
49599,CA
49600,GB
49601,CA
49602,CA
49603,CA
49604,DE
49605,US
49606,US
49607,DE
49608,DE
49609,GB
49610,GB
49611,GB
49612,DE
49613,CA
49614,GB
49615,CA
49616,CA
49617,US
49618,CA
49619,DE
49620,GB
49621,DE
49622,CA
49623,DE
49624,GB
49625,US
49626,US
49627,GB
49628,GB
49629,GB
49630,GB
49631,DE
49632,DE
49633,CA
49634,DE
49635,CA
49636,DE
49637,DE
49638,US
49639,DE
49640,CA
49641,DE
49642,DE
49643,US
49644,DE
49645,CA
49646,DE
49647,CA
49648,GB
49649,DE
49650,DE
49651,US
49652,GB
49653,CA
49654,US
49655,CA
49656,DE
49657,US
49658,CA
49659,DE
49660,US
49661,GB
49662,DE
49663,DE
49664,DE
49665,DE
49666,DE
49667,US
49668,US
49669,CA
49670,GB
49671,CA
49672,US
49673,CA
49674,CA
49675,GB
49676,CA
49677,GB
49678,DE
49679,US
49680,GB
49681,US
49682,CA
49683,GB
49684,DE
49685,CA
49686,GB
49687,US
49688,DE
49689,GB
49690,DE
49691,US
49692,US
49693,GB
49694,DE
49695,CA
49696,DE
49697,DE
49698,GB
49699,CA
49700,US
49701,DE
49702,DE
49703,DE
49704,DE
49705,CA
49706,CA
49707,CA
49708,DE
49709,US
49710,GB
49711,DE
49712,GB
49713,GB
49714,US
49715,GB
49716,DE
49717,US
49718,CA
49719,US
49720,GB
49721,CA
49722,CA
49723,GB
49724,US
49725,GB
49726,CA
49727,CA
49728,US
49729,US
49730,CA
49731,CA
49732,GB
49733,CA
49734,DE
49735,GB
49736,GB
49737,GB
49738,GB
49739,US
49740,DE
49741,DE
49742,DE
49743,GB
49744,DE
49745,DE
49746,US
49747,GB
49748,US
49749,US
49750,GB
49751,DE
49752,GB
49753,CA
49754,GB
49755,US
49756,US
49757,US
49758,GB
49759,CA
49760,CA
49761,US
49762,CA
49763,DE
49764,US
49765,CA
49766,DE
49767,US
49768,GB
49769,GB
49770,US
49771,GB
49772,GB
49773,DE
49774,CA
49775,CA
49776,CA
49777,US
49778,US
49779,CA
49780,GB
49781,US
49782,US
49783,US
49784,DE
49785,DE
49786,GB
49787,DE
49788,GB
49789,GB
49790,GB
49791,US
49792,CA
49793,CA
49794,CA
49795,CA
49796,GB
49797,DE
49798,CA
49799,CA
49800,DE
49801,DE
49802,GB
49803,DE
49804,GB
49805,US
49806,DE
49807,DE
49808,DE
49809,GB
49810,DE
49811,US
49812,GB
49813,CA
49814,DE
49815,CA
49816,CA
49817,CA
49818,US
49819,DE
49820,GB
49821,US
49822,GB
49823,DE
49824,DE
49825,US
49826,GB
49827,DE
49828,GB
49829,US
49830,DE
49831,CA
49832,US
49833,DE
49834,CA
49835,DE
49836,DE
49837,CA
49838,GB
49839,DE
49840,US
49841,US
49842,DE
49843,DE
49844,GB
49845,DE
49846,CA
49847,CA
49848,US
49849,GB
49850,GB
49851,CA
49852,US
49853,CA
49854,DE
49855,CA
49856,GB
49857,GB
49858,US
49859,CA
49860,CA
49861,CA
49862,GB
49863,DE
49864,CA
49865,DE
49866,CA
49867,US
49868,GB
49869,US
49870,GB
49871,CA
49872,DE
49873,GB
49874,CA
49875,US
49876,GB
49877,US
49878,US
49879,GB
49880,GB
49881,US
49882,GB
49883,GB
49884,GB
49885,CA
49886,US
49887,DE
49888,DE
49889,US
49890,US
49891,DE
49892,US
49893,DE
49894,DE
49895,GB
49896,GB
49897,GB
49898,CA
49899,CA
49900,CA
49901,GB
49902,CA
49903,CA
49904,DE
49905,GB
49906,CA
49907,DE
49908,DE
49909,GB
49910,DE
49911,CA
49912,CA
49913,GB
49914,DE
49915,CA
49916,GB
49917,DE
49918,CA
49919,GB
49920,DE
49921,US
49922,GB
49923,GB
49924,DE
49925,CA
49926,DE
49927,DE
49928,CA
49929,DE
49930,US
49931,CA
49932,GB
49933,GB
49934,GB
49935,GB
49936,US
49937,CA
49938,US
49939,CA
49940,CA
49941,DE
49942,DE
49943,CA
49944,DE
49945,CA
49946,CA
49947,GB
49948,US
49949,CA
49950,DE
49951,US
49952,DE
49953,GB
49954,US
49955,US
49956,GB
49957,CA
49958,US
49959,CA
49960,GB
49961,CA
49962,CA
49963,US
49964,CA
49965,US
49966,GB
49967,US
49968,US
49969,GB
49970,US
49971,US
49972,US
49973,GB
49974,DE
49975,CA
49976,US
49977,GB
49978,GB
49979,CA
49980,CA
49981,GB
49982,GB
49983,DE
49984,DE
49985,GB
49986,US
49987,CA
49988,GB
49989,US
49990,DE
49991,GB
49992,DE
49993,DE
49994,DE
49995,US
49996,CA
49997,DE
49998,US
49999,CA
50000,CA
